// 自動生成: 内蔵曲 = ボスコニアン(X68000)「Flash Flash Flash」(VGM由来)
// 形式: [dt_lo][dt_hi][addr][data] x N (dtは100us単位, 終端 FF FF FF FF)
// phiM=4MHz 駆動用(ピッチ補正なし・パンそのまま=ステレオ)
#pragma once
#include <stdint.h>
static const uint8_t EMBEDDED_SONG[] = {
  0x00,0x00,0x01,0x00,0x00,0x00,0x0F,0x00,0x00,0x00,0x14,0x00,0x00,0x00,0x18,0x00,
  0x00,0x00,0x19,0x80,0x00,0x00,0x1B,0x00,0x00,0x00,0x19,0x00,0x17,0x00,0x30,0x2C,
  0x00,0x00,0x28,0x28,0x01,0x00,0x31,0x14,0x00,0x00,0x29,0x28,0x02,0x00,0x32,0x14,
  0x00,0x00,0x2A,0x48,0x01,0x00,0x33,0x14,0x00,0x00,0x2B,0x38,0x01,0x00,0x34,0x30,
  0x00,0x00,0x2C,0x38,0x01,0x00,0x35,0xF8,0x01,0x00,0x2D,0x26,0x00,0x00,0x36,0x3C,
  0x01,0x00,0x2E,0x18,0x02,0x00,0x37,0x28,0x00,0x00,0x2F,0x41,0x39,0x2C,0x40,0x70,
  0x00,0x00,0x48,0x30,0x00,0x00,0x50,0x76,0x00,0x00,0x58,0x71,0x00,0x00,0x60,0x21,
  0x01,0x00,0x68,0x28,0x00,0x00,0x70,0x12,0x00,0x00,0x78,0x00,0x01,0x00,0x80,0x1F,
  0x00,0x00,0x88,0x1F,0x00,0x00,0x90,0x95,0x00,0x00,0x98,0x1F,0x00,0x00,0xA0,0x0E,
  0x00,0x00,0xA8,0x05,0x01,0x00,0xB0,0x0F,0x00,0x00,0xB8,0x0C,0x00,0x00,0xC0,0x07,
  0x00,0x00,0xC8,0x06,0x00,0x00,0xD0,0x06,0x01,0x00,0xD8,0x07,0x00,0x00,0xE0,0x28,
  0x00,0x00,0xE8,0x17,0x00,0x00,0xF0,0x47,0x00,0x00,0xF8,0x57,0x01,0x00,0x38,0x00,
  0x01,0x00,0x78,0x02,0x00,0x00,0x20,0xFA,0x01,0x00,0x30,0x14,0x00,0x00,0x28,0x2E,
  0x00,0x00,0x08,0x78,0x02,0x00,0x41,0x31,0x00,0x00,0x49,0x73,0x01,0x00,0x51,0x25,
  0x00,0x00,0x59,0x41,0x00,0x00,0x61,0x29,0x00,0x00,0x69,0x1F,0x00,0x00,0x71,0x27,
  0x01,0x00,0x79,0x00,0x00,0x00,0x81,0x5F,0x00,0x00,0x89,0x1F,0x00,0x00,0x91,0x1F,
  0x00,0x00,0x99,0x1C,0x00,0x00,0xA1,0x08,0x01,0x00,0xA9,0x04,0x00,0x00,0xB1,0x05,
  0x00,0x00,0xB9,0x0A,0x00,0x00,0xC1,0x01,0x01,0x00,0xC9,0x00,0x00,0x00,0xD1,0x02,
  0x00,0x00,0xD9,0x02,0x00,0x00,0xE1,0x25,0x01,0x00,0xE9,0x15,0x00,0x00,0xF1,0x25,
  0x00,0x00,0xF9,0x06,0x00,0x00,0x39,0x00,0x01,0x00,0x79,0x0A,0x01,0x00,0x21,0xBA,
  0x00,0x00,0x29,0x4E,0x01,0x00,0x08,0x79,0x02,0x00,0x42,0x31,0x00,0x00,0x4A,0x73,
  0x00,0x00,0x52,0x25,0x00,0x00,0x5A,0x41,0x00,0x00,0x62,0x29,0x00,0x00,0x6A,0x1F,
  0x01,0x00,0x72,0x27,0x00,0x00,0x7A,0x00,0x00,0x00,0x82,0x5F,0x01,0x00,0x8A,0x1F,
  0x00,0x00,0x92,0x1F,0x00,0x00,0x9A,0x1C,0x00,0x00,0xA2,0x08,0x00,0x00,0xAA,0x04,
  0x00,0x00,0xB2,0x05,0x01,0x00,0xBA,0x0A,0x00,0x00,0xC2,0x01,0x00,0x00,0xCA,0x00,
  0x00,0x00,0xD2,0x02,0x00,0x00,0xDA,0x02,0x01,0x00,0xE2,0x25,0x00,0x00,0xEA,0x15,
  0x00,0x00,0xF2,0x25,0x00,0x00,0xFA,0x06,0x01,0x00,0x3A,0x00,0x01,0x00,0x7A,0x0D,
  0x00,0x00,0x22,0xFA,0x01,0x00,0x08,0x7A,0x02,0x00,0x43,0x31,0x00,0x00,0x4B,0x73,
  0x00,0x00,0x53,0x25,0x00,0x00,0x5B,0x41,0x00,0x00,0x63,0x29,0x01,0x00,0x6B,0x1F,
  0x00,0x00,0x73,0x27,0x00,0x00,0x7B,0x00,0x00,0x00,0x83,0x5F,0x00,0x00,0x8B,0x1F,
  0x01,0x00,0x93,0x1F,0x00,0x00,0x9B,0x1C,0x00,0x00,0xA3,0x08,0x00,0x00,0xAB,0x04,
  0x01,0x00,0xB3,0x05,0x00,0x00,0xBB,0x0A,0x00,0x00,0xC3,0x01,0x00,0x00,0xCB,0x00,
  0x00,0x00,0xD3,0x02,0x00,0x00,0xDB,0x02,0x00,0x00,0xE3,0x25,0x01,0x00,0xEB,0x15,
  0x00,0x00,0xF3,0x25,0x00,0x00,0xFB,0x06,0x01,0x00,0x3B,0x00,0x01,0x00,0x7B,0x0D,
  0x00,0x00,0x23,0xFA,0x01,0x00,0x2B,0x42,0x00,0x00,0x08,0x7B,0x02,0x00,0x44,0x31,
  0x01,0x00,0x4C,0x73,0x00,0x00,0x54,0x25,0x00,0x00,0x5C,0x41,0x00,0x00,0x64,0x29,
  0x00,0x00,0x6C,0x1F,0x01,0x00,0x74,0x27,0x00,0x00,0x7C,0x00,0x00,0x00,0x84,0x5F,
  0x00,0x00,0x8C,0x1F,0x00,0x00,0x94,0x1F,0x01,0x00,0x9C,0x1C,0x00,0x00,0xA4,0x08,
  0x00,0x00,0xAC,0x04,0x00,0x00,0xB4,0x05,0x00,0x00,0xBC,0x0A,0x01,0x00,0xC4,0x01,
  0x00,0x00,0xCC,0x00,0x00,0x00,0xD4,0x02,0x00,0x00,0xDC,0x02,0x00,0x00,0xE4,0x25,
  0x00,0x00,0xEC,0x15,0x01,0x00,0xF4,0x25,0x00,0x00,0xFC,0x06,0x00,0x00,0x3C,0x00,
  0x01,0x00,0x7C,0x0A,0x01,0x00,0x24,0x7A,0x00,0x00,0x34,0x24,0x01,0x00,0x2C,0x4E,
  0x00,0x00,0x08,0x7C,0x02,0x00,0x45,0x43,0x00,0x00,0x4D,0x77,0x01,0x00,0x55,0x4F,
  0x00,0x00,0x5D,0x71,0x00,0x00,0x65,0x0A,0x00,0x00,0x6D,0x17,0x00,0x00,0x75,0x1C,
  0x00,0x00,0x7D,0x00,0x01,0x00,0x85,0x1F,0x00,0x00,0x8D,0x1F,0x00,0x00,0x95,0x12,
  0x00,0x00,0x9D,0x1F,0x00,0x00,0xA5,0x04,0x01,0x00,0xAD,0x04,0x00,0x00,0xB5,0x01,
  0x00,0x00,0xBD,0x0C,0x00,0x00,0xC5,0x01,0x00,0x00,0xCD,0x01,0x01,0x00,0xD5,0x01,
  0x00,0x00,0xDD,0x02,0x00,0x00,0xE5,0x10,0x00,0x00,0xED,0x10,0x00,0x00,0xF5,0x18,
  0x01,0x00,0xFD,0x18,0x00,0x00,0x3D,0x00,0x01,0x00,0x7D,0x0D,0x00,0x00,0x25,0xE8,
  0x01,0x00,0x35,0x20,0x00,0x00,0x2D,0x1E,0x00,0x00,0x08,0x7D,0x03,0x00,0x46,0x78,
  0x00,0x00,0x4E,0x34,0x00,0x00,0x56,0x78,0x00,0x00,0x5E,0x34,0x00,0x00,0x66,0x21,
  0x01,0x00,0x6E,0x18,0x00,0x00,0x76,0x04,0x00,0x00,0x7E,0x00,0x00,0x00,0x86,0x1F,
  0x00,0x00,0x8E,0x1F,0x00,0x00,0x96,0x1F,0x00,0x00,0x9E,0x1F,0x01,0x00,0xA6,0x00,
  0x00,0x00,0xAE,0x00,0x00,0x00,0xB6,0x0A,0x01,0x00,0xBE,0x0A,0x00,0x00,0xC6,0x00,
  0x00,0x00,0xCE,0x00,0x00,0x00,0xD6,0x00,0x00,0x00,0xDE,0x00,0x00,0x00,0xE6,0x00,
  0x00,0x00,0xEE,0x00,0x01,0x00,0xF6,0x16,0x00,0x00,0xFE,0x16,0x01,0x00,0x3E,0x00,
  0x00,0x00,0x76,0x11,0x01,0x00,0x7E,0x0D,0x00,0x00,0x26,0xFC,0x01,0x00,0x36,0x14,
  0x00,0x00,0x2E,0x1E,0x00,0x00,0x08,0x7E,0x01,0x00,0x47,0x22,0x01,0x00,0x4F,0xA7,
  0x00,0x00,0x57,0x94,0x00,0x00,0x5F,0xB2,0x00,0x00,0x67,0x29,0x00,0x00,0x6F,0x18,
  0x01,0x00,0x77,0x15,0x00,0x00,0x7F,0x00,0x00,0x00,0x87,0x1A,0x00,0x00,0x8F,0x1F,
  0x00,0x00,0x97,0x1A,0x00,0x00,0x9F,0x1A,0x01,0x00,0xA7,0x00,0x00,0x00,0xAF,0x12,
  0x00,0x00,0xB7,0x04,0x00,0x00,0xBF,0x12,0x00,0x00,0xC7,0x40,0x01,0x00,0xCF,0x83,
  0x00,0x00,0xD7,0xC0,0x00,0x00,0xDF,0x0A,0x00,0x00,0xE7,0x02,0x00,0x00,0xEF,0x36,
  0x01,0x00,0xF7,0x22,0x00,0x00,0xFF,0x18,0x00,0x00,0x3F,0x00,0x01,0x00,0x7F,0x0A,
  0x01,0x00,0x27,0xFB,0x00,0x00,0x37,0x14,0x00,0x00,0x2F,0x3C,0x01,0x00,0x08,0x7F,
  0x7A,0x02,0x08,0x06,0x02,0x00,0x2E,0x22,0x00,0x00,0x08,0x7E,0x5D,0x01,0x08,0x00,
  0x63,0x01,0x08,0x78,0x02,0x00,0x08,0x06,0x02,0x00,0x2E,0x28,0x00,0x00,0x08,0x7E,
  0xC0,0x02,0x08,0x06,0x01,0x00,0x2E,0x2E,0x00,0x00,0x08,0x7E,0x5D,0x01,0x08,0x00,
  0x63,0x01,0x08,0x78,0x02,0x00,0x08,0x06,0x02,0x00,0x2E,0x1E,0x01,0x00,0x08,0x7E,
  0x00,0x00,0x08,0x07,0x01,0x00,0x08,0x7F,0xBE,0x02,0x08,0x06,0x01,0x00,0x2E,0x22,
  0x01,0x00,0x08,0x7E,0x5C,0x01,0x08,0x00,0x63,0x01,0x08,0x78,0x03,0x00,0x08,0x06,
  0x01,0x00,0x2E,0x28,0x01,0x00,0x08,0x7E,0xBF,0x02,0x08,0x06,0x01,0x00,0x2E,0x2E,
  0x00,0x00,0x08,0x7E,0x5D,0x01,0x08,0x00,0x63,0x01,0x08,0x78,0x03,0x00,0x08,0x06,
  0x02,0x00,0x2E,0x1E,0x00,0x00,0x08,0x7E,0x00,0x00,0x08,0x07,0x02,0x00,0x08,0x7F,
  0xBD,0x02,0x08,0x06,0x02,0x00,0x2E,0x22,0x00,0x00,0x08,0x7E,0x5D,0x01,0x08,0x00,
  0x62,0x01,0x08,0x78,0x03,0x00,0x08,0x06,0x02,0x00,0x2E,0x28,0x00,0x00,0x08,0x7E,
  0xBF,0x02,0x08,0x06,0x02,0x00,0x2E,0x2E,0x00,0x00,0x08,0x7E,0x5D,0x01,0x08,0x00,
  0x62,0x01,0x08,0x78,0x07,0x00,0x08,0x06,0x02,0x00,0x2E,0x1E,0x00,0x00,0x08,0x7E,
  0x00,0x00,0x08,0x07,0xBB,0x02,0x08,0x06,0x02,0x00,0x2E,0x22,0x00,0x00,0x08,0x7E,
  0x5D,0x01,0x08,0x00,0x76,0x00,0x08,0x01,0x01,0x00,0x08,0x02,0x01,0x00,0x08,0x03,
  0x00,0x00,0x08,0x04,0xEB,0x00,0x28,0x32,0x00,0x00,0x08,0x78,0x02,0x00,0x29,0x52,
  0x00,0x00,0x08,0x79,0x02,0x00,0x2A,0x4C,0x00,0x00,0x08,0x7A,0x02,0x00,0x2B,0x48,
  0x00,0x00,0x08,0x7B,0x02,0x00,0x2C,0x52,0x00,0x00,0x08,0x7C,0x01,0x00,0x08,0x05,
  0x01,0x00,0x2D,0x22,0x01,0x00,0x08,0x7D,0x00,0x00,0x08,0x06,0x02,0x00,0x08,0x7E,
  0xB6,0x02,0x08,0x06,0x02,0x00,0x2E,0x28,0x01,0x00,0x08,0x7E,0xC0,0x02,0x08,0x06,
  0x01,0x00,0x2E,0x2C,0x01,0x00,0x08,0x7E,0xBE,0x02,0x08,0x00,0x03,0x00,0x08,0x06,
  0x01,0x00,0x2E,0x32,0x01,0x00,0x08,0x7E,0xBF,0x02,0x08,0x78,0x02,0x00,0x08,0x06,
  0x02,0x00,0x2E,0x22,0x00,0x00,0x08,0x7E,0xC0,0x02,0x08,0x06,0x01,0x00,0x2E,0x28,
  0x01,0x00,0x08,0x7E,0x5C,0x01,0x08,0x00,0x63,0x01,0x08,0x78,0x02,0x00,0x08,0x06,
  0x02,0x00,0x2E,0x2C,0x00,0x00,0x08,0x7E,0x02,0x00,0x08,0x7F,0xBE,0x02,0x08,0x06,
  0x01,0x00,0x2E,0x32,0x01,0x00,0x08,0x7E,0x5C,0x01,0x08,0x00,0x63,0x01,0x08,0x78,
  0x03,0x00,0x08,0x06,0x01,0x00,0x2E,0x22,0x01,0x00,0x08,0x7E,0xBF,0x02,0x08,0x06,
  0x02,0x00,0x2E,0x28,0x00,0x00,0x08,0x7E,0x5C,0x01,0x08,0x00,0x63,0x01,0x08,0x78,
  0x03,0x00,0x08,0x06,0x01,0x00,0x2E,0x2C,0x01,0x00,0x08,0x7E,0x00,0x00,0x08,0x07,
  0x01,0x00,0x08,0x7F,0xBE,0x02,0x08,0x06,0x02,0x00,0x2E,0x32,0x00,0x00,0x08,0x7E,
  0x5D,0x01,0x08,0x00,0x62,0x01,0x08,0x78,0x02,0x00,0x08,0x06,0x03,0x00,0x2E,0x22,
  0x00,0x00,0x08,0x7E,0xBF,0x02,0x08,0x06,0x02,0x00,0x2E,0x28,0x00,0x00,0x08,0x7E,
  0x5C,0x01,0x08,0x00,0x63,0x01,0x08,0x78,0x01,0x00,0x08,0x01,0x00,0x00,0x08,0x02,
  0x01,0x00,0x08,0x03,0x01,0x00,0x08,0x04,0x01,0x00,0x08,0x06,0x02,0x00,0x2E,0x2C,
  0x00,0x00,0x08,0x7E,0x00,0x00,0x08,0x07,0xBE,0x02,0x08,0x06,0x02,0x00,0x2E,0x32,
  0x00,0x00,0x08,0x7E,0x5D,0x01,0x08,0x00,0x62,0x01,0x28,0x35,0x01,0x00,0x08,0x78,
  0x01,0x00,0x29,0x55,0x01,0x00,0x08,0x79,0x01,0x00,0x2A,0x4E,0x01,0x00,0x08,0x7A,
  0x02,0x00,0x2B,0x4A,0x00,0x00,0x08,0x7B,0x01,0x00,0x2C,0x55,0x01,0x00,0x08,0x7C,
  0x00,0x00,0x08,0x05,0x02,0x00,0x2D,0x25,0x00,0x00,0x08,0x7D,0x01,0x00,0x08,0x06,
  0x02,0x00,0x2E,0x25,0x00,0x00,0x08,0x7E,0xB6,0x02,0x08,0x06,0x02,0x00,0x2E,0x2A,
  0x00,0x00,0x08,0x7E,0xC1,0x02,0x08,0x06,0x01,0x00,0x2E,0x2E,0x01,0x00,0x08,0x7E,
  0xBE,0x02,0x08,0x00,0x03,0x00,0x08,0x06,0x01,0x00,0x2E,0x35,0x01,0x00,0x08,0x7E,
  0xBF,0x02,0x08,0x78,0x02,0x00,0x08,0x06,0x02,0x00,0x2E,0x25,0x00,0x00,0x08,0x7E,
  0xC0,0x02,0x08,0x06,0x01,0x00,0x2E,0x2A,0x01,0x00,0x08,0x7E,0x5C,0x01,0x08,0x00,
  0x63,0x01,0x08,0x78,0x02,0x00,0x08,0x06,0x02,0x00,0x2E,0x2E,0x00,0x00,0x08,0x7E,
  0x02,0x00,0x08,0x7F,0xBE,0x02,0x08,0x06,0x01,0x00,0x2E,0x35,0x01,0x00,0x08,0x7E,
  0x5C,0x01,0x08,0x00,0x63,0x01,0x08,0x78,0x02,0x00,0x08,0x06,0x02,0x00,0x2E,0x25,
  0x01,0x00,0x08,0x7E,0xBF,0x02,0x08,0x06,0x01,0x00,0x2E,0x2A,0x01,0x00,0x08,0x7E,
  0x5C,0x01,0x08,0x00,0x63,0x01,0x08,0x78,0x03,0x00,0x08,0x06,0x01,0x00,0x2E,0x2E,
  0x01,0x00,0x08,0x7E,0x00,0x00,0x08,0x07,0x01,0x00,0x08,0x7F,0xBE,0x02,0x08,0x06,
  0x02,0x00,0x2E,0x35,0x00,0x00,0x08,0x7E,0x5D,0x01,0x08,0x00,0x62,0x01,0x08,0x78,
  0x03,0x00,0x08,0x06,0x02,0x00,0x2E,0x25,0x00,0x00,0x08,0x7E,0xBF,0x02,0x08,0x06,
  0x02,0x00,0x2E,0x2A,0x00,0x00,0x08,0x7E,0x5C,0x01,0x08,0x00,0x63,0x01,0x08,0x78,
  0x01,0x00,0x08,0x01,0x00,0x00,0x08,0x02,0x01,0x00,0x08,0x03,0x01,0x00,0x08,0x04,
  0x01,0x00,0x08,0x06,0x02,0x00,0x2E,0x2E,0x00,0x00,0x08,0x7E,0x00,0x00,0x08,0x07,
  0xBE,0x02,0x08,0x06,0x02,0x00,0x2E,0x35,0x00,0x00,0x08,0x7E,0x5D,0x01,0x08,0x00,
  0x62,0x01,0x28,0x39,0x01,0x00,0x08,0x78,0x01,0x00,0x29,0x59,0x01,0x00,0x08,0x79,
  0x01,0x00,0x2A,0x52,0x01,0x00,0x08,0x7A,0x02,0x00,0x2B,0x4E,0x00,0x00,0x08,0x7B,
  0x02,0x00,0x2C,0x59,0x00,0x00,0x08,0x7C,0x00,0x00,0x08,0x05,0x02,0x00,0x2D,0x29,
  0x00,0x00,0x08,0x7D,0x01,0x00,0x08,0x06,0x02,0x00,0x2E,0x1E,0x00,0x00,0x08,0x7E,
  0xB6,0x02,0x08,0x06,0x02,0x00,0x2E,0x22,0x00,0x00,0x08,0x7E,0xC1,0x02,0x08,0x06,
  0x02,0x00,0x2E,0x29,0x00,0x00,0x08,0x7E,0xBE,0x02,0x08,0x00,0x03,0x00,0x08,0x06,
  0x01,0x00,0x2E,0x2E,0x01,0x00,0x08,0x7E,0xBE,0x02,0x08,0x78,0x03,0x00,0x08,0x06,
  0x02,0x00,0x2E,0x1E,0x00,0x00,0x08,0x7E,0x02,0x00,0x08,0x7F,0xBE,0x02,0x08,0x06,
  0x01,0x00,0x2E,0x22,0x00,0x00,0x08,0x7E,0x5D,0x01,0x08,0x00,0x63,0x01,0x08,0x78,
  0x02,0x00,0x08,0x06,0x02,0x00,0x2E,0x29,0x00,0x00,0x08,0x7E,0x01,0x00,0x08,0x07,
  0x01,0x00,0x08,0x7F,0xBB,0x02,0x08,0x01,0x01,0x00,0x08,0x02,0x01,0x00,0x08,0x03,
  0x01,0x00,0x08,0x04,0x01,0x00,0x08,0x06,0x01,0x00,0x2E,0x2E,0x01,0x00,0x08,0x7E,
  0x5B,0x01,0x08,0x00,0x63,0x01,0x28,0x38,0x00,0x00,0x08,0x78,0x02,0x00,0x29,0x58,
  0x00,0x00,0x08,0x79,0x02,0x00,0x2A,0x51,0x01,0x00,0x08,0x7A,0x01,0x00,0x2B,0x4D,
  0x01,0x00,0x08,0x7B,0x02,0x00,0x2C,0x58,0x00,0x00,0x08,0x7C,0x00,0x00,0x08,0x05,
  0x02,0x00,0x2D,0x28,0x00,0x00,0x08,0x7D,0x01,0x00,0x08,0x06,0x02,0x00,0x2E,0x28,
  0x00,0x00,0x08,0x7E,0x00,0x00,0x08,0x07,0xB6,0x02,0x08,0x06,0x01,0x00,0x2E,0x2D,
  0x01,0x00,0x08,0x7E,0xC4,0x02,0x08,0x06,0x02,0x00,0x2E,0x31,0x00,0x00,0x08,0x7E,
  0xBA,0x02,0x08,0x00,0x03,0x00,0x08,0x06,0x02,0x00,0x2E,0x38,0x00,0x00,0x08,0x7E,
  0xBF,0x02,0x08,0x78,0x03,0x00,0x08,0x06,0x02,0x00,0x2E,0x28,0x00,0x00,0x08,0x7E,
  0x02,0x00,0x08,0x7F,0xBD,0x02,0x08,0x06,0x01,0x00,0x2E,0x2D,0x01,0x00,0x08,0x7E,
  0x5D,0x01,0x08,0x00,0x62,0x01,0x08,0x78,0x03,0x00,0x08,0x06,0x01,0x00,0x2E,0x31,
  0x01,0x00,0x08,0x7E,0x00,0x00,0x08,0x07,0x02,0x00,0x08,0x7F,0xBD,0x02,0x08,0x06,
  0x02,0x00,0x2E,0x38,0x00,0x00,0x08,0x7E,0x5D,0x01,0x08,0x00,0x62,0x01,0x08,0x78,
  0x03,0x00,0x08,0x06,0x02,0x00,0x2E,0x28,0x00,0x00,0x08,0x7E,0x00,0x00,0x08,0x07,
  0x02,0x00,0x08,0x7F,0xBB,0x02,0x08,0x01,0x01,0x00,0x08,0x02,0x00,0x00,0x08,0x03,
  0x01,0x00,0x08,0x04,0x01,0x00,0x08,0x06,0x02,0x00,0x2E,0x2D,0x00,0x00,0x08,0x7E,
  0x5C,0x01,0x08,0x00,0x62,0x01,0x28,0x2E,0x01,0x00,0x08,0x78,0x01,0x00,0x29,0x4E,
  0x01,0x00,0x08,0x79,0x02,0x00,0x2A,0x48,0x00,0x00,0x08,0x7A,0x02,0x00,0x2B,0x42,
  0x00,0x00,0x08,0x7B,0x02,0x00,0x2C,0x4E,0x00,0x00,0x08,0x7C,0x00,0x00,0x08,0x05,
  0x02,0x00,0x45,0x78,0x00,0x00,0x4D,0x34,0x00,0x00,0x55,0x78,0x01,0x00,0x5D,0x34,
  0x00,0x00,0x65,0x21,0x00,0x00,0x6D,0x18,0x00,0x00,0x75,0x04,0x00,0x00,0x7D,0x00,
  0x01,0x00,0x95,0x1F,0x00,0x00,0xA5,0x00,0x00,0x00,0xAD,0x00,0x01,0x00,0xB5,0x0A,
  0x00,0x00,0xBD,0x0A,0x00,0x00,0xC5,0x00,0x00,0x00,0xCD,0x00,0x00,0x00,0xD5,0x00,
  0x01,0x00,0xDD,0x00,0x00,0x00,0xE5,0x00,0x00,0x00,0xED,0x00,0x00,0x00,0xF5,0x16,
  0x00,0x00,0xFD,0x16,0x02,0x00,0x75,0x11,0x00,0x00,0x7D,0x0D,0x00,0x00,0x25,0xFC,
  0x01,0x00,0x2D,0x1E,0x00,0x00,0x08,0x7D,0x01,0x00,0x08,0x06,0x00,0x00,0x08,0x07,
  0x87,0x04,0x08,0x01,0x01,0x00,0x08,0x02,0x00,0x00,0x08,0x03,0x01,0x00,0x08,0x04,
  0xEA,0x00,0x29,0x58,0x00,0x00,0x08,0x79,0x02,0x00,0x2A,0x52,0x01,0x00,0x08,0x7A,
  0x01,0x00,0x2B,0x4E,0x00,0x00,0x08,0x7B,0x02,0x00,0x2C,0x58,0x01,0x00,0x08,0x7C,
  0x00,0x00,0x08,0x05,0x02,0x00,0x2D,0x28,0x00,0x00,0x08,0x7D,0x02,0x00,0x47,0x00,
  0x00,0x00,0x4F,0x70,0x00,0x00,0x57,0x0E,0x00,0x00,0x5F,0x00,0x01,0x00,0x67,0x07,
  0x00,0x00,0x6F,0x13,0x00,0x00,0x77,0x0E,0x00,0x00,0x7F,0x02,0x00,0x00,0x87,0x1F,
  0x01,0x00,0x97,0x1F,0x00,0x00,0x9F,0x1F,0x00,0x00,0xA7,0x01,0x00,0x00,0xAF,0x16,
  0x01,0x00,0xB7,0x0D,0x00,0x00,0xBF,0x14,0x00,0x00,0xC7,0xC0,0x00,0x00,0xCF,0x07,
  0x00,0x00,0xD7,0x4F,0x01,0x00,0xDF,0x54,0x00,0x00,0xE7,0xC5,0x00,0x00,0xEF,0x68,
  0x00,0x00,0xF7,0xFA,0x00,0x00,0xFF,0xF8,0x02,0x00,0x77,0x10,0x00,0x00,0x7F,0x04,
  0x00,0x00,0x27,0xF4,0x01,0x00,0x2F,0x6C,0x00,0x00,0x08,0x7F,0xAF,0x02,0x08,0x00,
  0xD7,0x01,0x08,0x01,0x01,0x00,0x08,0x02,0x01,0x00,0x08,0x03,0x00,0x00,0x08,0x04,
  0xEB,0x00,0x29,0x55,0x01,0x00,0x08,0x79,0x01,0x00,0x2A,0x51,0x01,0x00,0x08,0x7A,
  0x01,0x00,0x2B,0x4C,0x00,0x00,0x08,0x7B,0x03,0x00,0x2C,0x55,0x00,0x00,0x08,0x7C,
  0x00,0x00,0x08,0x05,0x02,0x00,0x2D,0x25,0x00,0x00,0x08,0x7D,0x01,0x00,0x08,0x07,
  0x02,0x00,0x08,0x7F,0x8C,0x04,0x08,0x01,0x01,0x00,0x08,0x02,0x01,0x00,0x08,0x03,
  0x01,0x00,0x08,0x04,0xEB,0x00,0x29,0x52,0x00,0x00,0x08,0x79,0x01,0x00,0x2A,0x4E,
  0x01,0x00,0x08,0x7A,0x02,0x00,0x2B,0x49,0x00,0x00,0x08,0x7B,0x02,0x00,0x2C,0x52,
  0x00,0x00,0x08,0x7C,0x01,0x00,0x08,0x05,0x01,0x00,0x2D,0x22,0x00,0x00,0x08,0x7D,
  0x02,0x00,0x08,0x07,0x01,0x00,0x08,0x7F,0x8C,0x04,0x08,0x01,0x01,0x00,0x08,0x02,
  0x01,0x00,0x08,0x03,0x01,0x00,0x08,0x04,0xEA,0x00,0x29,0x51,0x01,0x00,0x08,0x79,
  0x02,0x00,0x2A,0x4C,0x00,0x00,0x08,0x7A,0x02,0x00,0x2B,0x48,0x00,0x00,0x08,0x7B,
  0x02,0x00,0x2C,0x51,0x00,0x00,0x08,0x7C,0x01,0x00,0x08,0x05,0x01,0x00,0x2D,0x21,
  0x00,0x00,0x08,0x7D,0x02,0x00,0x08,0x07,0x01,0x00,0x08,0x7F,0x8D,0x04,0x08,0x01,
  0x00,0x00,0x08,0x02,0x01,0x00,0x08,0x03,0x01,0x00,0x08,0x04,0xEB,0x00,0x29,0x4E,
  0x00,0x00,0x08,0x79,0x02,0x00,0x2A,0x49,0x00,0x00,0x08,0x7A,0x02,0x00,0x2B,0x45,
  0x00,0x00,0x08,0x7B,0x02,0x00,0x2C,0x4E,0x00,0x00,0x08,0x7C,0x01,0x00,0x08,0x05,
  0x01,0x00,0x2D,0x1E,0x01,0x00,0x08,0x7D,0x01,0x00,0x08,0x07,0x01,0x00,0x08,0x7F,
  0x8D,0x04,0x08,0x01,0x01,0x00,0x08,0x02,0x00,0x00,0x08,0x03,0x01,0x00,0x08,0x04,
  0xEA,0x00,0x28,0x2C,0x00,0x00,0x08,0x78,0x02,0x00,0x29,0x4C,0x01,0x00,0x08,0x79,
  0x01,0x00,0x2A,0x48,0x01,0x00,0x08,0x7A,0x01,0x00,0x2B,0x42,0x01,0x00,0x08,0x7B,
  0x01,0x00,0x2C,0x4C,0x01,0x00,0x08,0x7C,0x00,0x00,0x08,0x05,0x02,0x00,0x2D,0x1C,
  0x00,0x00,0x08,0x7D,0x01,0x00,0x08,0x07,0x17,0x04,0x08,0x00,0x76,0x00,0x08,0x01,
  0x01,0x00,0x08,0x02,0x00,0x00,0x08,0x03,0x01,0x00,0x08,0x04,0xEA,0x00,0x28,0x2E,
  0x01,0x00,0x08,0x78,0x01,0x00,0x29,0x4E,0x01,0x00,0x08,0x79,0x02,0x00,0x08,0x7A,
  0x01,0x00,0x08,0x7B,0x02,0x00,0x2C,0x4E,0x01,0x00,0x08,0x7C,0x00,0x00,0x08,0x05,
  0x02,0x00,0x2D,0x1E,0x00,0x00,0x08,0x7D,0x82,0x05,0x08,0x7F,0xBA,0x02,0x08,0x00,
  0xD7,0x01,0x08,0x01,0x01,0x00,0x08,0x02,0x01,0x00,0x08,0x03,0x00,0x00,0x08,0x04,
  0xEB,0x00,0x29,0x58,0x00,0x00,0x08,0x79,0x02,0x00,0x2A,0x52,0x01,0x00,0x08,0x7A,
  0x01,0x00,0x2B,0x4E,0x01,0x00,0x08,0x7B,0x01,0x00,0x2C,0x58,0x01,0x00,0x08,0x7C,
  0x00,0x00,0x08,0x05,0x02,0x00,0x2D,0x28,0x00,0x00,0x08,0x7D,0x01,0x00,0x08,0x07,
  0x02,0x00,0x08,0x7F,0x8C,0x04,0x08,0x01,0x01,0x00,0x08,0x02,0x01,0x00,0x08,0x03,
  0x00,0x00,0x08,0x04,0xEB,0x00,0x29,0x55,0x01,0x00,0x08,0x79,0x01,0x00,0x2A,0x51,
  0x01,0x00,0x08,0x7A,0x01,0x00,0x2B,0x4C,0x01,0x00,0x08,0x7B,0x02,0x00,0x2C,0x55,
  0x00,0x00,0x08,0x7C,0x00,0x00,0x08,0x05,0x02,0x00,0x2D,0x25,0x00,0x00,0x08,0x7D,
  0x01,0x00,0x08,0x07,0x02,0x00,0x08,0x7F,0x8C,0x04,0x08,0x01,0x01,0x00,0x08,0x02,
  0x01,0x00,0x08,0x03,0x01,0x00,0x08,0x04,0xEA,0x00,0x29,0x52,0x01,0x00,0x08,0x79,
  0x02,0x00,0x2A,0x4E,0x00,0x00,0x08,0x7A,0x02,0x00,0x2B,0x49,0x00,0x00,0x08,0x7B,
  0x01,0x00,0x2C,0x52,0x01,0x00,0x08,0x7C,0x00,0x00,0x08,0x05,0x02,0x00,0x2D,0x22,
  0x00,0x00,0x08,0x7D,0x02,0x00,0x08,0x07,0x01,0x00,0x08,0x7F,0x8C,0x04,0x08,0x01,
  0x01,0x00,0x08,0x02,0x01,0x00,0x08,0x03,0x01,0x00,0x08,0x04,0xEB,0x00,0x29,0x51,
  0x00,0x00,0x08,0x79,0x02,0x00,0x2A,0x4C,0x00,0x00,0x08,0x7A,0x02,0x00,0x2B,0x48,
  0x00,0x00,0x08,0x7B,0x02,0x00,0x2C,0x51,0x00,0x00,0x08,0x7C,0x01,0x00,0x08,0x05,
  0x01,0x00,0x2D,0x21,0x00,0x00,0x08,0x7D,0x02,0x00,0x08,0x07,0x01,0x00,0x08,0x7F,
  0x8D,0x04,0x08,0x01,0x00,0x00,0x08,0x02,0x01,0x00,0x08,0x03,0x01,0x00,0x08,0x04,
  0xEB,0x00,0x29,0x4E,0x00,0x00,0x08,0x79,0x02,0x00,0x2A,0x49,0x00,0x00,0x08,0x7A,
  0x02,0x00,0x2B,0x45,0x00,0x00,0x08,0x7B,0x02,0x00,0x2C,0x4E,0x00,0x00,0x08,0x7C,
  0x01,0x00,0x08,0x05,0x01,0x00,0x2D,0x1E,0x01,0x00,0x08,0x7D,0x01,0x00,0x08,0x07,
  0x01,0x00,0x08,0x7F,0x8D,0x04,0x08,0x01,0x00,0x00,0x08,0x02,0x01,0x00,0x08,0x03,
  0x01,0x00,0x08,0x04,0xEA,0x00,0x28,0x2C,0x01,0x00,0x08,0x78,0x01,0x00,0x29,0x4C,
  0x00,0x00,0x08,0x79,0x02,0x00,0x2A,0x48,0x01,0x00,0x08,0x7A,0x01,0x00,0x2B,0x42,
  0x00,0x00,0x08,0x7B,0x02,0x00,0x2C,0x4C,0x00,0x00,0x08,0x7C,0x01,0x00,0x08,0x05,
  0x02,0x00,0x2D,0x1C,0x00,0x00,0x08,0x7D,0x01,0x00,0x08,0x07,0x17,0x04,0x08,0x00,
  0x76,0x00,0x08,0x01,0x01,0x00,0x08,0x02,0x00,0x00,0x08,0x03,0x01,0x00,0x08,0x04,
  0xEA,0x00,0x28,0x2E,0x01,0x00,0x08,0x78,0x02,0x00,0x29,0x4E,0x00,0x00,0x08,0x79,
  0x02,0x00,0x08,0x7A,0x02,0x00,0x08,0x7B,0x02,0x00,0x2C,0x4E,0x00,0x00,0x08,0x7C,
  0x00,0x00,0x08,0x05,0x02,0x00,0x2D,0x1E,0x00,0x00,0x08,0x7D,0x82,0x05,0x08,0x7F,
  0x1B,0x04,0x30,0xD4,0x00,0x00,0x28,0x2C,0x76,0x00,0x30,0x94,0x00,0x00,0x28,0x2A,
  0x00,0x00,0x08,0x01,0x01,0x00,0x08,0x02,0x01,0x00,0x08,0x03,0x01,0x00,0x08,0x04,
  0x73,0x00,0x30,0x54,0x00,0x00,0x28,0x29,0x76,0x00,0x30,0x14,0x00,0x00,0x28,0x28,
  0x02,0x00,0x29,0x58,0x00,0x00,0x08,0x79,0x02,0x00,0x2A,0x52,0x00,0x00,0x08,0x7A,
  0x02,0x00,0x2B,0x4E,0x01,0x00,0x08,0x7B,0x01,0x00,0x2C,0x58,0x00,0x00,0x08,0x7C,
  0x01,0x00,0x08,0x05,0x02,0x00,0x2D,0x28,0x00,0x00,0x08,0x7D,0x01,0x00,0x08,0x07,
  0x02,0x00,0x08,0x7F,0xC8,0x01,0x08,0x00,0xC3,0x02,0x08,0x01,0x01,0x00,0x08,0x02,
  0x01,0x00,0x08,0x03,0x00,0x00,0x08,0x04,0xEB,0x00,0x29,0x55,0x00,0x00,0x08,0x79,
  0x02,0x00,0x2A,0x51,0x01,0x00,0x08,0x7A,0x01,0x00,0x2B,0x4C,0x01,0x00,0x08,0x7B,
  0x02,0x00,0x2C,0x55,0x00,0x00,0x08,0x7C,0x00,0x00,0x08,0x05,0x02,0x00,0x2D,0x25,
  0x00,0x00,0x08,0x7D,0x01,0x00,0x08,0x07,0x01,0x00,0x08,0x7F,0x8D,0x04,0x08,0x01,
  0x01,0x00,0x08,0x02,0x01,0x00,0x08,0x03,0x01,0x00,0x08,0x04,0xEA,0x00,0x29,0x52,
  0x01,0x00,0x08,0x79,0x02,0x00,0x2A,0x4E,0x00,0x00,0x08,0x7A,0x01,0x00,0x2B,0x49,
  0x01,0x00,0x08,0x7B,0x02,0x00,0x2C,0x52,0x00,0x00,0x08,0x7C,0x00,0x00,0x08,0x05,
  0x02,0x00,0x2D,0x22,0x00,0x00,0x08,0x7D,0x02,0x00,0x08,0x07,0x01,0x00,0x08,0x7F,
  0x8D,0x04,0x08,0x01,0x00,0x00,0x08,0x02,0x01,0x00,0x08,0x03,0x01,0x00,0x08,0x04,
  0xEB,0x00,0x29,0x51,0x00,0x00,0x08,0x79,0x02,0x00,0x2A,0x4C,0x00,0x00,0x08,0x7A,
  0x02,0x00,0x2B,0x48,0x00,0x00,0x08,0x7B,0x02,0x00,0x2C,0x51,0x00,0x00,0x08,0x7C,
  0x00,0x00,0x08,0x05,0x02,0x00,0x2D,0x21,0x01,0x00,0x08,0x7D,0x00,0x00,0x08,0x07,
  0x02,0x00,0x08,0x7F,0x8D,0x04,0x08,0x01,0x00,0x00,0x08,0x02,0x01,0x00,0x08,0x03,
  0x01,0x00,0x08,0x04,0xEB,0x00,0x29,0x4E,0x00,0x00,0x08,0x79,0x02,0x00,0x2A,0x49,
  0x00,0x00,0x08,0x7A,0x02,0x00,0x2B,0x45,0x00,0x00,0x08,0x7B,0x02,0x00,0x2C,0x4E,
  0x00,0x00,0x08,0x7C,0x01,0x00,0x08,0x05,0x01,0x00,0x2D,0x1E,0x00,0x00,0x08,0x7D,
  0x02,0x00,0x08,0x07,0x01,0x00,0x08,0x7F,0x8D,0x04,0x08,0x01,0x00,0x00,0x08,0x02,
  0x01,0x00,0x08,0x03,0x01,0x00,0x08,0x04,0xEB,0x00,0x29,0x4C,0x00,0x00,0x08,0x79,
  0x02,0x00,0x2A,0x48,0x00,0x00,0x08,0x7A,0x02,0x00,0x2B,0x42,0x00,0x00,0x08,0x7B,
  0x02,0x00,0x2C,0x4C,0x00,0x00,0x08,0x7C,0x01,0x00,0x08,0x05,0x01,0x00,0x2D,0x1C,
  0x01,0x00,0x08,0x7D,0x01,0x00,0x08,0x07,0x01,0x00,0x08,0x7F,0x8D,0x04,0x08,0x01,
  0x01,0x00,0x08,0x02,0x00,0x00,0x08,0x03,0x01,0x00,0x08,0x04,0xEA,0x00,0x08,0x78,
  0x02,0x00,0x29,0x4E,0x00,0x00,0x08,0x79,0x02,0x00,0x08,0x7A,0x01,0x00,0x2B,0x41,
  0x01,0x00,0x08,0x7B,0x02,0x00,0x2C,0x4E,0x00,0x00,0x08,0x7C,0x00,0x00,0x08,0x05,
  0x02,0x00,0x75,0x0E,0x00,0x00,0x7D,0x0A,0x01,0x00,0x2D,0x28,0x00,0x00,0x08,0x7D,
  0x02,0x00,0x2E,0x2E,0x01,0x00,0x08,0x7E,0x00,0x00,0x08,0x07,0x3B,0x08,0x08,0x05,
  0x01,0x00,0x2D,0x31,0x01,0x00,0x08,0x7D,0x5D,0x01,0x08,0x00,0x62,0x01,0x08,0x78,
  0x03,0x00,0x08,0x05,0x01,0x00,0x2D,0x38,0x01,0x00,0x08,0x7D,0xBF,0x02,0x08,0x05,
  0x02,0x00,0x2D,0x3E,0x00,0x00,0x08,0x7D,0x5D,0x01,0x08,0x00,0x62,0x01,0x08,0x78,
  0x03,0x00,0x08,0x05,0x02,0x00,0x2D,0x28,0x00,0x00,0x08,0x7D,0xBD,0x02,0x08,0x01,
  0x01,0x00,0x08,0x02,0x01,0x00,0x08,0x03,0x00,0x00,0x08,0x04,0x01,0x00,0x08,0x05,
  0x02,0x00,0x2D,0x31,0x00,0x00,0x08,0x7D,0x5C,0x01,0x08,0x00,0x63,0x01,0x08,0x78,
  0x02,0x00,0x29,0x4D,0x00,0x00,0x08,0x79,0x02,0x00,0x08,0x7A,0x01,0x00,0x08,0x7B,
  0x02,0x00,0x2C,0x4D,0x01,0x00,0x08,0x7C,0x00,0x00,0x08,0x05,0x02,0x00,0x2D,0x38,
  0x00,0x00,0x08,0x7D,0x01,0x00,0x08,0x06,0x01,0x00,0x2E,0x2D,0x00,0x00,0x08,0x7E,
  0xB7,0x02,0x08,0x05,0x02,0x00,0x2D,0x3E,0x00,0x00,0x08,0x7D,0xC5,0x02,0x08,0x05,
  0x01,0x00,0x75,0x0C,0x01,0x00,0x7D,0x08,0x00,0x00,0x25,0x7C,0x00,0x00,0x2D,0x28,
  0x01,0x00,0x08,0x7D,0xBB,0x02,0x08,0x05,0x02,0x00,0x2D,0x31,0x00,0x00,0x08,0x7D,
  0x5D,0x01,0x08,0x00,0x63,0x01,0x08,0x78,0x02,0x00,0x08,0x05,0x02,0x00,0x2D,0x38,
  0x00,0x00,0x08,0x7D,0xBF,0x02,0x08,0x05,0x02,0x00,0x2D,0x3D,0x00,0x00,0x08,0x7D,
  0x5D,0x01,0x08,0x00,0x63,0x01,0x08,0x78,0x02,0x00,0x08,0x05,0x02,0x00,0x75,0x11,
  0x00,0x00,0x7D,0x0D,0x00,0x00,0x25,0xBC,0x01,0x00,0x2D,0x38,0x01,0x00,0x08,0x7D,
  0xBE,0x02,0x08,0x05,0x01,0x00,0x2D,0x41,0x00,0x00,0x08,0x7D,0x5E,0x01,0x08,0x00,
  0x62,0x01,0x08,0x78,0x02,0x00,0x08,0x05,0x02,0x00,0x2D,0x48,0x00,0x00,0x08,0x7D,
  0xBE,0x02,0x08,0x01,0x01,0x00,0x08,0x02,0x00,0x00,0x08,0x03,0x01,0x00,0x08,0x04,
  0x01,0x00,0x08,0x05,0x01,0x00,0x2D,0x4D,0x01,0x00,0x08,0x7D,0x5C,0x01,0x08,0x00,
  0x62,0x01,0x28,0x2E,0x01,0x00,0x08,0x78,0x03,0x00,0x79,0x00,0x05,0x00,0x79,0x0A,
  0x00,0x00,0x21,0xFA,0x01,0x00,0x29,0x4E,0x00,0x00,0x08,0x79,0x04,0x00,0x7A,0x00,
  0x05,0x00,0x7A,0x0D,0x00,0x00,0x08,0x7A,0x03,0x00,0x2B,0x42,0x00,0x00,0x08,0x7B,
  0x02,0x00,0x44,0x75,0x01,0x00,0x54,0x32,0x00,0x00,0x5C,0x31,0x01,0x00,0x64,0x14,
  0x00,0x00,0x6C,0x00,0x00,0x00,0x74,0x0A,0x00,0x00,0x7C,0x00,0x00,0x00,0x84,0x1F,
  0x00,0x00,0x8C,0x14,0x00,0x00,0x94,0x14,0x01,0x00,0x9C,0x14,0x00,0x00,0xA4,0x00,
  0x00,0x00,0xAC,0x00,0x00,0x00,0xB4,0x00,0x01,0x00,0xBC,0x00,0x00,0x00,0xC4,0x00,
  0x00,0x00,0xD4,0x00,0x00,0x00,0xDC,0x00,0x01,0x00,0xE4,0x07,0x00,0x00,0xEC,0x07,
  0x00,0x00,0xF4,0x07,0x00,0x00,0xFC,0x07,0x02,0x00,0x6C,0x0D,0x00,0x00,0x74,0x17,
  0x00,0x00,0x7C,0x0D,0x00,0x00,0x24,0xEE,0x01,0x00,0x34,0x14,0x00,0x00,0x2C,0x4E,
  0x01,0x00,0x08,0x7C,0x00,0x00,0x08,0x05,0x01,0x00,0x08,0x06,0x03,0x00,0x47,0x22,
  0x01,0x00,0x4F,0xA7,0x00,0x00,0x57,0x94,0x00,0x00,0x5F,0xB2,0x00,0x00,0x67,0x29,
  0x00,0x00,0x6F,0x18,0x00,0x00,0x77,0x15,0x01,0x00,0x7F,0x00,0x00,0x00,0x87,0x1A,
  0x00,0x00,0x97,0x1A,0x00,0x00,0x9F,0x1A,0x01,0x00,0xA7,0x00,0x00,0x00,0xAF,0x12,
  0x00,0x00,0xB7,0x04,0x01,0x00,0xBF,0x12,0x00,0x00,0xC7,0x40,0x00,0x00,0xCF,0x83,
  0x00,0x00,0xD7,0xC0,0x00,0x00,0xDF,0x0A,0x00,0x00,0xE7,0x02,0x01,0x00,0xEF,0x36,
  0x00,0x00,0xF7,0x22,0x00,0x00,0xFF,0x18,0x01,0x00,0x7F,0x0A,0x01,0x00,0x27,0xFB,
  0x01,0x00,0x2F,0x3C,0x00,0x00,0x08,0x7F,0xF6,0x03,0x08,0x00,0x62,0x01,0x08,0x78,
  0x23,0x04,0x08,0x00,0x62,0x01,0x08,0x78,0x05,0x00,0x45,0x75,0x00,0x00,0x4D,0x73,
  0x00,0x00,0x55,0x32,0x00,0x00,0x5D,0x31,0x00,0x00,0x65,0x14,0x00,0x00,0x6D,0x00,
  0x01,0x00,0x75,0x0A,0x00,0x00,0x7D,0x00,0x00,0x00,0x8D,0x14,0x00,0x00,0x95,0x14,
  0x01,0x00,0x9D,0x14,0x00,0x00,0xB5,0x00,0x00,0x00,0xBD,0x00,0x01,0x00,0xE5,0x07,
  0x01,0x00,0xED,0x07,0x00,0x00,0xF5,0x07,0x00,0x00,0xFD,0x07,0x01,0x00,0x6D,0x12,
  0x00,0x00,0x75,0x1C,0x01,0x00,0x7D,0x12,0x00,0x00,0x25,0xEE,0x01,0x00,0x35,0x28,
  0x00,0x00,0x2D,0x4E,0x00,0x00,0x08,0x7D,0x01,0x00,0x08,0x07,0x02,0x00,0x08,0x7F,
  0x2B,0x03,0x34,0x30,0x75,0x00,0x34,0x4C,0x74,0x00,0x08,0x00,0x02,0x00,0x34,0x68,
  0x76,0x00,0x34,0x84,0x76,0x00,0x34,0x68,0x74,0x00,0x08,0x78,0x02,0x00,0x34,0x4C,
  0x75,0x00,0x34,0x30,0x76,0x00,0x34,0x14,0x76,0x00,0x34,0xF8,0x00,0x00,0x2C,0x4D,
  0x75,0x00,0x34,0xDC,0x76,0x00,0x34,0xC0,0x76,0x00,0x34,0xA4,0x76,0x00,0x34,0xC0,
  0x76,0x00,0x34,0xDC,0x73,0x00,0x08,0x00,0x03,0x00,0x34,0xF8,0x75,0x00,0x34,0x14,
  0x00,0x00,0x2C,0x4E,0x76,0x00,0x34,0x30,0x75,0x00,0x08,0x78,0x02,0x00,0x34,0x4C,
  0x01,0x00,0x08,0x07,0x02,0x00,0x08,0x7F,0x71,0x00,0x34,0x68,0x76,0x00,0x34,0x84,
  0x76,0x00,0x34,0x68,0x76,0x00,0x34,0x4C,0x76,0x00,0x34,0x30,0x75,0x00,0x34,0x14,
  0x76,0x00,0x34,0xF8,0x00,0x00,0x2C,0x4D,0x01,0x00,0x35,0x44,0x75,0x00,0x34,0xDC,
  0x01,0x00,0x35,0x60,0x72,0x00,0x08,0x00,0x03,0x00,0x34,0xC0,0x01,0x00,0x35,0x7C,
  0x74,0x00,0x34,0xA4,0x01,0x00,0x35,0x98,0x75,0x00,0x34,0xC0,0x01,0x00,0x35,0x7C,
  0x74,0x00,0x08,0x78,0x02,0x00,0x34,0xDC,0x01,0x00,0x35,0x60,0x73,0x00,0x34,0xF8,
  0x02,0x00,0x35,0x44,0x74,0x00,0x34,0x14,0x00,0x00,0x2C,0x4E,0x01,0x00,0x35,0x28,
  0x75,0x00,0x34,0x30,0x01,0x00,0x35,0x0C,0x75,0x00,0x34,0x4C,0x01,0x00,0x35,0xF0,
  0x00,0x00,0x2D,0x4D,0x74,0x00,0x34,0x68,0x02,0x00,0x35,0xD4,0x74,0x00,0x34,0x84,
  0x02,0x00,0x35,0xB8,0x74,0x00,0x34,0x68,0x01,0x00,0x35,0xD4,0x75,0x00,0x34,0x4C,
  0x01,0x00,0x35,0xF0,0x72,0x00,0x08,0x00,0x03,0x00,0x34,0x30,0x01,0x00,0x35,0x0C,
  0x00,0x00,0x2D,0x4E,0x74,0x00,0x34,0x14,0x01,0x00,0x35,0x28,0x75,0x00,0x34,0xF8,
  0x00,0x00,0x2C,0x4D,0x01,0x00,0x35,0x44,0x74,0x00,0x08,0x78,0x05,0x00,0x34,0xDC,
  0x01,0x00,0x35,0x60,0x01,0x00,0x08,0x07,0x70,0x00,0x34,0xC0,0x01,0x00,0x35,0x7C,
  0x74,0x00,0x34,0xA4,0x02,0x00,0x35,0x98,0x74,0x00,0x34,0xC0,0x01,0x00,0x35,0x7C,
  0x75,0x00,0x34,0xDC,0x01,0x00,0x35,0x60,0x75,0x00,0x34,0xF8,0x01,0x00,0x35,0x44,
  0x75,0x00,0x34,0x14,0x00,0x00,0x2C,0x4E,0x00,0x00,0x35,0x28,0x75,0x00,0x34,0x30,
  0x01,0x00,0x35,0x0C,0x75,0x00,0x34,0x4C,0x01,0x00,0x35,0xF0,0x00,0x00,0x2D,0x4D,
  0x72,0x00,0x08,0x00,0x03,0x00,0x34,0x68,0x01,0x00,0x35,0xD4,0x73,0x00,0x08,0x01,
  0x00,0x00,0x08,0x02,0x01,0x00,0x08,0x03,0x01,0x00,0x08,0x04,0x00,0x00,0x34,0x84,
  0x02,0x00,0x35,0xB8,0x73,0x00,0x34,0x68,0x01,0x00,0x35,0xD4,0x74,0x00,0x28,0x2C,
  0x00,0x00,0x08,0x78,0x02,0x00,0x29,0x51,0x00,0x00,0x08,0x79,0x02,0x00,0x2A,0x3C,
  0x01,0x00,0x08,0x7A,0x01,0x00,0x2B,0x45,0x01,0x00,0x08,0x7B,0x01,0x00,0x34,0x14,
  0x01,0x00,0x2C,0x51,0x00,0x00,0x08,0x7C,0x01,0x00,0x35,0xF0,0x6D,0x00,0x35,0x0C,
  0x00,0x00,0x2D,0x4E,0x76,0x00,0x35,0x28,0x76,0x00,0x35,0x44,0x76,0x00,0x35,0x60,
  0x75,0x00,0x35,0x7C,0x76,0x00,0x35,0x98,0x76,0x00,0x35,0x7C,0x76,0x00,0x35,0x60,
  0x75,0x00,0x35,0x44,0x76,0x00,0x35,0x28,0x76,0x00,0x35,0x0C,0x76,0x00,0x35,0xF0,
  0x01,0x00,0x2D,0x4D,0x74,0x00,0x35,0xD4,0x76,0x00,0x35,0xB8,0x76,0x00,0x35,0xD4,
  0x76,0x00,0x35,0xF0,0x75,0x00,0x35,0x0C,0x00,0x00,0x2D,0x4E,0x73,0x00,0x08,0x00,
  0x04,0x00,0x35,0x28,0x75,0x00,0x35,0x44,0x76,0x00,0x35,0x60,0x76,0x00,0x35,0x7C,
  0x75,0x00,0x35,0x98,0x76,0x00,0x35,0x7C,0x74,0x00,0x08,0x78,0x03,0x00,0x08,0x05,
  0x01,0x00,0x35,0x28,0x01,0x00,0x2D,0x51,0x00,0x00,0x08,0x7D,0x35,0x03,0x34,0x30,
  0x75,0x00,0x34,0x4C,0x74,0x00,0x08,0x00,0x03,0x00,0x34,0x68,0x75,0x00,0x34,0x84,
  0x76,0x00,0x34,0x68,0x74,0x00,0x08,0x78,0x03,0x00,0x34,0x4C,0x03,0x00,0x08,0x7F,
  0x71,0x00,0x34,0x30,0x76,0x00,0x34,0x14,0x76,0x00,0x34,0xF8,0x00,0x00,0x2C,0x50,
  0x76,0x00,0x34,0xDC,0x75,0x00,0x34,0xC0,0x76,0x00,0x34,0xA4,0x76,0x00,0x34,0xC0,
  0x76,0x00,0x34,0xDC,0x73,0x00,0x08,0x00,0x03,0x00,0x34,0xF8,0x75,0x00,0x34,0x14,
  0x00,0x00,0x2C,0x51,0x76,0x00,0x34,0x30,0x74,0x00,0x08,0x78,0x03,0x00,0x34,0x4C,
  0x74,0x00,0x34,0x68,0x76,0x00,0x34,0x84,0x76,0x00,0x34,0x68,0x76,0x00,0x34,0x4C,
  0x75,0x00,0x34,0x30,0x76,0x00,0x34,0x14,0x76,0x00,0x34,0xF8,0x00,0x00,0x2C,0x50,
  0x01,0x00,0x35,0x44,0x75,0x00,0x34,0xDC,0x01,0x00,0x35,0x60,0x72,0x00,0x08,0x00,
  0x03,0x00,0x34,0xC0,0x01,0x00,0x35,0x7C,0x74,0x00,0x34,0xA4,0x01,0x00,0x35,0x98,
  0x75,0x00,0x34,0xC0,0x01,0x00,0x35,0x7C,0x74,0x00,0x08,0x78,0x02,0x00,0x34,0xDC,
  0x01,0x00,0x35,0x60,0x01,0x00,0x08,0x07,0x01,0x00,0x08,0x7F,0x71,0x00,0x34,0xF8,
  0x01,0x00,0x35,0x44,0x75,0x00,0x34,0x14,0x00,0x00,0x2C,0x51,0x01,0x00,0x35,0x28,
  0x75,0x00,0x34,0x30,0x01,0x00,0x35,0x0C,0x75,0x00,0x34,0x4C,0x01,0x00,0x35,0xF0,
  0x00,0x00,0x2D,0x50,0x75,0x00,0x34,0x68,0x00,0x00,0x35,0xD4,0x75,0x00,0x34,0x84,
  0x01,0x00,0x35,0xB8,0x75,0x00,0x34,0x68,0x01,0x00,0x35,0xD4,0x75,0x00,0x34,0x4C,
  0x01,0x00,0x35,0xF0,0x72,0x00,0x08,0x00,0x03,0x00,0x34,0x30,0x01,0x00,0x35,0x0C,
  0x00,0x00,0x2D,0x51,0x74,0x00,0x34,0x14,0x01,0x00,0x35,0x28,0x75,0x00,0x34,0xF8,
  0x00,0x00,0x2C,0x50,0x01,0x00,0x35,0x44,0x74,0x00,0x08,0x78,0x02,0x00,0x34,0xDC,
  0x01,0x00,0x35,0x60,0x73,0x00,0x34,0xC0,0x02,0x00,0x35,0x7C,0x74,0x00,0x34,0xA4,
  0x02,0x00,0x35,0x98,0x74,0x00,0x34,0xC0,0x01,0x00,0x35,0x7C,0x75,0x00,0x34,0xDC,
  0x01,0x00,0x35,0x60,0x74,0x00,0x34,0xF8,0x02,0x00,0x35,0x44,0x74,0x00,0x34,0x14,
  0x01,0x00,0x2C,0x51,0x00,0x00,0x35,0x28,0x75,0x00,0x34,0x30,0x01,0x00,0x35,0x0C,
  0x75,0x00,0x34,0x4C,0x01,0x00,0x35,0xF0,0x00,0x00,0x2D,0x50,0x72,0x00,0x08,0x00,
  0x03,0x00,0x34,0x68,0x01,0x00,0x35,0xD4,0x74,0x00,0x34,0x84,0x01,0x00,0x35,0xB8,
  0x75,0x00,0x34,0x68,0x01,0x00,0x35,0xD4,0x74,0x00,0x08,0x78,0x00,0x00,0x08,0x01,
  0x01,0x00,0x08,0x02,0x01,0x00,0x08,0x03,0x01,0x00,0x08,0x04,0x00,0x00,0x34,0x4C,
  0x01,0x00,0x35,0xF0,0x01,0x00,0x08,0x07,0x72,0x00,0x34,0x30,0x01,0x00,0x35,0x0C,
  0x00,0x00,0x2D,0x51,0x74,0x00,0x34,0x14,0x01,0x00,0x35,0x28,0x75,0x00,0x34,0xF8,
  0x00,0x00,0x2C,0x50,0x01,0x00,0x35,0x44,0x75,0x00,0x34,0xDC,0x01,0x00,0x35,0x60,
  0x75,0x00,0x34,0xC0,0x01,0x00,0x35,0x7C,0x75,0x00,0x34,0xA4,0x01,0x00,0x35,0x98,
  0x74,0x00,0x34,0xC0,0x01,0x00,0x35,0x7C,0x75,0x00,0x34,0xDC,0x01,0x00,0x35,0x60,
  0x73,0x00,0x08,0x00,0x02,0x00,0x34,0xF8,0x01,0x00,0x35,0x44,0x74,0x00,0x34,0x14,
  0x01,0x00,0x2C,0x51,0x01,0x00,0x35,0x28,0x74,0x00,0x34,0x30,0x01,0x00,0x35,0x0C,
  0x74,0x00,0x28,0x29,0x00,0x00,0x08,0x78,0x02,0x00,0x29,0x52,0x00,0x00,0x08,0x79,
  0x02,0x00,0x2A,0x3E,0x01,0x00,0x08,0x7A,0x02,0x00,0x2B,0x48,0x00,0x00,0x08,0x7B,
  0x02,0x00,0x34,0x14,0x00,0x00,0x2C,0x52,0x01,0x00,0x08,0x7C,0x00,0x00,0x35,0xF0,
  0x01,0x00,0x2D,0x50,0x6C,0x00,0x35,0xD4,0x76,0x00,0x35,0xB8,0x76,0x00,0x35,0xD4,
  0x76,0x00,0x35,0xF0,0x75,0x00,0x35,0x0C,0x00,0x00,0x2D,0x51,0x76,0x00,0x35,0x28,
  0x76,0x00,0x35,0x44,0x76,0x00,0x35,0x60,0x75,0x00,0x35,0x7C,0x76,0x00,0x35,0x98,
  0x76,0x00,0x35,0x7C,0x79,0x00,0x35,0x60,0x72,0x00,0x35,0x44,0x76,0x00,0x35,0x28,
  0x76,0x00,0x35,0x0C,0x76,0x00,0x35,0xF0,0x00,0x00,0x2D,0x50,0x75,0x00,0x35,0xD4,
  0x73,0x00,0x08,0x00,0x04,0x00,0x35,0xB8,0x75,0x00,0x35,0xD4,0x76,0x00,0x35,0xF0,
  0x75,0x00,0x35,0x0C,0x01,0x00,0x2D,0x51,0x75,0x00,0x35,0x28,0x76,0x00,0x35,0x44,
  0x74,0x00,0x08,0x78,0x03,0x00,0x08,0x05,0x01,0x00,0x35,0x28,0x01,0x00,0x2D,0x52,
  0x00,0x00,0x08,0x7D,0x35,0x03,0x34,0x30,0x75,0x00,0x34,0x4C,0x74,0x00,0x08,0x00,
  0x03,0x00,0x34,0x68,0x75,0x00,0x34,0x84,0x76,0x00,0x34,0x68,0x74,0x00,0x08,0x78,
  0x03,0x00,0x34,0x4C,0x03,0x00,0x08,0x7F,0x71,0x00,0x34,0x30,0x76,0x00,0x34,0x14,
  0x76,0x00,0x34,0xF8,0x00,0x00,0x2C,0x51,0x76,0x00,0x34,0xDC,0x75,0x00,0x34,0xC0,
  0x76,0x00,0x34,0xA4,0x76,0x00,0x34,0xC0,0x75,0x00,0x34,0xDC,0x74,0x00,0x08,0x00,
  0x02,0x00,0x34,0xF8,0x76,0x00,0x34,0x14,0x00,0x00,0x2C,0x52,0x76,0x00,0x34,0x30,
  0x74,0x00,0x08,0x78,0x03,0x00,0x34,0x4C,0x74,0x00,0x34,0x68,0x76,0x00,0x34,0x84,
  0x76,0x00,0x34,0x68,0x76,0x00,0x34,0x4C,0x75,0x00,0x34,0x30,0x76,0x00,0x34,0x14,
  0x76,0x00,0x34,0xF8,0x00,0x00,0x2C,0x51,0x01,0x00,0x35,0x44,0x75,0x00,0x34,0xDC,
  0x01,0x00,0x35,0x60,0x72,0x00,0x08,0x00,0x03,0x00,0x34,0xC0,0x00,0x00,0x35,0x7C,
  0x75,0x00,0x34,0xA4,0x01,0x00,0x35,0x98,0x75,0x00,0x34,0xC0,0x01,0x00,0x35,0x7C,
  0x74,0x00,0x08,0x78,0x02,0x00,0x34,0xDC,0x01,0x00,0x35,0x60,0x01,0x00,0x08,0x07,
  0x01,0x00,0x08,0x7F,0x71,0x00,0x34,0xF8,0x01,0x00,0x35,0x44,0x75,0x00,0x34,0x14,
  0x00,0x00,0x2C,0x52,0x01,0x00,0x35,0x28,0x75,0x00,0x34,0x30,0x01,0x00,0x35,0x0C,
  0x75,0x00,0x34,0x4C,0x01,0x00,0x35,0xF0,0x00,0x00,0x2D,0x51,0x74,0x00,0x34,0x68,
  0x01,0x00,0x35,0xD4,0x75,0x00,0x34,0x84,0x01,0x00,0x35,0xB8,0x75,0x00,0x34,0x68,
  0x01,0x00,0x35,0xD4,0x75,0x00,0x34,0x4C,0x01,0x00,0x35,0xF0,0x72,0x00,0x08,0x00,
  0x03,0x00,0x34,0x30,0x01,0x00,0x35,0x0C,0x00,0x00,0x2D,0x52,0x74,0x00,0x34,0x14,
  0x01,0x00,0x35,0x28,0x76,0x00,0x34,0xF8,0x00,0x00,0x2C,0x51,0x01,0x00,0x35,0x44,
  0x73,0x00,0x08,0x78,0x02,0x00,0x34,0xDC,0x01,0x00,0x35,0x60,0x01,0x00,0x08,0x07,
  0x02,0x00,0x08,0x7F,0x70,0x00,0x34,0xC0,0x02,0x00,0x35,0x7C,0x74,0x00,0x34,0xA4,
  0x02,0x00,0x35,0x98,0x74,0x00,0x34,0xC0,0x01,0x00,0x35,0x7C,0x75,0x00,0x34,0xDC,
  0x01,0x00,0x35,0x60,0x75,0x00,0x34,0xF8,0x01,0x00,0x35,0x44,0x74,0x00,0x34,0x14,
  0x00,0x00,0x2C,0x52,0x01,0x00,0x35,0x28,0x75,0x00,0x34,0x30,0x01,0x00,0x35,0x0C,
  0x75,0x00,0x34,0x4C,0x01,0x00,0x35,0xF0,0x00,0x00,0x2D,0x51,0x72,0x00,0x08,0x00,
  0x03,0x00,0x34,0x68,0x01,0x00,0x35,0xD4,0x74,0x00,0x34,0x84,0x01,0x00,0x35,0xB8,
  0x75,0x00,0x34,0x68,0x01,0x00,0x35,0xD4,0x74,0x00,0x28,0x39,0x00,0x00,0x08,0x78,
  0x03,0x00,0x34,0x4C,0x00,0x00,0x35,0xF0,0x02,0x00,0x08,0x07,0x01,0x00,0x08,0x7F,
  0x71,0x00,0x34,0x30,0x01,0x00,0x35,0x0C,0x00,0x00,0x2D,0x52,0x74,0x00,0x34,0x14,
  0x01,0x00,0x35,0x28,0x75,0x00,0x34,0xF8,0x00,0x00,0x2C,0x51,0x01,0x00,0x35,0x44,
  0x75,0x00,0x34,0xDC,0x01,0x00,0x35,0x60,0x75,0x00,0x34,0xC0,0x01,0x00,0x35,0x7C,
  0x75,0x00,0x34,0xA4,0x01,0x00,0x35,0x98,0x74,0x00,0x34,0xC0,0x01,0x00,0x35,0x7C,
  0x75,0x00,0x34,0xDC,0x01,0x00,0x35,0x60,0x72,0x00,0x08,0x00,0x03,0x00,0x34,0xF8,
  0x01,0x00,0x35,0x44,0x74,0x00,0x34,0x14,0x01,0x00,0x2C,0x52,0x01,0x00,0x35,0x28,
  0x74,0x00,0x34,0x30,0x01,0x00,0x35,0x0C,0x74,0x00,0x28,0x29,0x00,0x00,0x08,0x78,
  0x03,0x00,0x34,0x4C,0x01,0x00,0x35,0xF0,0x00,0x00,0x2D,0x51,0x73,0x00,0x34,0x68,
  0x01,0x00,0x35,0xD4,0x75,0x00,0x34,0x84,0x01,0x00,0x35,0xB8,0x74,0x00,0x34,0x68,
  0x01,0x00,0x35,0xD4,0x75,0x00,0x34,0x4C,0x01,0x00,0x35,0xF0,0x75,0x00,0x34,0x30,
  0x01,0x00,0x35,0x0C,0x00,0x00,0x2D,0x52,0x75,0x00,0x34,0x14,0x01,0x00,0x35,0x28,
  0x74,0x00,0x34,0xF8,0x00,0x00,0x2C,0x51,0x01,0x00,0x35,0x44,0x75,0x00,0x34,0xDC,
  0x01,0x00,0x35,0x60,0x72,0x00,0x08,0x00,0x03,0x00,0x34,0xC0,0x01,0x00,0x35,0x7C,
  0x75,0x00,0x34,0xA4,0x01,0x00,0x35,0x98,0x74,0x00,0x34,0xC0,0x01,0x00,0x35,0x7C,
  0x74,0x00,0x08,0x78,0x02,0x00,0x34,0xDC,0x01,0x00,0x35,0x60,0x02,0x00,0x08,0x07,
  0x01,0x00,0x08,0x7F,0x71,0x00,0x34,0xF8,0x01,0x00,0x35,0x44,0x75,0x00,0x34,0x14,
  0x00,0x00,0x2C,0x52,0x01,0x00,0x35,0x28,0x74,0x00,0x34,0x30,0x01,0x00,0x35,0x0C,
  0x75,0x00,0x34,0x4C,0x01,0x00,0x35,0xF0,0x01,0x00,0x2D,0x51,0x74,0x00,0x34,0x68,
  0x01,0x00,0x35,0xD4,0x75,0x00,0x34,0x84,0x01,0x00,0x35,0xB8,0x74,0x00,0x34,0x68,
  0x01,0x00,0x35,0xD4,0x75,0x00,0x34,0x4C,0x01,0x00,0x35,0xF0,0x73,0x00,0x08,0x00,
  0x02,0x00,0x34,0x30,0x01,0x00,0x35,0x0C,0x00,0x00,0x2D,0x52,0x75,0x00,0x34,0x14,
  0x00,0x00,0x35,0x28,0x75,0x00,0x34,0xF8,0x01,0x00,0x2C,0x51,0x00,0x00,0x35,0x44,
  0x74,0x00,0x08,0x78,0x03,0x00,0x34,0xDC,0x01,0x00,0x35,0x60,0x73,0x00,0x34,0xC0,
  0x01,0x00,0x35,0x7C,0x75,0x00,0x34,0xA4,0x01,0x00,0x35,0x98,0x74,0x00,0x34,0xC0,
  0x02,0x00,0x35,0x7C,0x74,0x00,0x34,0xDC,0x01,0x00,0x35,0x60,0x75,0x00,0x34,0xF8,
  0x01,0x00,0x35,0x44,0x75,0x00,0x34,0x14,0x00,0x00,0x2C,0x52,0x01,0x00,0x35,0x28,
  0x75,0x00,0x34,0x30,0x01,0x00,0x35,0x0C,0x74,0x00,0x34,0x4C,0x01,0x00,0x35,0xF0,
  0x00,0x00,0x2D,0x51,0x73,0x00,0x08,0x00,0x02,0x00,0x34,0x68,0x01,0x00,0x35,0xD4,
  0x75,0x00,0x34,0x84,0x01,0x00,0x35,0xB8,0x75,0x00,0x34,0x68,0x01,0x00,0x35,0xD4,
  0x73,0x00,0x08,0x78,0x03,0x00,0x34,0x4C,0x01,0x00,0x35,0xF0,0x01,0x00,0x08,0x07,
  0x01,0x00,0x08,0x7F,0x71,0x00,0x34,0x30,0x01,0x00,0x35,0x0C,0x00,0x00,0x2D,0x52,
  0x75,0x00,0x34,0x14,0x01,0x00,0x35,0x28,0x75,0x00,0x34,0xF8,0x00,0x00,0x2C,0x51,
  0x01,0x00,0x35,0x44,0x74,0x00,0x34,0xDC,0x01,0x00,0x35,0x60,0x75,0x00,0x34,0xC0,
  0x01,0x00,0x35,0x7C,0x75,0x00,0x34,0xA4,0x01,0x00,0x35,0x98,0x75,0x00,0x34,0xC0,
  0x01,0x00,0x35,0x7C,0x74,0x00,0x34,0xDC,0x02,0x00,0x35,0x60,0x72,0x00,0x08,0x00,
  0x02,0x00,0x34,0xF8,0x02,0x00,0x35,0x44,0x74,0x00,0x34,0x14,0x00,0x00,0x2C,0x52,
  0x01,0x00,0x35,0x28,0x75,0x00,0x34,0x30,0x01,0x00,0x35,0x0C,0x74,0x00,0x08,0x78,
  0x02,0x00,0x34,0x4C,0x01,0x00,0x35,0xF0,0x00,0x00,0x2D,0x51,0x73,0x00,0x34,0x68,
  0x01,0x00,0x35,0xD4,0x75,0x00,0x34,0x84,0x01,0x00,0x35,0xB8,0x75,0x00,0x34,0x68,
  0x01,0x00,0x35,0xD4,0x74,0x00,0x34,0x4C,0x02,0x00,0x35,0xF0,0x74,0x00,0x34,0x30,
  0x01,0x00,0x35,0x0C,0x01,0x00,0x2D,0x52,0x74,0x00,0x34,0x14,0x01,0x00,0x35,0x28,
  0x75,0x00,0x34,0xF8,0x00,0x00,0x2C,0x51,0x01,0x00,0x35,0x44,0x75,0x00,0x34,0xDC,
  0x01,0x00,0x35,0x60,0x72,0x00,0x08,0x00,0x03,0x00,0x34,0xC0,0x01,0x00,0x35,0x7C,
  0x74,0x00,0x34,0xA4,0x01,0x00,0x35,0x98,0x75,0x00,0x34,0xC0,0x01,0x00,0x35,0x7C,
  0x74,0x00,0x08,0x78,0x02,0x00,0x34,0xDC,0x01,0x00,0x35,0x60,0x01,0x00,0x08,0x07,
  0x02,0x00,0x08,0x7F,0x70,0x00,0x34,0xF8,0x01,0x00,0x35,0x44,0x75,0x00,0x34,0x14,
  0x00,0x00,0x2C,0x52,0x01,0x00,0x35,0x28,0x75,0x00,0x34,0x30,0x01,0x00,0x35,0x0C,
  0x75,0x00,0x34,0x4C,0x01,0x00,0x35,0xF0,0x00,0x00,0x2D,0x51,0x74,0x00,0x34,0x68,
  0x01,0x00,0x35,0xD4,0x75,0x00,0x34,0x84,0x01,0x00,0x35,0xB8,0x75,0x00,0x34,0x68,
  0x01,0x00,0x35,0xD4,0x75,0x00,0x34,0x4C,0x00,0x00,0x35,0xF0,0x73,0x00,0x08,0x00,
  0x03,0x00,0x34,0x30,0x01,0x00,0x35,0x0C,0x00,0x00,0x2D,0x52,0x74,0x00,0x34,0x14,
  0x01,0x00,0x35,0x28,0x75,0x00,0x34,0xF8,0x00,0x00,0x2C,0x51,0x01,0x00,0x35,0x44,
  0x74,0x00,0x08,0x78,0x02,0x00,0x34,0xDC,0x01,0x00,0x35,0x60,0x73,0x00,0x34,0xC0,
  0x01,0x00,0x35,0x7C,0x75,0x00,0x34,0xA4,0x02,0x00,0x35,0x98,0x74,0x00,0x34,0xC0,
  0x01,0x00,0x35,0x7C,0x75,0x00,0x34,0xDC,0x01,0x00,0x35,0x60,0x74,0x00,0x34,0xF8,
  0x02,0x00,0x35,0x44,0x74,0x00,0x34,0x14,0x00,0x00,0x2C,0x52,0x01,0x00,0x35,0x28,
  0x75,0x00,0x34,0x30,0x01,0x00,0x35,0x0C,0x75,0x00,0x34,0x4C,0x01,0x00,0x35,0xF0,
  0x00,0x00,0x2D,0x51,0x72,0x00,0x08,0x00,0x03,0x00,0x34,0x68,0x01,0x00,0x35,0xD4,
  0x75,0x00,0x34,0x84,0x01,0x00,0x35,0xB8,0x74,0x00,0x34,0x68,0x01,0x00,0x35,0xD4,
  0x74,0x00,0x08,0x78,0x00,0x00,0x08,0x01,0x01,0x00,0x08,0x02,0x01,0x00,0x08,0x03,
  0x01,0x00,0x08,0x04,0x00,0x00,0x34,0x4C,0x01,0x00,0x35,0xF0,0x01,0x00,0x08,0x07,
  0x02,0x00,0x08,0x7F,0x70,0x00,0x34,0x30,0x01,0x00,0x35,0x0C,0x00,0x00,0x2D,0x52,
  0x74,0x00,0x34,0x14,0x01,0x00,0x35,0x28,0x75,0x00,0x34,0xF8,0x00,0x00,0x2C,0x51,
  0x01,0x00,0x35,0x44,0x75,0x00,0x34,0xDC,0x01,0x00,0x35,0x60,0x75,0x00,0x34,0xC0,
  0x01,0x00,0x35,0x7C,0x75,0x00,0x34,0xA4,0x01,0x00,0x35,0x98,0x74,0x00,0x34,0xC0,
  0x01,0x00,0x35,0x7C,0x75,0x00,0x34,0xDC,0x01,0x00,0x35,0x60,0x72,0x00,0x08,0x00,
  0x03,0x00,0x34,0xF8,0x01,0x00,0x35,0x44,0x74,0x00,0x34,0x14,0x00,0x00,0x2C,0x52,
  0x02,0x00,0x35,0x28,0x74,0x00,0x34,0x30,0x01,0x00,0x35,0x0C,0x74,0x00,0x08,0x78,
  0x02,0x00,0x34,0x4C,0x01,0x00,0x35,0xF0,0x01,0x00,0x2D,0x51,0x73,0x00,0x34,0x68,
  0x01,0x00,0x35,0xD4,0x74,0x00,0x34,0x84,0x02,0x00,0x35,0xB8,0x74,0x00,0x34,0x68,
  0x01,0x00,0x35,0xD4,0x75,0x00,0x34,0x4C,0x01,0x00,0x35,0xF0,0x75,0x00,0x34,0x30,
  0x01,0x00,0x35,0x0C,0x00,0x00,0x2D,0x52,0x75,0x00,0x34,0x14,0x01,0x00,0x35,0x28,
  0x74,0x00,0x34,0xF8,0x00,0x00,0x2C,0x51,0x01,0x00,0x35,0x44,0x75,0x00,0x34,0xDC,
  0x01,0x00,0x35,0x60,0x72,0x00,0x08,0x00,0x03,0x00,0x34,0xC0,0x01,0x00,0x35,0x7C,
  0x75,0x00,0x34,0xA4,0x01,0x00,0x35,0x98,0x74,0x00,0x34,0xC0,0x01,0x00,0x35,0x7C,
  0x74,0x00,0x28,0x28,0x01,0x00,0x08,0x78,0x01,0x00,0x29,0x51,0x00,0x00,0x08,0x79,
  0x02,0x00,0x2A,0x4C,0x01,0x00,0x08,0x7A,0x01,0x00,0x08,0x7B,0x02,0x00,0x34,0x14,
  0x00,0x00,0x2C,0x55,0x00,0x00,0x08,0x7C,0x02,0x00,0x35,0x60,0x02,0x00,0x76,0x04,
  0x00,0x00,0x7E,0x00,0x05,0x00,0x76,0x11,0x00,0x00,0x7E,0x0D,0x01,0x00,0x2E,0x21,
  0x01,0x00,0x08,0x7E,0x00,0x00,0x08,0x07,0x02,0x00,0x08,0x7F,0x62,0x00,0x35,0x44,
  0x76,0x00,0x35,0x28,0x76,0x00,0x35,0x0C,0x76,0x00,0x35,0xF0,0x00,0x00,0x2D,0x51,
  0x75,0x00,0x35,0xD4,0x76,0x00,0x35,0xB8,0x76,0x00,0x35,0xD4,0x76,0x00,0x35,0xF0,
  0x73,0x00,0x08,0x00,0x03,0x00,0x35,0x0C,0x00,0x00,0x2D,0x52,0x75,0x00,0x35,0x28,
  0x76,0x00,0x35,0x44,0x74,0x00,0x08,0x78,0x03,0x00,0x35,0x60,0x74,0x00,0x35,0x7C,
  0x76,0x00,0x35,0x98,0x76,0x00,0x35,0x7C,0x76,0x00,0x35,0x60,0x75,0x00,0x35,0x44,
  0x76,0x00,0x35,0x28,0x76,0x00,0x35,0x0C,0x76,0x00,0x35,0xF0,0x00,0x00,0x2D,0x51,
  0x73,0x00,0x08,0x00,0x03,0x00,0x35,0xD4,0x75,0x00,0x35,0xB8,0x76,0x00,0x35,0xD4,
  0x74,0x00,0x08,0x78,0x03,0x00,0x08,0x05,0x01,0x00,0x35,0x28,0x00,0x00,0x2D,0x55,
  0x01,0x00,0x08,0x7D,0x01,0x00,0x08,0x07,0x01,0x00,0x08,0x7F,0x33,0x03,0x34,0x30,
  0x75,0x00,0x34,0x4C,0x74,0x00,0x08,0x00,0x02,0x00,0x34,0x68,0x76,0x00,0x34,0x84,
  0x76,0x00,0x34,0x68,0x74,0x00,0x08,0x78,0x03,0x00,0x34,0x4C,0x74,0x00,0x34,0x30,
  0x76,0x00,0x34,0x14,0x76,0x00,0x34,0xF8,0x00,0x00,0x2C,0x54,0x75,0x00,0x34,0xDC,
  0x76,0x00,0x34,0xC0,0x76,0x00,0x34,0xA4,0x76,0x00,0x34,0xC0,0x75,0x00,0x34,0xDC,
  0x74,0x00,0x08,0x00,0x03,0x00,0x34,0xF8,0x75,0x00,0x34,0x14,0x00,0x00,0x2C,0x55,
  0x76,0x00,0x34,0x30,0x74,0x00,0x08,0x78,0x03,0x00,0x34,0x4C,0x01,0x00,0x08,0x07,
  0x02,0x00,0x08,0x7F,0x71,0x00,0x34,0x68,0x76,0x00,0x34,0x84,0x76,0x00,0x34,0x68,
  0x76,0x00,0x34,0x4C,0x75,0x00,0x34,0x30,0x76,0x00,0x34,0x14,0x76,0x00,0x34,0xF8,
  0x00,0x00,0x2C,0x54,0x01,0x00,0x35,0x44,0x75,0x00,0x34,0xDC,0x01,0x00,0x35,0x60,
  0x72,0x00,0x08,0x00,0x03,0x00,0x34,0xC0,0x01,0x00,0x35,0x7C,0x74,0x00,0x34,0xA4,
  0x01,0x00,0x35,0x98,0x75,0x00,0x34,0xC0,0x01,0x00,0x35,0x7C,0x74,0x00,0x08,0x78,
  0x02,0x00,0x34,0xDC,0x01,0x00,0x35,0x60,0x73,0x00,0x34,0xF8,0x01,0x00,0x35,0x44,
  0x75,0x00,0x34,0x14,0x00,0x00,0x2C,0x55,0x01,0x00,0x35,0x28,0x75,0x00,0x34,0x30,
  0x01,0x00,0x35,0x0C,0x75,0x00,0x34,0x4C,0x01,0x00,0x35,0xF0,0x00,0x00,0x2D,0x54,
  0x74,0x00,0x34,0x68,0x02,0x00,0x35,0xD4,0x74,0x00,0x34,0x84,0x01,0x00,0x35,0xB8,
  0x75,0x00,0x34,0x68,0x01,0x00,0x35,0xD4,0x75,0x00,0x34,0x4C,0x01,0x00,0x35,0xF0,
  0x72,0x00,0x08,0x00,0x03,0x00,0x34,0x30,0x01,0x00,0x35,0x0C,0x00,0x00,0x2D,0x55,
  0x74,0x00,0x34,0x14,0x01,0x00,0x35,0x28,0x75,0x00,0x34,0xF8,0x00,0x00,0x2C,0x54,
  0x01,0x00,0x35,0x44,0x74,0x00,0x28,0x38,0x00,0x00,0x08,0x78,0x02,0x00,0x34,0xDC,
  0x01,0x00,0x35,0x60,0x02,0x00,0x08,0x07,0x01,0x00,0x08,0x7F,0x70,0x00,0x34,0xC0,
  0x02,0x00,0x35,0x7C,0x74,0x00,0x34,0xA4,0x01,0x00,0x35,0x98,0x75,0x00,0x34,0xC0,
  0x01,0x00,0x35,0x7C,0x75,0x00,0x34,0xDC,0x01,0x00,0x35,0x60,0x75,0x00,0x34,0xF8,
  0x00,0x00,0x35,0x44,0x75,0x00,0x34,0x14,0x01,0x00,0x2C,0x55,0x00,0x00,0x35,0x28,
  0x75,0x00,0x34,0x30,0x01,0x00,0x35,0x0C,0x75,0x00,0x34,0x4C,0x01,0x00,0x35,0xF0,
  0x00,0x00,0x2D,0x54,0x72,0x00,0x08,0x00,0x03,0x00,0x34,0x68,0x01,0x00,0x35,0xD4,
  0x74,0x00,0x34,0x84,0x02,0x00,0x35,0xB8,0x74,0x00,0x34,0x68,0x01,0x00,0x35,0xD4,
  0x74,0x00,0x28,0x28,0x00,0x00,0x08,0x78,0x02,0x00,0x08,0x04,0x01,0x00,0x34,0x4C,
  0x01,0x00,0x35,0xF0,0x73,0x00,0x34,0x30,0x00,0x00,0x35,0x0C,0x01,0x00,0x2D,0x55,
  0x74,0x00,0x34,0x14,0x01,0x00,0x35,0x28,0x75,0x00,0x34,0xF8,0x00,0x00,0x2C,0x54,
  0x01,0x00,0x35,0x44,0x75,0x00,0x34,0xDC,0x01,0x00,0x35,0x60,0x75,0x00,0x34,0xC0,
  0x01,0x00,0x35,0x7C,0x75,0x00,0x34,0xA4,0x01,0x00,0x35,0x98,0x74,0x00,0x34,0xC0,
  0x01,0x00,0x35,0x7C,0x75,0x00,0x34,0xDC,0x01,0x00,0x35,0x60,0x72,0x00,0x08,0x00,
  0x03,0x00,0x34,0xF8,0x01,0x00,0x35,0x44,0x74,0x00,0x34,0x14,0x01,0x00,0x2C,0x55,
  0x01,0x00,0x35,0x28,0x74,0x00,0x34,0x30,0x01,0x00,0x35,0x0C,0x74,0x00,0x08,0x78,
  0x03,0x00,0x34,0x14,0x00,0x00,0x2C,0x51,0x00,0x00,0x08,0x7C,0x02,0x00,0x35,0xF0,
  0x00,0x00,0x2D,0x54,0x00,0x00,0x08,0x06,0x02,0x00,0x2E,0x1C,0x00,0x00,0x08,0x7E,
  0x01,0x00,0x08,0x07,0x01,0x00,0x08,0x7F,0x6E,0x00,0x35,0xD4,0x76,0x00,0x35,0xB8,
  0x76,0x00,0x35,0xD4,0x76,0x00,0x35,0xF0,0x75,0x00,0x35,0x0C,0x01,0x00,0x2D,0x55,
  0x75,0x00,0x35,0x28,0x76,0x00,0x35,0x44,0x76,0x00,0x35,0x60,0x73,0x00,0x08,0x00,
  0x03,0x00,0x35,0x7C,0x75,0x00,0x35,0x98,0x76,0x00,0x35,0x7C,0x74,0x00,0x08,0x78,
  0x03,0x00,0x35,0x60,0x74,0x00,0x35,0x44,0x76,0x00,0x35,0x28,0x76,0x00,0x35,0x0C,
  0x76,0x00,0x35,0xF0,0x00,0x00,0x2D,0x54,0x75,0x00,0x35,0xD4,0x76,0x00,0x35,0xB8,
  0x76,0x00,0x35,0xD4,0x76,0x00,0x35,0xF0,0x73,0x00,0x08,0x00,0x03,0x00,0x35,0x0C,
  0x00,0x00,0x2D,0x55,0x75,0x00,0x35,0x28,0x76,0x00,0x35,0x44,0x74,0x00,0x28,0x38,
  0x01,0x00,0x08,0x78,0x02,0x00,0x08,0x05,0x02,0x00,0x35,0x28,0x00,0x00,0x2D,0x51,
  0x00,0x00,0x08,0x7D,0x01,0x00,0x08,0x07,0x02,0x00,0x08,0x7F,0x32,0x03,0x34,0x30,
  0x75,0x00,0x34,0x4C,0x74,0x00,0x08,0x00,0x02,0x00,0x34,0x68,0x76,0x00,0x34,0x84,
  0x76,0x00,0x34,0x68,0x75,0x00,0x28,0x28,0x00,0x00,0x08,0x78,0x02,0x00,0x34,0x4C,
  0x74,0x00,0x34,0x30,0x76,0x00,0x34,0x14,0x76,0x00,0x34,0xF8,0x00,0x00,0x2C,0x50,
  0x75,0x00,0x34,0xDC,0x76,0x00,0x34,0xC0,0x75,0x00,0x08,0x04,0x01,0x00,0x34,0xA4,
  0x75,0x00,0x34,0xC0,0x76,0x00,0x34,0xDC,0x74,0x00,0x08,0x00,0x02,0x00,0x34,0xF8,
  0x76,0x00,0x34,0x14,0x00,0x00,0x2C,0x51,0x76,0x00,0x34,0x30,0x74,0x00,0x08,0x78,
  0x04,0x00,0x34,0x14,0x00,0x00,0x2C,0x4C,0x00,0x00,0x08,0x7C,0x01,0x00,0x08,0x06,
  0x02,0x00,0x2E,0x18,0x00,0x00,0x08,0x7E,0x01,0x00,0x08,0x07,0x01,0x00,0x08,0x7F,
  0x31,0x03,0x35,0x44,0x76,0x00,0x35,0x60,0x73,0x00,0x08,0x00,0x03,0x00,0x35,0x7C,
  0x76,0x00,0x35,0x98,0x75,0x00,0x35,0x7C,0x75,0x00,0x08,0x78,0x02,0x00,0x35,0x60,
  0x75,0x00,0x35,0x44,0x76,0x00,0x35,0x28,0x75,0x00,0x35,0x0C,0x76,0x00,0x35,0xF0,
  0x00,0x00,0x2D,0x50,0x76,0x00,0x35,0xD4,0x76,0x00,0x35,0xB8,0x75,0x00,0x35,0xD4,
  0x76,0x00,0x35,0xF0,0x73,0x00,0x08,0x00,0x03,0x00,0x35,0x0C,0x00,0x00,0x2D,0x51,
  0x76,0x00,0x35,0x28,0x75,0x00,0x35,0x44,0x75,0x00,0x08,0x78,0x00,0x00,0x08,0x01,
  0x01,0x00,0x08,0x02,0x01,0x00,0x08,0x03,0x01,0x00,0x08,0x05,0x02,0x00,0x35,0x28,
  0x00,0x00,0x2D,0x4C,0x00,0x00,0x08,0x7D,0x01,0x00,0x08,0x07,0x01,0x00,0x08,0x7F,
  0x32,0x03,0x34,0x30,0x76,0x00,0x34,0x4C,0x73,0x00,0x08,0x00,0x03,0x00,0x34,0x68,
  0x75,0x00,0x34,0x84,0x76,0x00,0x34,0x68,0x75,0x00,0x08,0x78,0x02,0x00,0x34,0x4C,
  0x75,0x00,0x34,0x30,0x75,0x00,0x34,0x14,0x76,0x00,0x34,0xF8,0x00,0x00,0x2C,0x4A,
  0x76,0x00,0x34,0xDC,0x76,0x00,0x34,0xC0,0x75,0x00,0x08,0x04,0x01,0x00,0x34,0xA4,
  0x75,0x00,0x34,0xC0,0x76,0x00,0x34,0xDC,0x73,0x00,0x08,0x00,0x03,0x00,0x34,0xF8,
  0x75,0x00,0x34,0x14,0x01,0x00,0x2C,0x4C,0x75,0x00,0x34,0x30,0x75,0x00,0x28,0x2E,
  0x01,0x00,0x08,0x78,0x02,0x00,0x29,0x4E,0x00,0x00,0x08,0x79,0x02,0x00,0x2A,0x48,
  0x00,0x00,0x08,0x7A,0x02,0x00,0x2B,0x42,0x01,0x00,0x08,0x7B,0x01,0x00,0x34,0x14,
  0x00,0x00,0x2C,0x4E,0x01,0x00,0x08,0x7C,0x01,0x00,0x08,0x06,0x01,0x00,0x2E,0x28,
  0x01,0x00,0x08,0x7E,0x00,0x00,0x08,0x07,0x02,0x00,0x08,0x7F,0x02,0x00,0x14,0x00,
  0x29,0x03,0x35,0x44,0x00,0x00,0x2D,0x4C,0x75,0x00,0x35,0x60,0x74,0x00,0x08,0x00,
  0x03,0x00,0x35,0x7C,0x75,0x00,0x35,0x98,0x76,0x00,0x35,0x7C,0x74,0x00,0x08,0x78,
  0x03,0x00,0x35,0x60,0x74,0x00,0x35,0x44,0x76,0x00,0x35,0x28,0x76,0x00,0x35,0x0C,
  0x76,0x00,0x35,0xF0,0x00,0x00,0x2D,0x4A,0x75,0x00,0x35,0xD4,0x76,0x00,0x35,0xB8,
  0x76,0x00,0x35,0xD4,0x76,0x00,0x35,0xF0,0x73,0x00,0x08,0x00,0x03,0x00,0x35,0x0C,
  0x00,0x00,0x2D,0x4C,0x75,0x00,0x35,0x28,0x76,0x00,0x35,0x44,0x74,0x00,0x08,0x78,
  0x02,0x00,0x08,0x05,0x02,0x00,0x35,0x28,0x00,0x00,0x2D,0x4E,0x00,0x00,0x08,0x7D,
  0x01,0x00,0x08,0x07,0x02,0x00,0x08,0x7F,0x32,0x03,0x34,0x30,0x01,0x00,0x2C,0x4E,
  0x75,0x00,0x34,0x4C,0x74,0x00,0x08,0x00,0x02,0x00,0x34,0x68,0x76,0x00,0x34,0x84,
  0x76,0x00,0x34,0x68,0x74,0x00,0x08,0x78,0x02,0x00,0x34,0x4C,0x75,0x00,0x34,0x30,
  0x76,0x00,0x34,0x14,0x76,0x00,0x34,0xF8,0x00,0x00,0x2C,0x4D,0x75,0x00,0x34,0xDC,
  0x77,0x00,0x34,0xC0,0x75,0x00,0x34,0xA4,0x75,0x00,0x34,0xC0,0x76,0x00,0x34,0xDC,
  0x74,0x00,0x08,0x00,0x03,0x00,0x34,0xF8,0x75,0x00,0x34,0x14,0x00,0x00,0x2C,0x4E,
  0x75,0x00,0x34,0x30,0x75,0x00,0x08,0x78,0x03,0x00,0x34,0x4C,0x01,0x00,0x08,0x07,
  0x02,0x00,0x08,0x7F,0x71,0x00,0x34,0x68,0x76,0x00,0x34,0x84,0x76,0x00,0x34,0x68,
  0x75,0x00,0x34,0x4C,0x76,0x00,0x34,0x30,0x76,0x00,0x34,0x14,0x76,0x00,0x34,0xF8,
  0x00,0x00,0x2C,0x4D,0x01,0x00,0x35,0x44,0x74,0x00,0x34,0xDC,0x02,0x00,0x35,0x60,
  0x72,0x00,0x08,0x00,0x02,0x00,0x34,0xC0,0x02,0x00,0x35,0x7C,0x74,0x00,0x34,0xA4,
  0x01,0x00,0x35,0x98,0x75,0x00,0x34,0xC0,0x01,0x00,0x35,0x7C,0x73,0x00,0x08,0x78,
  0x03,0x00,0x34,0xDC,0x01,0x00,0x35,0x60,0x73,0x00,0x34,0xF8,0x01,0x00,0x35,0x44,
  0x75,0x00,0x34,0x14,0x00,0x00,0x2C,0x4E,0x01,0x00,0x35,0x28,0x75,0x00,0x34,0x30,
  0x01,0x00,0x35,0x0C,0x74,0x00,0x34,0x4C,0x02,0x00,0x35,0xF0,0x00,0x00,0x2D,0x4D,
  0x74,0x00,0x34,0x68,0x01,0x00,0x35,0xD4,0x75,0x00,0x34,0x84,0x01,0x00,0x35,0xB8,
  0x75,0x00,0x34,0x68,0x01,0x00,0x35,0xD4,0x75,0x00,0x34,0x4C,0x01,0x00,0x35,0xF0,
  0x72,0x00,0x08,0x00,0x03,0x00,0x34,0x30,0x01,0x00,0x35,0x0C,0x00,0x00,0x2D,0x4E,
  0x74,0x00,0x34,0x14,0x01,0x00,0x35,0x28,0x75,0x00,0x34,0xF8,0x00,0x00,0x2C,0x4D,
  0x01,0x00,0x35,0x44,0x74,0x00,0x08,0x78,0x03,0x00,0x34,0xDC,0x02,0x00,0x35,0x60,
  0x00,0x00,0x08,0x07,0x72,0x00,0x34,0xC0,0x00,0x00,0x35,0x7C,0x75,0x00,0x34,0xA4,
  0x01,0x00,0x35,0x98,0x75,0x00,0x34,0xC0,0x01,0x00,0x35,0x7C,0x75,0x00,0x34,0xDC,
  0x01,0x00,0x35,0x60,0x75,0x00,0x34,0xF8,0x01,0x00,0x35,0x44,0x74,0x00,0x34,0x14,
  0x00,0x00,0x2C,0x4E,0x01,0x00,0x35,0x28,0x75,0x00,0x34,0x30,0x01,0x00,0x35,0x0C,
  0x75,0x00,0x34,0x4C,0x01,0x00,0x35,0xF0,0x00,0x00,0x2D,0x4D,0x72,0x00,0x08,0x00,
  0x03,0x00,0x34,0x68,0x01,0x00,0x35,0xD4,0x72,0x00,0x08,0x01,0x01,0x00,0x08,0x02,
  0x02,0x00,0x34,0x84,0x01,0x00,0x35,0xB8,0x74,0x00,0x34,0x68,0x01,0x00,0x35,0xD4,
  0x74,0x00,0x30,0x14,0x00,0x00,0x28,0x32,0x00,0x00,0x08,0x78,0x02,0x00,0x31,0x14,
  0x00,0x00,0x29,0x42,0x01,0x00,0x08,0x79,0x02,0x00,0x32,0x14,0x00,0x00,0x2A,0x3C,
  0x00,0x00,0x08,0x7A,0x01,0x00,0x34,0x4C,0x01,0x00,0x35,0xF0,0x70,0x00,0x34,0x30,
  0x01,0x00,0x35,0x0C,0x00,0x00,0x2D,0x4E,0x74,0x00,0x34,0x14,0x02,0x00,0x35,0x28,
  0x74,0x00,0x34,0xF8,0x00,0x00,0x2C,0x4D,0x01,0x00,0x35,0x44,0x75,0x00,0x34,0xDC,
  0x01,0x00,0x35,0x60,0x74,0x00,0x34,0xC0,0x02,0x00,0x35,0x7C,0x74,0x00,0x34,0xA4,
  0x02,0x00,0x35,0x98,0x74,0x00,0x34,0xC0,0x01,0x00,0x35,0x7C,0x75,0x00,0x34,0xDC,
  0x01,0x00,0x35,0x60,0x75,0x00,0x34,0xF8,0x01,0x00,0x35,0x44,0x74,0x00,0x34,0x14,
  0x01,0x00,0x2C,0x4E,0x01,0x00,0x35,0x28,0x74,0x00,0x34,0x30,0x01,0x00,0x35,0x0C,
  0x75,0x00,0x34,0x4C,0x01,0x00,0x35,0xF0,0x00,0x00,0x2D,0x4D,0x01,0x00,0x08,0x06,
  0x74,0x00,0x34,0x68,0x01,0x00,0x35,0xD4,0x75,0x00,0x34,0x84,0x01,0x00,0x35,0xB8,
  0x74,0x00,0x34,0x68,0x01,0x00,0x35,0xD4,0x75,0x00,0x34,0x4C,0x01,0x00,0x35,0xF0,
  0x75,0x00,0x34,0x30,0x01,0x00,0x35,0x0C,0x00,0x00,0x2D,0x4E,0x72,0x00,0x08,0x00,
  0x03,0x00,0x34,0x14,0x01,0x00,0x35,0x28,0x74,0x00,0x34,0xF8,0x00,0x00,0x2C,0x4D,
  0x01,0x00,0x35,0x44,0x75,0x00,0x34,0xDC,0x01,0x00,0x35,0x60,0x75,0x00,0x34,0xC0,
  0x01,0x00,0x35,0x7C,0x75,0x00,0x34,0xA4,0x00,0x00,0x35,0x98,0x75,0x00,0x34,0xC0,
  0x01,0x00,0x35,0x7C,0x74,0x00,0x08,0x78,0x02,0x00,0x34,0xDC,0x01,0x00,0x35,0x60,
  0x74,0x00,0x34,0xF8,0x01,0x00,0x35,0x44,0x75,0x00,0x34,0x14,0x00,0x00,0x2C,0x4E,
  0x01,0x00,0x35,0x28,0x74,0x00,0x34,0x30,0x02,0x00,0x35,0x0C,0x74,0x00,0x34,0x4C,
  0x01,0x00,0x35,0xF0,0x00,0x00,0x2D,0x4D,0x75,0x00,0x34,0x68,0x01,0x00,0x35,0xD4,
  0x74,0x00,0x34,0x84,0x02,0x00,0x35,0xB8,0x74,0x00,0x34,0x68,0x01,0x00,0x35,0xD4,
  0x75,0x00,0x34,0x4C,0x01,0x00,0x35,0xF0,0x73,0x00,0x08,0x00,0x02,0x00,0x34,0x30,
  0x01,0x00,0x35,0x0C,0x01,0x00,0x2D,0x4E,0x74,0x00,0x34,0x14,0x01,0x00,0x35,0x28,
  0x74,0x00,0x34,0xF8,0x01,0x00,0x2C,0x4D,0x01,0x00,0x35,0x44,0x73,0x00,0x08,0x78,
  0x02,0x00,0x34,0xDC,0x02,0x00,0x35,0x60,0x02,0x00,0x08,0x7F,0x71,0x00,0x34,0xC0,
  0x01,0x00,0x35,0x7C,0x75,0x00,0x34,0xA4,0x01,0x00,0x35,0x98,0x75,0x00,0x34,0xC0,
  0x01,0x00,0x35,0x7C,0x74,0x00,0x34,0xDC,0x01,0x00,0x35,0x60,0x74,0x00,0x31,0x54,
  0x00,0x00,0x32,0x54,0x02,0x00,0x34,0xF8,0x01,0x00,0x35,0x44,0x72,0x00,0x31,0x94,
  0x01,0x00,0x32,0x94,0x01,0x00,0x08,0x04,0x01,0x00,0x34,0x14,0x00,0x00,0x2C,0x4E,
  0x01,0x00,0x35,0x28,0x72,0x00,0x31,0xD4,0x01,0x00,0x32,0xD4,0x01,0x00,0x34,0x30,
  0x02,0x00,0x35,0x0C,0x72,0x00,0x31,0x14,0x00,0x00,0x29,0x44,0x01,0x00,0x32,0x14,
  0x00,0x00,0x2A,0x3D,0x01,0x00,0x34,0x4C,0x01,0x00,0x35,0xF0,0x00,0x00,0x2D,0x4D,
  0x72,0x00,0x08,0x00,0x01,0x00,0x31,0x54,0x01,0x00,0x32,0x54,0x01,0x00,0x34,0x68,
  0x01,0x00,0x35,0xD4,0x72,0x00,0x31,0x94,0x01,0x00,0x32,0x94,0x02,0x00,0x34,0x84,
  0x01,0x00,0x35,0xB8,0x72,0x00,0x31,0xD4,0x01,0x00,0x32,0xD4,0x01,0x00,0x34,0x68,
  0x02,0x00,0x35,0xD4,0x72,0x00,0x28,0x35,0x01,0x00,0x08,0x78,0x01,0x00,0x31,0x14,
  0x00,0x00,0x29,0x45,0x02,0x00,0x32,0x14,0x00,0x00,0x2A,0x3E,0x02,0x00,0x34,0x4C,
  0x00,0x00,0x35,0xF0,0x71,0x00,0x34,0x30,0x01,0x00,0x35,0x0C,0x00,0x00,0x2D,0x4E,
  0x75,0x00,0x34,0x14,0x01,0x00,0x35,0x28,0x74,0x00,0x34,0xF8,0x01,0x00,0x2C,0x4D,
  0x01,0x00,0x35,0x44,0x74,0x00,0x34,0xDC,0x01,0x00,0x35,0x60,0x75,0x00,0x34,0xC0,
  0x01,0x00,0x35,0x7C,0x75,0x00,0x34,0xA4,0x01,0x00,0x35,0x98,0x75,0x00,0x34,0xC0,
  0x01,0x00,0x35,0x7C,0x74,0x00,0x34,0xDC,0x01,0x00,0x35,0x60,0x75,0x00,0x34,0xF8,
  0x01,0x00,0x35,0x44,0x75,0x00,0x34,0x14,0x00,0x00,0x2C,0x4E,0x01,0x00,0x35,0x28,
  0x75,0x00,0x34,0x30,0x01,0x00,0x35,0x0C,0x75,0x00,0x34,0x4C,0x00,0x00,0x35,0xF0,
  0x01,0x00,0x2D,0x4D,0x01,0x00,0x08,0x07,0x73,0x00,0x34,0x68,0x01,0x00,0x35,0xD4,
  0x75,0x00,0x34,0x84,0x01,0x00,0x35,0xB8,0x75,0x00,0x34,0x68,0x01,0x00,0x35,0xD4,
  0x75,0x00,0x34,0x4C,0x01,0x00,0x35,0xF0,0x74,0x00,0x34,0x30,0x01,0x00,0x35,0x0C,
  0x00,0x00,0x2D,0x4E,0x73,0x00,0x08,0x00,0x02,0x00,0x34,0x14,0x01,0x00,0x35,0x28,
  0x75,0x00,0x34,0xF8,0x00,0x00,0x2C,0x4D,0x01,0x00,0x35,0x44,0x74,0x00,0x34,0xDC,
  0x01,0x00,0x35,0x60,0x75,0x00,0x34,0xC0,0x01,0x00,0x35,0x7C,0x75,0x00,0x34,0xA4,
  0x01,0x00,0x35,0x98,0x75,0x00,0x34,0xC0,0x01,0x00,0x35,0x7C,0x74,0x00,0x08,0x78,
  0x02,0x00,0x34,0xDC,0x01,0x00,0x35,0x60,0x73,0x00,0x34,0xF8,0x01,0x00,0x35,0x44,
  0x75,0x00,0x34,0x14,0x00,0x00,0x2C,0x4E,0x01,0x00,0x35,0x28,0x75,0x00,0x34,0x30,
  0x01,0x00,0x35,0x0C,0x74,0x00,0x34,0x4C,0x02,0x00,0x35,0xF0,0x00,0x00,0x2D,0x4D,
  0x74,0x00,0x34,0x68,0x01,0x00,0x35,0xD4,0x75,0x00,0x34,0x84,0x01,0x00,0x35,0xB8,
  0x75,0x00,0x34,0x68,0x01,0x00,0x35,0xD4,0x75,0x00,0x34,0x4C,0x01,0x00,0x35,0xF0,
  0x72,0x00,0x08,0x00,0x03,0x00,0x34,0x30,0x01,0x00,0x35,0x0C,0x00,0x00,0x2D,0x4E,
  0x74,0x00,0x34,0x14,0x01,0x00,0x35,0x28,0x75,0x00,0x34,0xF8,0x00,0x00,0x2C,0x4D,
  0x01,0x00,0x35,0x44,0x74,0x00,0x08,0x78,0x01,0x00,0x08,0x03,0x01,0x00,0x34,0xDC,
  0x01,0x00,0x08,0x05,0x01,0x00,0x35,0x60,0x72,0x00,0x34,0xC0,0x01,0x00,0x35,0x7C,
  0x75,0x00,0x34,0xA4,0x01,0x00,0x35,0x98,0x75,0x00,0x34,0xC0,0x01,0x00,0x35,0x7C,
  0x74,0x00,0x34,0xDC,0x02,0x00,0x35,0x60,0x74,0x00,0x34,0xF8,0x01,0x00,0x35,0x44,
  0x75,0x00,0x34,0x14,0x00,0x00,0x2C,0x4E,0x01,0x00,0x35,0x28,0x75,0x00,0x34,0x30,
  0x01,0x00,0x35,0x0C,0x75,0x00,0x34,0x4C,0x01,0x00,0x35,0xF0,0x00,0x00,0x2D,0x4D,
  0x72,0x00,0x08,0x00,0x03,0x00,0x34,0x68,0x00,0x00,0x35,0xD4,0x75,0x00,0x34,0x84,
  0x01,0x00,0x35,0xB8,0x75,0x00,0x34,0x68,0x01,0x00,0x35,0xD4,0x74,0x00,0x08,0x78,
  0x04,0x00,0x34,0x4C,0x01,0x00,0x35,0xF0,0x72,0x00,0x34,0x30,0x01,0x00,0x35,0x0C,
  0x00,0x00,0x2D,0x4E,0x73,0x00,0x31,0xAC,0x00,0x00,0x29,0x42,0x01,0x00,0x2A,0x3D,
  0x01,0x00,0x34,0x14,0x01,0x00,0x35,0x28,0x73,0x00,0x31,0x44,0x00,0x00,0x29,0x41,
  0x01,0x00,0x2A,0x3C,0x01,0x00,0x34,0xF8,0x00,0x00,0x2C,0x4D,0x01,0x00,0x35,0x44,
  0x72,0x00,0x31,0xE0,0x01,0x00,0x29,0x3E,0x01,0x00,0x2A,0x3A,0x01,0x00,0x34,0xDC,
  0x01,0x00,0x35,0x60,0x72,0x00,0x31,0x78,0x00,0x00,0x29,0x3D,0x01,0x00,0x2A,0x39,
  0x02,0x00,0x34,0xC0,0x01,0x00,0x35,0x7C,0x72,0x00,0x31,0x14,0x01,0x00,0x29,0x3C,
  0x01,0x00,0x2A,0x38,0x02,0x00,0x34,0xA4,0x01,0x00,0x35,0x98,0x72,0x00,0x34,0xC0,
  0x01,0x00,0x35,0x7C,0x75,0x00,0x34,0xDC,0x01,0x00,0x35,0x60,0x72,0x00,0x08,0x00,
  0x03,0x00,0x34,0xF8,0x01,0x00,0x35,0x44,0x74,0x00,0x34,0x14,0x01,0x00,0x2C,0x4E,
  0x01,0x00,0x35,0x28,0x72,0x00,0x08,0x01,0x01,0x00,0x08,0x02,0x02,0x00,0x34,0x30,
  0x01,0x00,0x35,0x0C,0x73,0x00,0x28,0x2E,0x00,0x00,0x08,0x78,0x02,0x00,0x41,0x31,
  0x00,0x00,0x49,0x73,0x01,0x00,0x51,0x25,0x00,0x00,0x59,0x41,0x00,0x00,0x61,0x29,
  0x00,0x00,0x69,0x1F,0x00,0x00,0x71,0x27,0x00,0x00,0x79,0x00,0x01,0x00,0x81,0x5F,
  0x00,0x00,0x89,0x1F,0x00,0x00,0x91,0x1F,0x00,0x00,0x99,0x1C,0x01,0x00,0xA1,0x08,
  0x00,0x00,0xA9,0x04,0x00,0x00,0xB1,0x05,0x00,0x00,0xB9,0x0A,0x00,0x00,0xC1,0x01,
  0x01,0x00,0xC9,0x00,0x00,0x00,0xD1,0x02,0x00,0x00,0xD9,0x02,0x00,0x00,0xE1,0x25,
  0x00,0x00,0xE9,0x15,0x00,0x00,0xF1,0x25,0x01,0x00,0xF9,0x06,0x00,0x00,0x39,0x00,
  0x01,0x00,0x79,0x0A,0x01,0x00,0x21,0xFA,0x00,0x00,0x29,0x4E,0x01,0x00,0x08,0x79,
  0x01,0x00,0x42,0x31,0x00,0x00,0x4A,0x73,0x01,0x00,0x52,0x25,0x00,0x00,0x5A,0x41,
  0x00,0x00,0x62,0x29,0x00,0x00,0x6A,0x1F,0x01,0x00,0x72,0x27,0x00,0x00,0x7A,0x00,
  0x00,0x00,0x82,0x5F,0x00,0x00,0x8A,0x1F,0x00,0x00,0x92,0x1F,0x00,0x00,0x9A,0x1C,
  0x01,0x00,0xA2,0x08,0x00,0x00,0xAA,0x04,0x00,0x00,0xB2,0x05,0x00,0x00,0xBA,0x0A,
  0x00,0x00,0xC2,0x01,0x01,0x00,0xCA,0x00,0x00,0x00,0xD2,0x02,0x00,0x00,0xDA,0x02,
  0x00,0x00,0xE2,0x25,0x00,0x00,0xEA,0x15,0x01,0x00,0xF2,0x25,0x00,0x00,0xFA,0x06,
  0x00,0x00,0x3A,0x00,0x01,0x00,0x7A,0x0D,0x01,0x00,0x22,0xFA,0x00,0x00,0x2A,0x48,
  0x01,0x00,0x08,0x7A,0x02,0x00,0x08,0x7B,0x02,0x00,0x34,0x14,0x00,0x00,0x08,0x7C,
  0x01,0x00,0x35,0xF0,0x00,0x00,0x2D,0x4D,0x03,0x00,0x08,0x7F,0x5C,0x00,0x35,0xD4,
  0x76,0x00,0x35,0xB8,0x76,0x00,0x35,0xD4,0x75,0x00,0x35,0xF0,0x76,0x00,0x35,0x0C,
  0x00,0x00,0x2D,0x4E,0x76,0x00,0x35,0x28,0x76,0x00,0x35,0x44,0x75,0x00,0x35,0x60,
  0x73,0x00,0x08,0x00,0x03,0x00,0x35,0x7C,0x76,0x00,0x35,0x98,0x76,0x00,0x35,0x7C,
  0x74,0x00,0x08,0x78,0x02,0x00,0x35,0x60,0x75,0x00,0x35,0x44,0x76,0x00,0x35,0x28,
  0x76,0x00,0x35,0x0C,0x75,0x00,0x35,0xF0,0x01,0x00,0x2D,0x4D,0x75,0x00,0x35,0xD4,
  0x76,0x00,0x35,0xB8,0x76,0x00,0x35,0xD4,0x76,0x00,0x35,0xF0,0x72,0x00,0x08,0x00,
  0x04,0x00,0x35,0x0C,0x00,0x00,0x2D,0x4E,0x75,0x00,0x35,0x28,0x76,0x00,0x35,0x44,
  0x74,0x00,0x08,0x78,0x04,0x00,0x35,0x28,0x00,0x00,0x08,0x7D,0x01,0x00,0x08,0x07,
  0x02,0x00,0x08,0x7F,0x32,0x03,0x34,0x30,0x76,0x00,0x34,0x4C,0x74,0x00,0x08,0x00,
  0x02,0x00,0x34,0x68,0x76,0x00,0x34,0x84,0x75,0x00,0x34,0x68,0x75,0x00,0x08,0x78,
  0x02,0x00,0x34,0x4C,0x75,0x00,0x34,0x30,0x76,0x00,0x34,0x14,0x75,0x00,0x34,0xF8,
  0x00,0x00,0x2C,0x4D,0x76,0x00,0x34,0xDC,0x76,0x00,0x34,0xC0,0x76,0x00,0x34,0xA4,
  0x75,0x00,0x34,0xC0,0x76,0x00,0x34,0xDC,0x74,0x00,0x08,0x00,0x02,0x00,0x34,0xF8,
  0x76,0x00,0x34,0x14,0x00,0x00,0x2C,0x4E,0x75,0x00,0x34,0x30,0x75,0x00,0x08,0x78,
  0x02,0x00,0x34,0x4C,0x02,0x00,0x08,0x07,0x02,0x00,0x08,0x7F,0x71,0x00,0x34,0x68,
  0x76,0x00,0x34,0x84,0x75,0x00,0x34,0x68,0x76,0x00,0x34,0x4C,0x76,0x00,0x34,0x30,
  0x76,0x00,0x34,0x14,0x76,0x00,0x34,0xF8,0x00,0x00,0x2C,0x4D,0x01,0x00,0x35,0x44,
  0x74,0x00,0x34,0xDC,0x01,0x00,0x35,0x60,0x73,0x00,0x08,0x00,0x02,0x00,0x34,0xC0,
  0x01,0x00,0x35,0x7C,0x75,0x00,0x34,0xA4,0x01,0x00,0x35,0x98,0x75,0x00,0x34,0xC0,
  0x01,0x00,0x35,0x7C,0x73,0x00,0x08,0x78,0x03,0x00,0x34,0xDC,0x01,0x00,0x35,0x60,
  0x73,0x00,0x34,0xF8,0x01,0x00,0x35,0x44,0x75,0x00,0x34,0x14,0x00,0x00,0x2C,0x4E,
  0x01,0x00,0x35,0x28,0x75,0x00,0x34,0x30,0x01,0x00,0x35,0x0C,0x74,0x00,0x34,0x4C,
  0x02,0x00,0x35,0xF0,0x00,0x00,0x2D,0x4D,0x74,0x00,0x34,0x68,0x01,0x00,0x35,0xD4,
  0x75,0x00,0x34,0x84,0x01,0x00,0x35,0xB8,0x75,0x00,0x34,0x68,0x01,0x00,0x35,0xD4,
  0x74,0x00,0x34,0x4C,0x01,0x00,0x35,0xF0,0x73,0x00,0x08,0x00,0x02,0x00,0x34,0x30,
  0x01,0x00,0x35,0x0C,0x00,0x00,0x2D,0x4E,0x75,0x00,0x34,0x14,0x01,0x00,0x35,0x28,
  0x75,0x00,0x34,0xF8,0x00,0x00,0x2C,0x4D,0x01,0x00,0x35,0x44,0x74,0x00,0x08,0x78,
  0x05,0x00,0x34,0xDC,0x01,0x00,0x35,0x60,0x01,0x00,0x08,0x07,0x6F,0x00,0x34,0xC0,
  0x01,0x00,0x35,0x7C,0x75,0x00,0x34,0xA4,0x01,0x00,0x35,0x98,0x75,0x00,0x34,0xC0,
  0x01,0x00,0x35,0x7C,0x75,0x00,0x34,0xDC,0x01,0x00,0x35,0x60,0x74,0x00,0x34,0xF8,
  0x01,0x00,0x35,0x44,0x76,0x00,0x34,0x14,0x00,0x00,0x2C,0x4E,0x01,0x00,0x35,0x28,
  0x74,0x00,0x34,0x30,0x01,0x00,0x35,0x0C,0x75,0x00,0x34,0x4C,0x01,0x00,0x35,0xF0,
  0x00,0x00,0x2D,0x4D,0x72,0x00,0x08,0x00,0x03,0x00,0x34,0x68,0x01,0x00,0x35,0xD4,
  0x72,0x00,0x08,0x01,0x01,0x00,0x08,0x02,0x01,0x00,0x08,0x03,0x01,0x00,0x08,0x04,
  0x01,0x00,0x34,0x84,0x00,0x00,0x35,0xB8,0x74,0x00,0x34,0x68,0x01,0x00,0x35,0xD4,
  0x74,0x00,0x28,0x2C,0x00,0x00,0x08,0x78,0x02,0x00,0x29,0x51,0x00,0x00,0x08,0x79,
  0x02,0x00,0x2A,0x3C,0x00,0x00,0x08,0x7A,0x02,0x00,0x33,0x14,0x00,0x00,0x2B,0x45,
  0x00,0x00,0x08,0x7B,0x02,0x00,0x34,0x14,0x00,0x00,0x2C,0x51,0x01,0x00,0x08,0x7C,
  0x00,0x00,0x35,0xF0,0x6E,0x00,0x35,0x0C,0x00,0x00,0x2D,0x4E,0x76,0x00,0x35,0x28,
  0x76,0x00,0x35,0x44,0x75,0x00,0x35,0x60,0x76,0x00,0x35,0x7C,0x76,0x00,0x35,0x98,
  0x76,0x00,0x35,0x7C,0x75,0x00,0x35,0x60,0x76,0x00,0x35,0x44,0x76,0x00,0x35,0x28,
  0x75,0x00,0x35,0x0C,0x78,0x00,0x35,0xF0,0x00,0x00,0x2D,0x4D,0x74,0x00,0x35,0xD4,
  0x76,0x00,0x35,0xB8,0x76,0x00,0x35,0xD4,0x75,0x00,0x35,0xF0,0x76,0x00,0x35,0x0C,
  0x01,0x00,0x2D,0x4E,0x72,0x00,0x08,0x00,0x03,0x00,0x35,0x28,0x76,0x00,0x35,0x44,
  0x76,0x00,0x35,0x60,0x75,0x00,0x35,0x7C,0x76,0x00,0x35,0x98,0x76,0x00,0x35,0x7C,
  0x75,0x00,0x08,0x78,0x02,0x00,0x08,0x05,0x02,0x00,0x35,0x28,0x00,0x00,0x2D,0x51,
  0x00,0x00,0x08,0x7D,0x34,0x03,0x34,0x30,0x76,0x00,0x34,0x4C,0x73,0x00,0x08,0x00,
  0x03,0x00,0x34,0x68,0x76,0x00,0x34,0x84,0x75,0x00,0x34,0x68,0x75,0x00,0x08,0x78,
  0x02,0x00,0x34,0x4C,0x04,0x00,0x08,0x7F,0x71,0x00,0x34,0x30,0x76,0x00,0x34,0x14,
  0x75,0x00,0x34,0xF8,0x01,0x00,0x2C,0x50,0x75,0x00,0x34,0xDC,0x76,0x00,0x34,0xC0,
  0x76,0x00,0x34,0xA4,0x75,0x00,0x34,0xC0,0x76,0x00,0x34,0xDC,0x74,0x00,0x08,0x00,
  0x02,0x00,0x34,0xF8,0x76,0x00,0x34,0x14,0x00,0x00,0x2C,0x51,0x75,0x00,0x34,0x30,
  0x75,0x00,0x08,0x78,0x02,0x00,0x34,0x4C,0x75,0x00,0x34,0x68,0x76,0x00,0x34,0x84,
  0x75,0x00,0x34,0x68,0x76,0x00,0x34,0x4C,0x76,0x00,0x34,0x30,0x75,0x00,0x08,0x04,
  0x01,0x00,0x34,0x14,0x76,0x00,0x34,0xF8,0x00,0x00,0x2C,0x50,0x01,0x00,0x35,0x44,
  0x74,0x00,0x34,0xDC,0x01,0x00,0x35,0x60,0x73,0x00,0x08,0x00,0x02,0x00,0x34,0xC0,
  0x01,0x00,0x35,0x7C,0x75,0x00,0x34,0xA4,0x01,0x00,0x35,0x98,0x75,0x00,0x34,0xC0,
  0x01,0x00,0x35,0x7C,0x73,0x00,0x08,0x78,0x03,0x00,0x34,0x14,0x01,0x00,0x2C,0x55,
  0x00,0x00,0x08,0x7C,0x01,0x00,0x35,0x60,0x01,0x00,0x08,0x07,0x01,0x00,0x08,0x7F,
  0x71,0x00,0x35,0x44,0x75,0x00,0x35,0x28,0x76,0x00,0x35,0x0C,0x76,0x00,0x35,0xF0,
  0x00,0x00,0x2D,0x50,0x76,0x00,0x35,0xD4,0x76,0x00,0x35,0xB8,0x75,0x00,0x35,0xD4,
  0x76,0x00,0x35,0xF0,0x73,0x00,0x08,0x00,0x03,0x00,0x35,0x0C,0x00,0x00,0x2D,0x51,
  0x75,0x00,0x35,0x28,0x76,0x00,0x35,0x44,0x74,0x00,0x08,0x78,0x03,0x00,0x35,0x60,
  0x75,0x00,0x35,0x7C,0x76,0x00,0x35,0x98,0x75,0x00,0x35,0x7C,0x76,0x00,0x35,0x60,
  0x76,0x00,0x35,0x44,0x76,0x00,0x35,0x28,0x75,0x00,0x35,0x0C,0x76,0x00,0x35,0xF0,
  0x00,0x00,0x2D,0x50,0x73,0x00,0x08,0x00,0x03,0x00,0x35,0xD4,0x75,0x00,0x35,0xB8,
  0x76,0x00,0x35,0xD4,0x75,0x00,0x08,0x78,0x00,0x00,0x08,0x01,0x01,0x00,0x08,0x02,
  0x00,0x00,0x08,0x03,0x02,0x00,0x08,0x05,0x01,0x00,0x35,0x28,0x00,0x00,0x2D,0x55,
  0x01,0x00,0x08,0x7D,0x01,0x00,0x08,0x07,0x32,0x03,0x08,0x04,0x01,0x00,0x34,0x30,
  0x76,0x00,0x34,0x4C,0x73,0x00,0x08,0x00,0x03,0x00,0x34,0x68,0x75,0x00,0x34,0x84,
  0x76,0x00,0x34,0x68,0x75,0x00,0x28,0x29,0x00,0x00,0x08,0x78,0x02,0x00,0x29,0x52,
  0x00,0x00,0x08,0x79,0x02,0x00,0x2A,0x3E,0x00,0x00,0x08,0x7A,0x02,0x00,0x2B,0x48,
  0x01,0x00,0x08,0x7B,0x02,0x00,0x34,0x14,0x00,0x00,0x2C,0x52,0x00,0x00,0x08,0x7C,
  0x3D,0x08,0x08,0x00,0x79,0x00,0x35,0x44,0x75,0x00,0x35,0x60,0x76,0x00,0x35,0x7C,
  0x76,0x00,0x35,0x98,0x76,0x00,0x35,0x7C,0x74,0x00,0x08,0x78,0x02,0x00,0x08,0x05,
  0x02,0x00,0x35,0x28,0x00,0x00,0x2D,0x52,0x00,0x00,0x08,0x7D,0x35,0x03,0x34,0x30,
  0x76,0x00,0x34,0x4C,0x73,0x00,0x08,0x00,0x03,0x00,0x34,0x68,0x76,0x00,0x34,0x84,
  0x76,0x00,0x34,0x68,0x74,0x00,0x08,0x78,0x02,0x00,0x34,0x4C,0x03,0x00,0x76,0x11,
  0x01,0x00,0x7E,0x0D,0x00,0x00,0x36,0x14,0x00,0x00,0x2E,0x1E,0x01,0x00,0x08,0x7E,
  0x01,0x00,0x08,0x7F,0x6F,0x00,0x34,0x30,0x76,0x00,0x34,0x14,0x75,0x00,0x34,0xF8,
  0x01,0x00,0x2C,0x51,0x75,0x00,0x34,0xDC,0x76,0x00,0x34,0xC0,0x76,0x00,0x34,0xA4,
  0x01,0x00,0x08,0x06,0x01,0x00,0x2E,0x22,0x01,0x00,0x08,0x7E,0x73,0x00,0x34,0xC0,
  0x75,0x00,0x34,0xDC,0x73,0x00,0x08,0x00,0x03,0x00,0x34,0xF8,0x76,0x00,0x34,0x14,
  0x00,0x00,0x2C,0x52,0x75,0x00,0x34,0x30,0x75,0x00,0x08,0x78,0x02,0x00,0x34,0x4C,
  0x02,0x00,0x08,0x06,0x01,0x00,0x2E,0x28,0x00,0x00,0x08,0x7E,0x72,0x00,0x34,0x68,
  0x76,0x00,0x34,0x84,0x75,0x00,0x34,0x68,0x76,0x00,0x34,0x4C,0x76,0x00,0x34,0x30,
  0x76,0x00,0x34,0x14,0x01,0x00,0x08,0x06,0x01,0x00,0x2E,0x2E,0x01,0x00,0x08,0x7E,
  0x72,0x00,0x34,0xF8,0x01,0x00,0x2C,0x51,0x01,0x00,0x35,0x44,0x74,0x00,0x34,0xDC,
  0x01,0x00,0x35,0x60,0x73,0x00,0x08,0x00,0x02,0x00,0x34,0xC0,0x01,0x00,0x35,0x7C,
  0x75,0x00,0x34,0xA4,0x01,0x00,0x35,0x98,0x75,0x00,0x34,0xC0,0x01,0x00,0x35,0x7C,
  0x73,0x00,0x08,0x78,0x02,0x00,0x34,0xDC,0x02,0x00,0x35,0x60,0x00,0x00,0x08,0x06,
  0x02,0x00,0x2E,0x22,0x00,0x00,0x08,0x7E,0x01,0x00,0x08,0x07,0x01,0x00,0x08,0x7F,
  0x6F,0x00,0x34,0xF8,0x01,0x00,0x35,0x44,0x75,0x00,0x34,0x14,0x00,0x00,0x2C,0x52,
  0x01,0x00,0x35,0x28,0x75,0x00,0x34,0x30,0x01,0x00,0x35,0x0C,0x74,0x00,0x34,0x4C,
  0x01,0x00,0x35,0xF0,0x01,0x00,0x2D,0x51,0x74,0x00,0x34,0x68,0x01,0x00,0x35,0xD4,
  0x75,0x00,0x34,0x84,0x01,0x00,0x35,0xB8,0x00,0x00,0x08,0x06,0x02,0x00,0x2E,0x28,
  0x01,0x00,0x08,0x7E,0x72,0x00,0x34,0x68,0x01,0x00,0x35,0xD4,0x74,0x00,0x34,0x4C,
  0x01,0x00,0x35,0xF0,0x73,0x00,0x08,0x00,0x02,0x00,0x34,0x30,0x02,0x00,0x35,0x0C,
  0x00,0x00,0x2D,0x52,0x74,0x00,0x34,0x14,0x01,0x00,0x35,0x28,0x75,0x00,0x34,0xF8,
  0x00,0x00,0x2C,0x51,0x01,0x00,0x35,0x44,0x73,0x00,0x08,0x78,0x03,0x00,0x34,0xDC,
  0x01,0x00,0x35,0x60,0x00,0x00,0x08,0x06,0x02,0x00,0x2E,0x2E,0x00,0x00,0x08,0x7E,
  0x01,0x00,0x08,0x07,0x01,0x00,0x08,0x7F,0x6F,0x00,0x34,0xC0,0x01,0x00,0x35,0x7C,
  0x75,0x00,0x34,0xA4,0x01,0x00,0x35,0x98,0x75,0x00,0x34,0xC0,0x01,0x00,0x35,0x7C,
  0x74,0x00,0x34,0xDC,0x02,0x00,0x35,0x60,0x74,0x00,0x34,0xF8,0x01,0x00,0x35,0x44,
  0x75,0x00,0x34,0x14,0x00,0x00,0x2C,0x52,0x01,0x00,0x35,0x28,0x01,0x00,0x08,0x06,
  0x01,0x00,0x2E,0x32,0x01,0x00,0x08,0x7E,0x72,0x00,0x34,0x30,0x01,0x00,0x35,0x0C,
  0x74,0x00,0x34,0x4C,0x02,0x00,0x35,0xF0,0x00,0x00,0x2D,0x51,0x72,0x00,0x08,0x00,
  0x03,0x00,0x34,0x68,0x01,0x00,0x35,0xD4,0x74,0x00,0x34,0x84,0x01,0x00,0x35,0xB8,
  0x75,0x00,0x34,0x68,0x01,0x00,0x35,0xD4,0x73,0x00,0x28,0x39,0x01,0x00,0x08,0x78,
  0x02,0x00,0x34,0x4C,0x01,0x00,0x35,0xF0,0x01,0x00,0x08,0x06,0x01,0x00,0x2E,0x28,
  0x01,0x00,0x08,0x7E,0x00,0x00,0x08,0x07,0x02,0x00,0x08,0x7F,0x6E,0x00,0x34,0x30,
  0x01,0x00,0x35,0x0C,0x00,0x00,0x2D,0x52,0x75,0x00,0x34,0x14,0x01,0x00,0x35,0x28,
  0x75,0x00,0x34,0xF8,0x00,0x00,0x2C,0x51,0x01,0x00,0x35,0x44,0x75,0x00,0x34,0xDC,
  0x01,0x00,0x35,0x60,0x74,0x00,0x34,0xC0,0x01,0x00,0x35,0x7C,0x75,0x00,0x34,0xA4,
  0x01,0x00,0x35,0x98,0x01,0x00,0x08,0x06,0x01,0x00,0x2E,0x2E,0x01,0x00,0x08,0x7E,
  0x72,0x00,0x34,0xC0,0x01,0x00,0x35,0x7C,0x75,0x00,0x34,0xDC,0x01,0x00,0x35,0x60,
  0x72,0x00,0x08,0x00,0x02,0x00,0x34,0xF8,0x02,0x00,0x35,0x44,0x74,0x00,0x34,0x14,
  0x00,0x00,0x2C,0x52,0x01,0x00,0x35,0x28,0x75,0x00,0x34,0x30,0x01,0x00,0x35,0x0C,
  0x73,0x00,0x28,0x29,0x01,0x00,0x08,0x78,0x02,0x00,0x34,0x4C,0x01,0x00,0x35,0xF0,
  0x01,0x00,0x2D,0x51,0x00,0x00,0x08,0x06,0x02,0x00,0x2E,0x32,0x00,0x00,0x08,0x7E,
  0x70,0x00,0x34,0x68,0x02,0x00,0x35,0xD4,0x74,0x00,0x34,0x84,0x01,0x00,0x35,0xB8,
  0x75,0x00,0x34,0x68,0x01,0x00,0x35,0xD4,0x75,0x00,0x34,0x4C,0x01,0x00,0x35,0xF0,
  0x74,0x00,0x34,0x30,0x02,0x00,0x35,0x0C,0x00,0x00,0x2D,0x52,0x74,0x00,0x34,0x14,
  0x01,0x00,0x35,0x28,0x01,0x00,0x08,0x06,0x02,0x00,0x2E,0x38,0x00,0x00,0x08,0x7E,
  0x72,0x00,0x34,0xF8,0x00,0x00,0x2C,0x51,0x01,0x00,0x35,0x44,0x75,0x00,0x34,0xDC,
  0x01,0x00,0x35,0x60,0x72,0x00,0x08,0x00,0x03,0x00,0x34,0xC0,0x01,0x00,0x35,0x7C,
  0x74,0x00,0x34,0xA4,0x01,0x00,0x35,0x98,0x75,0x00,0x34,0xC0,0x01,0x00,0x35,0x7C,
  0x74,0x00,0x08,0x78,0x02,0x00,0x34,0xDC,0x01,0x00,0x35,0x60,0x01,0x00,0x08,0x06,
  0x01,0x00,0x2E,0x3E,0x01,0x00,0x08,0x7E,0x00,0x00,0x08,0x07,0x02,0x00,0x08,0x7F,
  0x6F,0x00,0x34,0xF8,0x01,0x00,0x35,0x44,0x74,0x00,0x34,0x14,0x00,0x00,0x2C,0x52,
  0x01,0x00,0x35,0x28,0x75,0x00,0x34,0x30,0x01,0x00,0x35,0x0C,0x75,0x00,0x34,0x4C,
  0x01,0x00,0x35,0xF0,0x00,0x00,0x2D,0x51,0x75,0x00,0x34,0x68,0x01,0x00,0x35,0xD4,
  0x74,0x00,0x34,0x84,0x01,0x00,0x35,0xB8,0x01,0x00,0x08,0x06,0x02,0x00,0x2E,0x38,
  0x00,0x00,0x08,0x7E,0x72,0x00,0x34,0x68,0x01,0x00,0x35,0xD4,0x75,0x00,0x34,0x4C,
  0x01,0x00,0x35,0xF0,0x72,0x00,0x08,0x00,0x03,0x00,0x34,0x30,0x01,0x00,0x35,0x0C,
  0x00,0x00,0x2D,0x52,0x74,0x00,0x34,0x14,0x01,0x00,0x35,0x28,0x75,0x00,0x34,0xF8,
  0x00,0x00,0x2C,0x51,0x01,0x00,0x35,0x44,0x74,0x00,0x08,0x78,0x02,0x00,0x34,0xDC,
  0x01,0x00,0x35,0x60,0x01,0x00,0x08,0x06,0x02,0x00,0x2E,0x32,0x00,0x00,0x08,0x7E,
  0x71,0x00,0x34,0xC0,0x01,0x00,0x35,0x7C,0x74,0x00,0x34,0xA4,0x02,0x00,0x35,0x98,
  0x74,0x00,0x34,0xC0,0x01,0x00,0x35,0x7C,0x75,0x00,0x34,0xDC,0x01,0x00,0x35,0x60,
  0x75,0x00,0x34,0xF8,0x01,0x00,0x35,0x44,0x74,0x00,0x34,0x14,0x01,0x00,0x2C,0x52,
  0x00,0x00,0x35,0x28,0x01,0x00,0x08,0x06,0x02,0x00,0x2E,0x2E,0x00,0x00,0x08,0x7E,
  0x72,0x00,0x34,0x30,0x01,0x00,0x35,0x0C,0x75,0x00,0x34,0x4C,0x01,0x00,0x35,0xF0,
  0x00,0x00,0x2D,0x51,0x73,0x00,0x08,0x00,0x02,0x00,0x34,0x68,0x01,0x00,0x35,0xD4,
  0x74,0x00,0x34,0x84,0x02,0x00,0x35,0xB8,0x74,0x00,0x34,0x68,0x01,0x00,0x35,0xD4,
  0x74,0x00,0x08,0x78,0x02,0x00,0x34,0x4C,0x01,0x00,0x35,0xF0,0x01,0x00,0x08,0x06,
  0x02,0x00,0x2E,0x38,0x00,0x00,0x08,0x7E,0x00,0x00,0x08,0x07,0x02,0x00,0x08,0x7F,
  0x6F,0x00,0x34,0x30,0x01,0x00,0x35,0x0C,0x00,0x00,0x2D,0x52,0x75,0x00,0x34,0x14,
  0x01,0x00,0x35,0x28,0x74,0x00,0x34,0xF8,0x00,0x00,0x2C,0x51,0x01,0x00,0x35,0x44,
  0x75,0x00,0x34,0xDC,0x01,0x00,0x35,0x60,0x75,0x00,0x34,0xC0,0x01,0x00,0x35,0x7C,
  0x74,0x00,0x08,0x04,0x01,0x00,0x34,0xA4,0x01,0x00,0x35,0x98,0x01,0x00,0x08,0x06,
  0x01,0x00,0x2E,0x32,0x01,0x00,0x08,0x7E,0x72,0x00,0x34,0xC0,0x00,0x00,0x35,0x7C,
  0x75,0x00,0x34,0xDC,0x01,0x00,0x35,0x60,0x73,0x00,0x08,0x00,0x02,0x00,0x34,0xF8,
  0x01,0x00,0x35,0x44,0x75,0x00,0x34,0x14,0x00,0x00,0x2C,0x52,0x01,0x00,0x35,0x28,
  0x74,0x00,0x34,0x30,0x01,0x00,0x35,0x0C,0x74,0x00,0x08,0x78,0x03,0x00,0x34,0x4C,
  0x01,0x00,0x35,0xF0,0x00,0x00,0x2D,0x51,0x00,0x00,0x08,0x06,0x02,0x00,0x2E,0x2E,
  0x00,0x00,0x08,0x7E,0x71,0x00,0x34,0x68,0x01,0x00,0x35,0xD4,0x75,0x00,0x34,0x84,
  0x01,0x00,0x35,0xB8,0x74,0x00,0x34,0x68,0x01,0x00,0x35,0xD4,0x75,0x00,0x34,0x4C,
  0x01,0x00,0x35,0xF0,0x75,0x00,0x34,0x30,0x01,0x00,0x35,0x0C,0x00,0x00,0x2D,0x52,
  0x75,0x00,0x34,0x14,0x00,0x00,0x35,0x28,0x01,0x00,0x08,0x06,0x02,0x00,0x2E,0x28,
  0x00,0x00,0x08,0x7E,0x72,0x00,0x34,0xF8,0x01,0x00,0x2C,0x51,0x01,0x00,0x35,0x44,
  0x74,0x00,0x34,0xDC,0x01,0x00,0x35,0x60,0x73,0x00,0x08,0x00,0x02,0x00,0x34,0xC0,
  0x01,0x00,0x35,0x7C,0x75,0x00,0x34,0xA4,0x01,0x00,0x35,0x98,0x74,0x00,0x34,0xC0,
  0x02,0x00,0x35,0x7C,0x73,0x00,0x08,0x78,0x04,0x00,0x34,0x14,0x00,0x00,0x2C,0x4E,
  0x00,0x00,0x08,0x7C,0x01,0x00,0x35,0x60,0x01,0x00,0x08,0x06,0x01,0x00,0x76,0x14,
  0x01,0x00,0x7E,0x10,0x00,0x00,0x2E,0x32,0x01,0x00,0x08,0x7E,0x00,0x00,0x08,0x07,
  0x02,0x00,0x08,0x7F,0x6D,0x00,0x35,0x44,0x75,0x00,0x35,0x28,0x76,0x00,0x35,0x0C,
  0x76,0x00,0x35,0xF0,0x00,0x00,0x2D,0x51,0x76,0x00,0x35,0xD4,0x75,0x00,0x35,0xB8,
  0x01,0x00,0x08,0x06,0x02,0x00,0x2E,0x2E,0x00,0x00,0x08,0x7E,0x73,0x00,0x35,0xD4,
  0x76,0x00,0x35,0xF0,0x73,0x00,0x08,0x00,0x03,0x00,0x35,0x0C,0x00,0x00,0x2D,0x52,
  0x75,0x00,0x35,0x28,0x76,0x00,0x35,0x44,0x74,0x00,0x08,0x78,0x03,0x00,0x35,0x60,
  0x01,0x00,0x08,0x06,0x02,0x00,0x2E,0x28,0x00,0x00,0x08,0x7E,0x72,0x00,0x35,0x7C,
  0x76,0x00,0x35,0x98,0x75,0x00,0x35,0x7C,0x76,0x00,0x35,0x60,0x76,0x00,0x35,0x44,
  0x75,0x00,0x35,0x28,0x01,0x00,0x08,0x06,0x02,0x00,0x2E,0x22,0x00,0x00,0x08,0x7E,
  0x73,0x00,0x35,0x0C,0x76,0x00,0x35,0xF0,0x00,0x00,0x2D,0x51,0x73,0x00,0x08,0x00,
  0x03,0x00,0x35,0xD4,0x76,0x00,0x35,0xB8,0x75,0x00,0x35,0xD4,0x74,0x00,0x08,0x78,
  0x01,0x00,0x08,0x01,0x01,0x00,0x08,0x02,0x01,0x00,0x08,0x03,0x01,0x00,0x08,0x05,
  0x02,0x00,0x35,0x28,0x00,0x00,0x2D,0x4E,0x00,0x00,0x08,0x7D,0x01,0x00,0x08,0x06,
  0x01,0x00,0x76,0x16,0x00,0x00,0x7E,0x12,0x01,0x00,0x2E,0x2E,0x01,0x00,0x08,0x7E,
  0x00,0x00,0x08,0x07,0x01,0x00,0x08,0x7F,0xBA,0x02,0x08,0x06,0x01,0x00,0x2E,0x28,
  0x01,0x00,0x08,0x7E,0x73,0x00,0x34,0x4C,0x76,0x00,0x34,0x84,0x73,0x00,0x08,0x00,
  0x02,0x00,0x34,0xBC,0x76,0x00,0x34,0xF4,0xEA,0x00,0x08,0x78,0x04,0x00,0x08,0x06,
  0x01,0x00,0x76,0x19,0x00,0x00,0x7E,0x15,0x01,0x00,0x2E,0x22,0x01,0x00,0x08,0x7E,
  0xD2,0x01,0x34,0xF8,0xEC,0x00,0x08,0x06,0x01,0x00,0x76,0x1C,0x01,0x00,0x7E,0x18,
  0x01,0x00,0x2E,0x1E,0x00,0x00,0x08,0x7E,0x72,0x00,0x34,0x30,0x00,0x00,0x2C,0x50,
  0x76,0x00,0x34,0x68,0x73,0x00,0x08,0x00,0x03,0x00,0x34,0xA0,0x75,0x00,0x34,0xD8,
  0x76,0x00,0x34,0x10,0x00,0x00,0x2C,0x51,0x75,0x00,0x28,0x28,0x00,0x00,0x08,0x78,
  0x02,0x00,0x29,0x51,0x00,0x00,0x08,0x79,0x02,0x00,0x2A,0x4C,0x00,0x00,0x08,0x7A,
  0x02,0x00,0x08,0x7B,0x02,0x00,0x34,0x4C,0x01,0x00,0x08,0x06,0x02,0x00,0x2E,0x2C,
  0x00,0x00,0x08,0x7E,0x00,0x00,0x08,0x07,0x02,0x00,0x08,0x7F,0x69,0x00,0x34,0x68,
  0x76,0x00,0x34,0x84,0x76,0x00,0x34,0x68,0x76,0x00,0x34,0x4C,0x76,0x00,0x34,0x30,
  0x75,0x00,0x34,0x14,0x76,0x00,0x34,0xF8,0x00,0x00,0x2C,0x50,0x01,0x00,0x35,0x60,
  0x75,0x00,0x34,0xDC,0x01,0x00,0x35,0x98,0x72,0x00,0x08,0x00,0x03,0x00,0x34,0xC0,
  0x01,0x00,0x35,0xD0,0x74,0x00,0x34,0xA4,0x01,0x00,0x35,0x08,0x01,0x00,0x2D,0x50,
  0x74,0x00,0x34,0xC0,0x75,0x00,0x08,0x78,0x02,0x00,0x34,0xDC,0x75,0x00,0x34,0xF8,
  0x75,0x00,0x34,0x14,0x00,0x00,0x2C,0x51,0x76,0x00,0x34,0x30,0x76,0x00,0x34,0x4C,
  0x01,0x00,0x35,0x0C,0x75,0x00,0x34,0x68,0x75,0x00,0x34,0x84,0x76,0x00,0x34,0x68,
  0x01,0x00,0x35,0x44,0x75,0x00,0x34,0x4C,0x01,0x00,0x35,0x7C,0x72,0x00,0x08,0x00,
  0x03,0x00,0x34,0x30,0x01,0x00,0x35,0xB4,0x74,0x00,0x34,0x14,0x02,0x00,0x35,0xEC,
  0x74,0x00,0x34,0xF8,0x00,0x00,0x2C,0x50,0x01,0x00,0x35,0x24,0x00,0x00,0x2D,0x51,
  0x74,0x00,0x08,0x78,0x02,0x00,0x34,0xDC,0x02,0x00,0x35,0x60,0x01,0x00,0x08,0x07,
  0x02,0x00,0x08,0x7F,0x70,0x00,0x34,0xC0,0x01,0x00,0x35,0x7C,0x75,0x00,0x34,0xA4,
  0x01,0x00,0x35,0x98,0x74,0x00,0x34,0xC0,0x01,0x00,0x35,0x7C,0x75,0x00,0x34,0xDC,
  0x01,0x00,0x35,0x60,0x74,0x00,0x34,0xF8,0x02,0x00,0x35,0x44,0x75,0x00,0x34,0x14,
  0x00,0x00,0x2C,0x51,0x00,0x00,0x35,0x28,0x75,0x00,0x34,0x30,0x01,0x00,0x35,0x0C,
  0x75,0x00,0x34,0x4C,0x01,0x00,0x35,0xF0,0x00,0x00,0x2D,0x50,0x72,0x00,0x08,0x00,
  0x03,0x00,0x34,0x68,0x01,0x00,0x35,0xD4,0x75,0x00,0x34,0x84,0x01,0x00,0x35,0xB8,
  0x74,0x00,0x34,0x68,0x01,0x00,0x35,0xD4,0x74,0x00,0x08,0x78,0x02,0x00,0x34,0x4C,
  0x01,0x00,0x35,0xF0,0x74,0x00,0x34,0x30,0x01,0x00,0x35,0x0C,0x00,0x00,0x2D,0x51,
  0x75,0x00,0x34,0x14,0x01,0x00,0x35,0x28,0x74,0x00,0x34,0xF8,0x01,0x00,0x2C,0x50,
  0x00,0x00,0x35,0x44,0x75,0x00,0x34,0xDC,0x01,0x00,0x35,0x60,0x75,0x00,0x34,0xC0,
  0x01,0x00,0x35,0x7C,0x75,0x00,0x34,0xA4,0x01,0x00,0x35,0x98,0x74,0x00,0x34,0xC0,
  0x02,0x00,0x35,0x7C,0x74,0x00,0x34,0xDC,0x01,0x00,0x35,0x60,0x73,0x00,0x08,0x00,
  0x02,0x00,0x34,0xF8,0x01,0x00,0x35,0x44,0x75,0x00,0x34,0x14,0x00,0x00,0x2C,0x51,
  0x01,0x00,0x35,0x28,0x74,0x00,0x34,0x30,0x02,0x00,0x35,0x0C,0x73,0x00,0x08,0x78,
  0x02,0x00,0x34,0x4C,0x02,0x00,0x35,0xF0,0x00,0x00,0x2D,0x50,0x01,0x00,0x08,0x07,
  0x01,0x00,0x08,0x7F,0x71,0x00,0x34,0x68,0x01,0x00,0x35,0xD4,0x75,0x00,0x34,0x84,
  0x01,0x00,0x35,0xB8,0x74,0x00,0x34,0x68,0x01,0x00,0x35,0xD4,0x75,0x00,0x34,0x4C,
  0x01,0x00,0x35,0xF0,0x75,0x00,0x34,0x30,0x01,0x00,0x35,0x0C,0x00,0x00,0x2D,0x51,
  0x75,0x00,0x34,0x14,0x01,0x00,0x35,0x28,0x74,0x00,0x34,0xF8,0x01,0x00,0x2C,0x50,
  0x01,0x00,0x35,0x44,0x74,0x00,0x34,0xDC,0x01,0x00,0x35,0x60,0x73,0x00,0x08,0x00,
  0x02,0x00,0x34,0xC0,0x01,0x00,0x35,0x7C,0x75,0x00,0x34,0xA4,0x01,0x00,0x35,0x98,
  0x75,0x00,0x34,0xC0,0x01,0x00,0x35,0x7C,0x73,0x00,0x08,0x78,0x03,0x00,0x34,0xDC,
  0x00,0x00,0x35,0x60,0x74,0x00,0x34,0xF8,0x01,0x00,0x35,0x44,0x75,0x00,0x34,0x14,
  0x00,0x00,0x2C,0x51,0x01,0x00,0x35,0x28,0x75,0x00,0x34,0x30,0x01,0x00,0x35,0x0C,
  0x74,0x00,0x34,0x4C,0x01,0x00,0x35,0xF0,0x01,0x00,0x2D,0x50,0x74,0x00,0x34,0x68,
  0x01,0x00,0x35,0xD4,0x75,0x00,0x34,0x84,0x01,0x00,0x35,0xB8,0x75,0x00,0x34,0x68,
  0x01,0x00,0x35,0xD4,0x74,0x00,0x34,0x4C,0x02,0x00,0x35,0xF0,0x72,0x00,0x08,0x00,
  0x02,0x00,0x34,0x30,0x01,0x00,0x35,0x0C,0x00,0x00,0x2D,0x51,0x75,0x00,0x34,0x14,
  0x01,0x00,0x35,0x28,0x75,0x00,0x34,0xF8,0x00,0x00,0x2C,0x50,0x01,0x00,0x35,0x44,
  0x73,0x00,0x28,0x38,0x01,0x00,0x08,0x78,0x02,0x00,0x34,0xDC,0x01,0x00,0x35,0x60,
  0x01,0x00,0x08,0x07,0x02,0x00,0x08,0x7F,0x70,0x00,0x34,0xC0,0x01,0x00,0x35,0x7C,
  0x75,0x00,0x34,0xA4,0x01,0x00,0x35,0x98,0x75,0x00,0x34,0xC0,0x01,0x00,0x35,0x7C,
  0x74,0x00,0x34,0xDC,0x02,0x00,0x35,0x60,0x74,0x00,0x34,0xF8,0x01,0x00,0x35,0x44,
  0x75,0x00,0x34,0x14,0x00,0x00,0x2C,0x51,0x01,0x00,0x35,0x28,0x75,0x00,0x34,0x30,
  0x01,0x00,0x35,0x0C,0x75,0x00,0x34,0x4C,0x01,0x00,0x35,0xF0,0x00,0x00,0x2D,0x50,
  0x72,0x00,0x08,0x00,0x03,0x00,0x34,0x68,0x01,0x00,0x35,0xD4,0x74,0x00,0x34,0x84,
  0x01,0x00,0x35,0xB8,0x75,0x00,0x34,0x68,0x01,0x00,0x35,0xD4,0x74,0x00,0x28,0x28,
  0x00,0x00,0x08,0x78,0x02,0x00,0x08,0x04,0x01,0x00,0x34,0x4C,0x00,0x00,0x35,0xF0,
  0x73,0x00,0x34,0x30,0x01,0x00,0x35,0x0C,0x01,0x00,0x2D,0x51,0x74,0x00,0x34,0x14,
  0x01,0x00,0x35,0x28,0x75,0x00,0x34,0xF8,0x00,0x00,0x2C,0x50,0x01,0x00,0x35,0x44,
  0x75,0x00,0x34,0xDC,0x01,0x00,0x35,0x60,0x74,0x00,0x34,0xC0,0x01,0x00,0x35,0x7C,
  0x76,0x00,0x34,0xA4,0x01,0x00,0x35,0x98,0x74,0x00,0x34,0xC0,0x01,0x00,0x35,0x7C,
  0x75,0x00,0x34,0xDC,0x01,0x00,0x35,0x60,0x72,0x00,0x08,0x00,0x03,0x00,0x34,0xF8,
  0x01,0x00,0x35,0x44,0x74,0x00,0x34,0x14,0x00,0x00,0x2C,0x51,0x01,0x00,0x35,0x28,
  0x75,0x00,0x34,0x30,0x01,0x00,0x35,0x0C,0x74,0x00,0x08,0x78,0x03,0x00,0x34,0x14,
  0x00,0x00,0x2C,0x48,0x00,0x00,0x08,0x7C,0x01,0x00,0x35,0xF0,0x00,0x00,0x2D,0x50,
  0x01,0x00,0x08,0x06,0x02,0x00,0x2E,0x28,0x00,0x00,0x08,0x7E,0x00,0x00,0x08,0x07,
  0x02,0x00,0x08,0x7F,0x6E,0x00,0x35,0xD4,0x76,0x00,0x35,0xB8,0x75,0x00,0x35,0xD4,
  0x76,0x00,0x35,0xF0,0x76,0x00,0x35,0x0C,0x00,0x00,0x2D,0x51,0x76,0x00,0x35,0x28,
  0x76,0x00,0x35,0x44,0x75,0x00,0x35,0x60,0x73,0x00,0x08,0x00,0x03,0x00,0x35,0x7C,
  0x76,0x00,0x35,0x98,0x76,0x00,0x35,0x7C,0x74,0x00,0x08,0x78,0x02,0x00,0x35,0x60,
  0x75,0x00,0x35,0x44,0x76,0x00,0x35,0x28,0x76,0x00,0x35,0x0C,0x75,0x00,0x35,0xF0,
  0x00,0x00,0x2D,0x50,0x76,0x00,0x35,0xD4,0x76,0x00,0x35,0xB8,0x76,0x00,0x35,0xD4,
  0x75,0x00,0x35,0xF0,0x73,0x00,0x08,0x00,0x03,0x00,0x35,0x0C,0x01,0x00,0x2D,0x51,
  0x75,0x00,0x35,0x28,0x76,0x00,0x35,0x44,0x74,0x00,0x28,0x38,0x00,0x00,0x08,0x78,
  0x03,0x00,0x08,0x05,0x01,0x00,0x35,0x28,0x00,0x00,0x2D,0x48,0x01,0x00,0x08,0x7D,
  0x01,0x00,0x08,0x07,0x01,0x00,0x08,0x7F,0x32,0x03,0x34,0x30,0x76,0x00,0x34,0x4C,
  0x74,0x00,0x08,0x00,0x02,0x00,0x34,0x68,0x76,0x00,0x34,0x84,0x75,0x00,0x34,0x68,
  0x75,0x00,0x28,0x28,0x00,0x00,0x08,0x78,0x03,0x00,0x34,0x4C,0x74,0x00,0x34,0x30,
  0x76,0x00,0x34,0x14,0x75,0x00,0x34,0xF8,0x00,0x00,0x2C,0x46,0x76,0x00,0x34,0xDC,
  0x76,0x00,0x34,0xC0,0x75,0x00,0x08,0x04,0x01,0x00,0x34,0xA4,0x75,0x00,0x34,0xC0,
  0x76,0x00,0x34,0xDC,0x74,0x00,0x08,0x00,0x02,0x00,0x34,0xF8,0x76,0x00,0x34,0x14,
  0x00,0x00,0x2C,0x48,0x75,0x00,0x34,0x30,0x75,0x00,0x08,0x78,0x03,0x00,0x34,0x14,
  0x01,0x00,0x2C,0x51,0x00,0x00,0x08,0x7C,0x01,0x00,0x08,0x06,0x02,0x00,0x2E,0x2C,
  0x00,0x00,0x08,0x7E,0x00,0x00,0x08,0x07,0x02,0x00,0x08,0x7F,0x31,0x03,0x35,0x44,
  0x76,0x00,0x35,0x60,0x73,0x00,0x08,0x00,0x03,0x00,0x35,0x7C,0x75,0x00,0x35,0x98,
  0x76,0x00,0x35,0x7C,0x74,0x00,0x08,0x78,0x03,0x00,0x35,0x60,0x75,0x00,0x35,0x44,
  0x75,0x00,0x35,0x28,0x76,0x00,0x35,0x0C,0x76,0x00,0x35,0xF0,0x00,0x00,0x2D,0x46,
  0x76,0x00,0x35,0xD4,0x75,0x00,0x35,0xB8,0x76,0x00,0x35,0xD4,0x76,0x00,0x35,0xF0,
  0x73,0x00,0x08,0x00,0x03,0x00,0x35,0x0C,0x00,0x00,0x2D,0x48,0x75,0x00,0x35,0x28,
  0x76,0x00,0x35,0x44,0x74,0x00,0x08,0x78,0x01,0x00,0x08,0x01,0x00,0x00,0x08,0x02,
  0x01,0x00,0x08,0x03,0x01,0x00,0x08,0x05,0x02,0x00,0x35,0x28,0x00,0x00,0x2D,0x51,
  0x01,0x00,0x08,0x7D,0x01,0x00,0x08,0x07,0x01,0x00,0x08,0x7F,0x32,0x03,0x34,0x30,
  0x76,0x00,0x34,0x4C,0x73,0x00,0x08,0x00,0x03,0x00,0x34,0x68,0x75,0x00,0x34,0x84,
  0x76,0x00,0x34,0x68,0x74,0x00,0x08,0x78,0x02,0x00,0x34,0x4C,0x75,0x00,0x34,0x30,
  0x76,0x00,0x34,0x14,0x76,0x00,0x34,0xF8,0x00,0x00,0x2C,0x50,0x76,0x00,0x34,0xDC,
  0x75,0x00,0x34,0xC0,0x76,0x00,0x08,0x04,0x01,0x00,0x34,0xA4,0x75,0x00,0x34,0xC0,
  0x76,0x00,0x34,0xDC,0x73,0x00,0x08,0x00,0x03,0x00,0x34,0xF8,0x75,0x00,0x34,0x14,
  0x00,0x00,0x2C,0x51,0x76,0x00,0x34,0x30,0x75,0x00,0x28,0x2E,0x00,0x00,0x08,0x78,
  0x02,0x00,0x29,0x4E,0x00,0x00,0x08,0x79,0x02,0x00,0x2A,0x48,0x01,0x00,0x08,0x7A,
  0x02,0x00,0x2B,0x42,0x00,0x00,0x08,0x7B,0x02,0x00,0x34,0x14,0x00,0x00,0x2C,0x52,
  0x00,0x00,0x08,0x7C,0x01,0x00,0x08,0x06,0x02,0x00,0x2E,0x2E,0x00,0x00,0x08,0x7E,
  0x01,0x00,0x08,0x07,0x02,0x00,0x08,0x7F,0x2B,0x03,0x35,0x44,0x75,0x00,0x35,0x60,
  0x73,0x00,0x08,0x00,0x03,0x00,0x35,0x7C,0x76,0x00,0x35,0x98,0x76,0x00,0x35,0x7C,
  0x74,0x00,0x08,0x78,0x02,0x00,0x35,0x60,0x75,0x00,0x35,0x44,0x76,0x00,0x35,0x28,
  0x76,0x00,0x35,0x0C,0x75,0x00,0x35,0xF0,0x00,0x00,0x2D,0x50,0x76,0x00,0x35,0xD4,
  0x76,0x00,0x35,0xB8,0x76,0x00,0x35,0xD4,0x75,0x00,0x35,0xF0,0x73,0x00,0x08,0x00,
  0x02,0x00,0x08,0x04,0x02,0x00,0x35,0x0C,0x00,0x00,0x2D,0x51,0x75,0x00,0x35,0x28,
  0x76,0x00,0x35,0x44,0x74,0x00,0x08,0x78,0x03,0x00,0x2C,0x51,0x00,0x00,0x08,0x7C,
  0x01,0x00,0x08,0x05,0x02,0x00,0x35,0x28,0x00,0x00,0x2D,0x52,0x00,0x00,0x08,0x7D,
  0x00,0x00,0x08,0x06,0x02,0x00,0x2E,0x2C,0x00,0x00,0x08,0x7E,0x01,0x00,0x08,0x07,
  0x02,0x00,0x08,0x7F,0x17,0x04,0x08,0x00,0x78,0x00,0x08,0x04,0xEB,0x00,0x08,0x78,
  0x03,0x00,0x2C,0x4E,0x01,0x00,0x08,0x7C,0x01,0x00,0x08,0x06,0x02,0x00,0x2E,0x28,
  0x00,0x00,0x08,0x7E,0x1B,0x04,0x08,0x00,0x63,0x01,0x08,0x78,0x03,0x00,0x08,0x05,
  0x02,0x00,0x2D,0x51,0x00,0x00,0x08,0x7D,0x02,0x00,0x08,0x07,0x02,0x00,0x08,0x7F,
  0x1A,0x04,0x08,0x00,0x62,0x01,0x08,0x78,0x03,0x00,0x08,0x05,0x01,0x00,0x2D,0x4E,
  0x00,0x00,0x08,0x7D,0x36,0x03,0x34,0x30,0x75,0x00,0x34,0x4C,0x74,0x00,0x08,0x00,
  0x02,0x00,0x34,0x68,0x76,0x00,0x34,0x84,0x76,0x00,0x34,0x68,0x74,0x00,0x08,0x78,
  0x02,0x00,0x34,0x4C,0x03,0x00,0x08,0x07,0x02,0x00,0x08,0x7F,0x70,0x00,0x34,0x30,
  0x76,0x00,0x34,0x14,0x76,0x00,0x34,0xF8,0x00,0x00,0x2C,0x4D,0x75,0x00,0x34,0xDC,
  0x76,0x00,0x34,0xC0,0x76,0x00,0x34,0xA4,0x76,0x00,0x34,0xC0,0x76,0x00,0x34,0xDC,
  0x73,0x00,0x08,0x00,0x02,0x00,0x34,0xF8,0x76,0x00,0x34,0x14,0x00,0x00,0x2C,0x4E,
  0x76,0x00,0x34,0x30,0x74,0x00,0x08,0x78,0x01,0x00,0x08,0x01,0x01,0x00,0x08,0x02,
  0x00,0x00,0x08,0x03,0x02,0x00,0x34,0x4C,0x73,0x00,0x34,0x68,0x76,0x00,0x34,0x84,
  0x76,0x00,0x34,0x68,0x75,0x00,0x34,0x4C,0x76,0x00,0x34,0x30,0x75,0x00,0x08,0x04,
  0x01,0x00,0x34,0x14,0x76,0x00,0x34,0xF8,0x00,0x00,0x2C,0x4D,0x01,0x00,0x35,0x44,
  0x75,0x00,0x34,0xDC,0x01,0x00,0x35,0x60,0x72,0x00,0x08,0x00,0x03,0x00,0x34,0xC0,
  0x01,0x00,0x35,0x7C,0x74,0x00,0x34,0xA4,0x01,0x00,0x35,0x98,0x75,0x00,0x34,0xC0,
  0x01,0x00,0x35,0x7C,0x74,0x00,0x08,0x78,0x01,0x00,0x08,0x79,0x02,0x00,0x08,0x7A,
  0x01,0x00,0x08,0x7B,0x02,0x00,0x34,0xDC,0x01,0x00,0x35,0x60,0x00,0x00,0x08,0x06,
  0x02,0x00,0x46,0x31,0x00,0x00,0x4E,0x73,0x00,0x00,0x56,0x25,0x01,0x00,0x5E,0x41,
  0x00,0x00,0x66,0x29,0x00,0x00,0x6E,0x1F,0x00,0x00,0x76,0x27,0x00,0x00,0x7E,0x00,
  0x00,0x00,0x86,0x5F,0x01,0x00,0x8E,0x1F,0x00,0x00,0x96,0x1F,0x00,0x00,0x9E,0x1C,
  0x00,0x00,0xA6,0x08,0x00,0x00,0xAE,0x04,0x01,0x00,0xB6,0x05,0x00,0x00,0xBE,0x0A,
  0x00,0x00,0xC6,0x01,0x00,0x00,0xCE,0x00,0x00,0x00,0xD6,0x02,0x01,0x00,0xDE,0x02,
  0x00,0x00,0xE6,0x25,0x00,0x00,0xEE,0x15,0x00,0x00,0xF6,0x25,0x00,0x00,0xFE,0x06,
  0x01,0x00,0x3E,0x00,0x01,0x00,0x7E,0x0D,0x00,0x00,0x26,0xFA,0x01,0x00,0x36,0x2C,
  0x00,0x00,0x2E,0x4E,0x00,0x00,0x08,0x7E,0x01,0x00,0x08,0x07,0x01,0x00,0x47,0x00,
  0x01,0x00,0x4F,0x70,0x00,0x00,0x57,0x0E,0x00,0x00,0x5F,0x00,0x00,0x00,0x67,0x07,
  0x00,0x00,0x6F,0x13,0x01,0x00,0x77,0x0E,0x00,0x00,0x7F,0x02,0x00,0x00,0x87,0x1F,
  0x00,0x00,0x8F,0x1F,0x00,0x00,0x97,0x1F,0x01,0x00,0x9F,0x1F,0x00,0x00,0xA7,0x01,
  0x00,0x00,0xAF,0x16,0x00,0x00,0xB7,0x0D,0x00,0x00,0xBF,0x14,0x01,0x00,0xC7,0xC0,
  0x00,0x00,0xCF,0x07,0x00,0x00,0xD7,0x4F,0x00,0x00,0xDF,0x54,0x00,0x00,0xE7,0xC5,
  0x00,0x00,0xEF,0x68,0x01,0x00,0xF7,0xFA,0x00,0x00,0xFF,0xF8,0x00,0x00,0x3F,0x00,
  0x01,0x00,0x77,0x10,0x01,0x00,0x7F,0x04,0x00,0x00,0x27,0xF4,0x01,0x00,0x37,0x14,
  0x00,0x00,0x2F,0x6C,0x00,0x00,0x08,0x7F,0x5C,0x00,0x34,0xF8,0x01,0x00,0x35,0x44,
  0x75,0x00,0x34,0x14,0x00,0x00,0x2C,0x4E,0x01,0x00,0x35,0x28,0x75,0x00,0x34,0x30,
  0x01,0x00,0x35,0x0C,0x75,0x00,0x34,0x4C,0x01,0x00,0x35,0xF0,0x00,0x00,0x2D,0x4D,
  0x74,0x00,0x34,0x68,0x01,0x00,0x35,0xD4,0x75,0x00,0x34,0x84,0x01,0x00,0x35,0xB8,
  0x75,0x00,0x34,0x68,0x01,0x00,0x35,0xD4,0x75,0x00,0x34,0x4C,0x01,0x00,0x35,0xF0,
  0x72,0x00,0x08,0x00,0x03,0x00,0x34,0x30,0x01,0x00,0x35,0x0C,0x00,0x00,0x2D,0x4E,
  0x72,0x00,0x08,0x01,0x01,0x00,0x08,0x02,0x01,0x00,0x08,0x03,0x01,0x00,0x34,0x14,
  0x01,0x00,0x35,0x28,0x74,0x00,0x34,0xF8,0x00,0x00,0x2C,0x4D,0x01,0x00,0x35,0x44,
  0x76,0x00,0x34,0xDC,0x01,0x00,0x35,0x60,0x01,0x00,0x08,0x06,0x01,0x00,0x08,0x07,
  0x71,0x00,0x34,0xC0,0x02,0x00,0x35,0x7C,0x74,0x00,0x34,0xA4,0x01,0x00,0x35,0x98,
  0x75,0x00,0x34,0xC0,0x01,0x00,0x35,0x7C,0x75,0x00,0x34,0xDC,0x01,0x00,0x35,0x60,
  0x75,0x00,0x34,0xF8,0x01,0x00,0x35,0x44,0x74,0x00,0x34,0x14,0x00,0x00,0x2C,0x4E,
  0x02,0x00,0x35,0x28,0x74,0x00,0x34,0x30,0x01,0x00,0x35,0x0C,0x75,0x00,0x34,0x4C,
  0x01,0x00,0x35,0xF0,0x00,0x00,0x2D,0x4D,0x75,0x00,0x34,0x68,0x01,0x00,0x35,0xD4,
  0x75,0x00,0x34,0x84,0x01,0x00,0x35,0xB8,0x74,0x00,0x34,0x68,0x01,0x00,0x35,0xD4,
  0x76,0x00,0x34,0x4C,0x00,0x00,0x08,0x05,0x01,0x00,0x35,0xF0,0x03,0x00,0x08,0x7F,
  0x71,0x00,0x34,0x30,0x01,0x00,0x35,0x0C,0x00,0x00,0x2D,0x4E,0x74,0x00,0x34,0x14,
  0x01,0x00,0x35,0x28,0x75,0x00,0x34,0xF8,0x00,0x00,0x2C,0x4D,0x01,0x00,0x35,0x44,
  0x75,0x00,0x34,0xDC,0x01,0x00,0x35,0x60,0x75,0x00,0x34,0xC0,0x01,0x00,0x35,0x7C,
  0x75,0x00,0x34,0xA4,0x01,0x00,0x35,0x98,0x74,0x00,0x34,0xC0,0x01,0x00,0x35,0x7C,
  0x75,0x00,0x34,0xDC,0x01,0x00,0x35,0x60,0x75,0x00,0x34,0xF8,0x01,0x00,0x35,0x44,
  0x75,0x00,0x34,0x14,0x00,0x00,0x2C,0x4E,0x01,0x00,0x35,0x28,0x74,0x00,0x34,0x30,
  0x01,0x00,0x35,0x0C,0x76,0x00,0x34,0x4C,0x01,0x00,0x35,0xF0,0x00,0x00,0x2D,0x4D,
  0x01,0x00,0x08,0x07,0x73,0x00,0x34,0x68,0x01,0x00,0x35,0xD4,0x74,0x00,0x34,0x84,
  0x02,0x00,0x35,0xB8,0x74,0x00,0x34,0x68,0x01,0x00,0x35,0xD4,0x75,0x00,0x34,0x4C,
  0x01,0x00,0x35,0xF0,0x75,0x00,0x34,0x30,0x01,0x00,0x35,0x0C,0x00,0x00,0x2D,0x4E,
  0x75,0x00,0x34,0x14,0x01,0x00,0x35,0x28,0x74,0x00,0x34,0xF8,0x01,0x00,0x2C,0x4D,
  0x01,0x00,0x35,0x44,0x74,0x00,0x34,0xDC,0x01,0x00,0x35,0x60,0x75,0x00,0x34,0xC0,
  0x01,0x00,0x35,0x7C,0x75,0x00,0x34,0xA4,0x01,0x00,0x35,0x98,0x74,0x00,0x34,0xC0,
  0x01,0x00,0x35,0x7C,0x74,0x00,0x08,0x78,0x01,0x00,0x08,0x79,0x02,0x00,0x08,0x7A,
  0x02,0x00,0x34,0xDC,0x01,0x00,0x35,0x60,0x02,0x00,0x08,0x7E,0x6F,0x00,0x34,0xF8,
  0x01,0x00,0x35,0x44,0x75,0x00,0x34,0x14,0x00,0x00,0x2C,0x4E,0x01,0x00,0x35,0x28,
  0x74,0x00,0x34,0x30,0x01,0x00,0x35,0x0C,0x75,0x00,0x34,0x4C,0x01,0x00,0x35,0xF0,
  0x00,0x00,0x2D,0x4D,0x75,0x00,0x34,0x68,0x01,0x00,0x35,0xD4,0x75,0x00,0x34,0x84,
  0x01,0x00,0x35,0xB8,0x75,0x00,0x34,0x68,0x00,0x00,0x35,0xD4,0x75,0x00,0x34,0x4C,
  0x01,0x00,0x35,0xF0,0x73,0x00,0x08,0x00,0x02,0x00,0x34,0x30,0x01,0x00,0x35,0x0C,
  0x00,0x00,0x2D,0x4E,0x73,0x00,0x08,0x01,0x01,0x00,0x08,0x02,0x01,0x00,0x34,0x14,
  0x01,0x00,0x35,0x28,0x74,0x00,0x34,0xF8,0x01,0x00,0x2C,0x4D,0x01,0x00,0x35,0x44,
  0x73,0x00,0x28,0x2D,0x01,0x00,0x08,0x78,0x01,0x00,0x29,0x4D,0x01,0x00,0x08,0x79,
  0x02,0x00,0x2A,0x46,0x00,0x00,0x08,0x7A,0x01,0x00,0x34,0xDC,0x01,0x00,0x35,0x60,
  0x01,0x00,0x08,0x06,0x02,0x00,0x2E,0x4D,0x00,0x00,0x08,0x7E,0x6E,0x00,0x34,0xC0,
  0x01,0x00,0x35,0x7C,0x74,0x00,0x34,0xA4,0x01,0x00,0x35,0x98,0x74,0x00,0x34,0xC0,
  0x02,0x00,0x35,0x7C,0x74,0x00,0x34,0xDC,0x01,0x00,0x35,0x60,0x75,0x00,0x34,0xF8,
  0x01,0x00,0x35,0x44,0x75,0x00,0x34,0x14,0x00,0x00,0x2C,0x4E,0x01,0x00,0x35,0x28,
  0x75,0x00,0x34,0x30,0x01,0x00,0x35,0x0C,0x74,0x00,0x34,0x4C,0x01,0x00,0x35,0xF0,
  0x01,0x00,0x2D,0x4D,0x72,0x00,0x08,0x00,0x02,0x00,0x34,0x68,0x01,0x00,0x35,0xD4,
  0x73,0x00,0x08,0x01,0x01,0x00,0x08,0x02,0x01,0x00,0x34,0x84,0x02,0x00,0x35,0xB8,
  0x74,0x00,0x34,0x68,0x01,0x00,0x35,0xD4,0x73,0x00,0x28,0x2C,0x01,0x00,0x08,0x78,
  0x01,0x00,0x29,0x4C,0x01,0x00,0x08,0x79,0x02,0x00,0x2A,0x45,0x00,0x00,0x08,0x7A,
  0x01,0x00,0x34,0x4C,0x01,0x00,0x35,0xF0,0x01,0x00,0x08,0x06,0x02,0x00,0x2E,0x4C,
  0x00,0x00,0x08,0x7E,0x6D,0x00,0x34,0x30,0x01,0x00,0x35,0x0C,0x00,0x00,0x2D,0x4E,
  0x75,0x00,0x34,0x14,0x01,0x00,0x35,0x28,0x75,0x00,0x34,0xF8,0x00,0x00,0x2C,0x4D,
  0x01,0x00,0x35,0x44,0x74,0x00,0x34,0xDC,0x01,0x00,0x35,0x60,0x75,0x00,0x34,0xC0,
  0x01,0x00,0x35,0x7C,0x75,0x00,0x34,0xA4,0x01,0x00,0x35,0x98,0x75,0x00,0x34,0xC0,
  0x01,0x00,0x35,0x7C,0x74,0x00,0x34,0xDC,0x01,0x00,0x35,0x60,0x73,0x00,0x08,0x00,
  0x02,0x00,0x34,0xF8,0x02,0x00,0x35,0x44,0x72,0x00,0x08,0x01,0x01,0x00,0x08,0x02,
  0x02,0x00,0x34,0x14,0x00,0x00,0x2C,0x4E,0x01,0x00,0x35,0x28,0x74,0x00,0x34,0x30,
  0x01,0x00,0x35,0x0C,0x74,0x00,0x28,0x29,0x00,0x00,0x08,0x78,0x02,0x00,0x29,0x49,
  0x00,0x00,0x08,0x79,0x02,0x00,0x2A,0x42,0x00,0x00,0x08,0x7A,0x02,0x00,0x2B,0x4E,
  0x01,0x00,0x08,0x7B,0x01,0x00,0x34,0x4C,0x01,0x00,0x35,0xF0,0x00,0x00,0x2D,0x4D,
  0x00,0x00,0x08,0x06,0x02,0x00,0x2E,0x49,0x00,0x00,0x08,0x7E,0x6B,0x00,0x34,0x68,
  0x01,0x00,0x35,0xD4,0x75,0x00,0x34,0x84,0x01,0x00,0x35,0xB8,0x75,0x00,0x34,0x68,
  0x00,0x00,0x35,0xD4,0x75,0x00,0x34,0x4C,0x01,0x00,0x35,0xF0,0x75,0x00,0x34,0x30,
  0x01,0x00,0x35,0x0C,0x01,0x00,0x2D,0x4E,0x74,0x00,0x34,0x14,0x01,0x00,0x35,0x28,
  0x75,0x00,0x34,0xF8,0x00,0x00,0x2C,0x4D,0x01,0x00,0x35,0x44,0x74,0x00,0x34,0xDC,
  0x01,0x00,0x35,0x60,0x75,0x00,0x34,0xC0,0x01,0x00,0x35,0x7C,0x75,0x00,0x34,0xA4,
  0x01,0x00,0x35,0x98,0x75,0x00,0x34,0xC0,0x01,0x00,0x35,0x7C,0x78,0x00,0x23,0xBA,
  0x02,0x00,0x44,0x74,0x00,0x00,0x4C,0x34,0x00,0x00,0x54,0x74,0x00,0x00,0x5C,0x34,
  0x01,0x00,0x64,0x16,0x00,0x00,0x6C,0x17,0x00,0x00,0x74,0x00,0x00,0x00,0x7C,0x00,
  0x00,0x00,0x84,0x1F,0x01,0x00,0x8C,0x1F,0x00,0x00,0x94,0x12,0x00,0x00,0x9C,0x1F,
  0x00,0x00,0xA4,0x00,0x01,0x00,0xAC,0x00,0x00,0x00,0xB4,0x00,0x00,0x00,0xBC,0x00,
  0x00,0x00,0xC4,0x00,0x00,0x00,0xCC,0x00,0x00,0x00,0xD4,0x01,0x00,0x00,0xDC,0x01,
  0x01,0x00,0xE4,0x00,0x00,0x00,0xEC,0x00,0x00,0x00,0xF4,0x36,0x00,0x00,0xFC,0x36,
  0x01,0x00,0x3C,0x00,0x01,0x00,0x74,0x0A,0x00,0x00,0x7C,0x0A,0x00,0x00,0x24,0xEC,
  0x01,0x00,0x34,0x14,0x00,0x00,0x2C,0x29,0x01,0x00,0x08,0x7C,0x00,0x00,0x35,0x60,
  0x02,0x00,0x26,0x7A,0x01,0x00,0x2E,0x4E,0x66,0x00,0x35,0x44,0x76,0x00,0x35,0x28,
  0x75,0x00,0x35,0x0C,0x76,0x00,0x35,0xF0,0x00,0x00,0x2D,0x4D,0x76,0x00,0x35,0xD4,
  0x76,0x00,0x35,0xB8,0x75,0x00,0x35,0xD4,0x76,0x00,0x35,0xF0,0x73,0x00,0x08,0x00,
  0x03,0x00,0x35,0x0C,0x00,0x00,0x2D,0x4E,0x76,0x00,0x35,0x28,0x75,0x00,0x35,0x44,
  0x75,0x00,0x08,0x78,0x03,0x00,0x35,0x60,0x74,0x00,0x35,0x7C,0x76,0x00,0x35,0x98,
  0x76,0x00,0x35,0x7C,0x75,0x00,0x35,0x60,0x76,0x00,0x35,0x44,0x76,0x00,0x35,0x28,
  0x76,0x00,0x35,0x0C,0x75,0x00,0x35,0xF0,0x00,0x00,0x2D,0x4D,0x73,0x00,0x08,0x00,
  0x03,0x00,0x35,0xD4,0x76,0x00,0x35,0xB8,0x75,0x00,0x35,0xD4,0x75,0x00,0x08,0x78,
  0x04,0x00,0x45,0x74,0x00,0x00,0x4D,0x34,0x00,0x00,0x55,0x74,0x00,0x00,0x5D,0x34,
  0x00,0x00,0x65,0x16,0x01,0x00,0x6D,0x17,0x00,0x00,0x75,0x00,0x00,0x00,0x7D,0x00,
  0x00,0x00,0x85,0x1F,0x00,0x00,0x8D,0x1F,0x01,0x00,0x95,0x12,0x00,0x00,0x9D,0x1F,
  0x00,0x00,0xA5,0x00,0x00,0x00,0xAD,0x00,0x01,0x00,0xB5,0x00,0x00,0x00,0xBD,0x00,
  0x00,0x00,0xC5,0x00,0x00,0x00,0xCD,0x00,0x00,0x00,0xD5,0x01,0x01,0x00,0xDD,0x01,
  0x00,0x00,0xE5,0x00,0x00,0x00,0xED,0x00,0x00,0x00,0xF5,0x36,0x00,0x00,0xFD,0x36,
  0x01,0x00,0x3D,0x00,0x01,0x00,0x75,0x10,0x00,0x00,0x7D,0x10,0x00,0x00,0x25,0xEC,
  0x00,0x00,0x35,0x28,0x01,0x00,0x2D,0x29,0x00,0x00,0x08,0x7D,0x03,0x00,0x47,0x22,
  0x00,0x00,0x4F,0xA7,0x00,0x00,0x57,0x94,0x00,0x00,0x5F,0xB2,0x01,0x00,0x67,0x29,
  0x00,0x00,0x6F,0x18,0x00,0x00,0x77,0x15,0x00,0x00,0x7F,0x00,0x00,0x00,0x87,0x1A,
  0x00,0x00,0x97,0x1A,0x01,0x00,0x9F,0x1A,0x00,0x00,0xA7,0x00,0x00,0x00,0xAF,0x12,
  0x00,0x00,0xB7,0x04,0x01,0x00,0xBF,0x12,0x00,0x00,0xC7,0x40,0x00,0x00,0xCF,0x83,
  0x00,0x00,0xD7,0xC0,0x00,0x00,0xDF,0x0A,0x01,0x00,0xE7,0x02,0x00,0x00,0xEF,0x36,
  0x00,0x00,0xF7,0x22,0x00,0x00,0xFF,0x18,0x02,0x00,0x7F,0x0D,0x00,0x00,0x27,0xFB,
  0x01,0x00,0x2F,0x3C,0x00,0x00,0x08,0x7F,0x24,0x03,0x34,0x28,0x76,0x00,0x34,0x40,
  0x73,0x00,0x08,0x00,0x03,0x00,0x34,0x58,0x75,0x00,0x34,0x70,0x76,0x00,0x34,0x58,
  0x75,0x00,0x08,0x78,0x02,0x00,0x34,0x40,0x75,0x00,0x34,0x28,0x75,0x00,0x34,0x14,
  0x76,0x00,0x34,0xFC,0x00,0x00,0x2C,0x28,0x76,0x00,0x34,0xE4,0x76,0x00,0x34,0xCC,
  0x75,0x00,0x08,0x04,0x01,0x00,0x34,0xB8,0x75,0x00,0x34,0xCC,0x76,0x00,0x34,0xE4,
  0x73,0x00,0x08,0x00,0x03,0x00,0x34,0xFC,0x76,0x00,0x34,0x14,0x00,0x00,0x2C,0x29,
  0x75,0x00,0x34,0x28,0x75,0x00,0x08,0x78,0x03,0x00,0x34,0x14,0x00,0x00,0x2C,0x38,
  0x01,0x00,0x08,0x7C,0x01,0x00,0x08,0x07,0x01,0x00,0x08,0x7F,0x34,0x03,0x35,0x3C,
  0x76,0x00,0x35,0x54,0x73,0x00,0x08,0x00,0x03,0x00,0x35,0x6C,0x75,0x00,0x35,0x84,
  0x76,0x00,0x35,0x6C,0x74,0x00,0x08,0x78,0x03,0x00,0x35,0x54,0x75,0x00,0x35,0x3C,
  0x75,0x00,0x35,0x28,0x76,0x00,0x35,0x10,0x76,0x00,0x35,0xF8,0x00,0x00,0x2D,0x28,
  0x76,0x00,0x35,0xE0,0x75,0x00,0x35,0xCC,0x76,0x00,0x35,0xE0,0x76,0x00,0x35,0xF8,
  0x73,0x00,0x08,0x00,0x03,0x00,0x35,0x10,0x00,0x00,0x2D,0x29,0x75,0x00,0x35,0x28,
  0x76,0x00,0x35,0x3C,0x75,0x00,0x08,0x78,0x02,0x00,0x08,0x05,0x02,0x00,0x35,0x28,
  0x00,0x00,0x2D,0x38,0x00,0x00,0x08,0x7D,0x01,0x00,0x08,0x07,0x01,0x00,0x08,0x7F,
  0x33,0x03,0x34,0x28,0x75,0x00,0x34,0x40,0x74,0x00,0x08,0x00,0x02,0x00,0x34,0x58,
  0x76,0x00,0x34,0x70,0x76,0x00,0x34,0x58,0x74,0x00,0x08,0x78,0x01,0x00,0x08,0x01,
  0x00,0x00,0x08,0x02,0x01,0x00,0x08,0x03,0x02,0x00,0x34,0x40,0x73,0x00,0x34,0x28,
  0x76,0x00,0x34,0x14,0x76,0x00,0x34,0xFC,0x00,0x00,0x2C,0x36,0x75,0x00,0x34,0xE4,
  0x76,0x00,0x34,0xCC,0x76,0x00,0x08,0x04,0x00,0x00,0x34,0xB8,0x76,0x00,0x34,0xCC,
  0x75,0x00,0x34,0xE4,0x74,0x00,0x08,0x00,0x03,0x00,0x34,0xFC,0x75,0x00,0x34,0x14,
  0x00,0x00,0x2C,0x38,0x76,0x00,0x34,0x28,0x75,0x00,0x28,0x2C,0x00,0x00,0x08,0x78,
  0x02,0x00,0x29,0x45,0x00,0x00,0x08,0x79,0x02,0x00,0x2A,0x41,0x00,0x00,0x08,0x7A,
  0x02,0x00,0x2B,0x4C,0x00,0x00,0x08,0x7B,0x02,0x00,0x34,0x14,0x00,0x00,0x2C,0x35,
  0x00,0x00,0x08,0x7C,0x01,0x00,0x08,0x06,0x02,0x00,0x2E,0x4C,0x01,0x00,0x08,0x7E,
  0x00,0x00,0x08,0x07,0x01,0x00,0x08,0x7F,0x2C,0x03,0x35,0x3C,0x76,0x00,0x35,0x54,
  0x73,0x00,0x08,0x00,0x03,0x00,0x35,0x6C,0x76,0x00,0x35,0x84,0x76,0x00,0x35,0x6C,
  0x74,0x00,0x08,0x78,0x02,0x00,0x35,0x54,0x75,0x00,0x35,0x3C,0x76,0x00,0x35,0x28,
  0x76,0x00,0x35,0x10,0x75,0x00,0x35,0xF8,0x00,0x00,0x2D,0x36,0x76,0x00,0x35,0xE0,
  0x76,0x00,0x35,0xCC,0x76,0x00,0x35,0xE0,0x75,0x00,0x35,0xF8,0x73,0x00,0x08,0x00,
  0x03,0x00,0x35,0x10,0x01,0x00,0x2D,0x38,0x75,0x00,0x35,0x28,0x75,0x00,0x35,0x3C,
  0x75,0x00,0x08,0x78,0x02,0x00,0x08,0x05,0x02,0x00,0x35,0x28,0x00,0x00,0x2D,0x35,
  0x00,0x00,0x08,0x7D,0x01,0x00,0x08,0x07,0x02,0x00,0x08,0x7F,0x32,0x03,0x34,0x28,
  0x76,0x00,0x34,0x40,0x73,0x00,0x08,0x00,0x03,0x00,0x34,0x58,0x75,0x00,0x34,0x70,
  0x76,0x00,0x34,0x58,0x75,0x00,0x08,0x78,0x02,0x00,0x34,0x40,0x75,0x00,0x34,0x28,
  0x75,0x00,0x34,0x14,0x76,0x00,0x34,0xFC,0x00,0x00,0x2C,0x34,0x76,0x00,0x34,0xE4,
  0x76,0x00,0x34,0xCC,0x75,0x00,0x34,0xB8,0x76,0x00,0x34,0xCC,0x76,0x00,0x34,0xE4,
  0x73,0x00,0x08,0x00,0x03,0x00,0x34,0xFC,0x75,0x00,0x34,0x14,0x00,0x00,0x2C,0x35,
  0x76,0x00,0x34,0x28,0x75,0x00,0x08,0x78,0x02,0x00,0x34,0x40,0x02,0x00,0x08,0x07,
  0x01,0x00,0x08,0x7F,0x71,0x00,0x34,0x58,0x77,0x00,0x34,0x70,0x75,0x00,0x34,0x58,
  0x76,0x00,0x34,0x40,0x76,0x00,0x34,0x28,0x76,0x00,0x34,0x14,0x75,0x00,0x34,0xFC,
  0x01,0x00,0x2C,0x34,0x00,0x00,0x35,0x3C,0x75,0x00,0x34,0xE4,0x01,0x00,0x35,0x54,
  0x73,0x00,0x08,0x00,0x02,0x00,0x34,0xCC,0x01,0x00,0x35,0x6C,0x75,0x00,0x34,0xB8,
  0x01,0x00,0x35,0x84,0x74,0x00,0x34,0xCC,0x01,0x00,0x35,0x6C,0x74,0x00,0x08,0x78,
  0x02,0x00,0x34,0xE4,0x01,0x00,0x35,0x54,0x74,0x00,0x34,0xFC,0x01,0x00,0x35,0x3C,
  0x75,0x00,0x34,0x14,0x00,0x00,0x2C,0x35,0x01,0x00,0x35,0x28,0x74,0x00,0x34,0x28,
  0x01,0x00,0x35,0x10,0x75,0x00,0x34,0x40,0x01,0x00,0x35,0xF8,0x00,0x00,0x2D,0x34,
  0x75,0x00,0x34,0x58,0x01,0x00,0x35,0xE0,0x75,0x00,0x34,0x70,0x01,0x00,0x35,0xCC,
  0x74,0x00,0x34,0x58,0x02,0x00,0x35,0xE0,0x74,0x00,0x34,0x40,0x01,0x00,0x35,0xF8,
  0x73,0x00,0x08,0x00,0x02,0x00,0x34,0x28,0x01,0x00,0x35,0x10,0x00,0x00,0x2D,0x35,
  0x75,0x00,0x34,0x14,0x01,0x00,0x35,0x28,0x74,0x00,0x34,0xFC,0x00,0x00,0x2C,0x34,
  0x02,0x00,0x35,0x3C,0x73,0x00,0x08,0x78,0x02,0x00,0x34,0xE4,0x01,0x00,0x35,0x54,
  0x01,0x00,0x08,0x07,0x02,0x00,0x08,0x7F,0x71,0x00,0x34,0xCC,0x01,0x00,0x35,0x6C,
  0x75,0x00,0x34,0xB8,0x01,0x00,0x35,0x84,0x75,0x00,0x34,0xCC,0x01,0x00,0x35,0x6C,
  0x74,0x00,0x34,0xE4,0x01,0x00,0x35,0x54,0x75,0x00,0x34,0xFC,0x01,0x00,0x35,0x3C,
  0x75,0x00,0x34,0x14,0x00,0x00,0x2C,0x35,0x01,0x00,0x35,0x28,0x75,0x00,0x34,0x28,
  0x00,0x00,0x35,0x10,0x76,0x00,0x34,0x40,0x00,0x00,0x35,0xF8,0x01,0x00,0x2D,0x34,
  0x72,0x00,0x08,0x00,0x02,0x00,0x34,0x58,0x01,0x00,0x35,0xE0,0x75,0x00,0x34,0x70,
  0x01,0x00,0x35,0xCC,0x75,0x00,0x34,0x58,0x01,0x00,0x35,0xE0,0x73,0x00,0x08,0x78,
  0x01,0x00,0x08,0x01,0x00,0x00,0x08,0x02,0x01,0x00,0x08,0x03,0x01,0x00,0x08,0x04,
  0x01,0x00,0x34,0x40,0x01,0x00,0x35,0xF8,0x72,0x00,0x34,0x28,0x01,0x00,0x35,0x10,
  0x01,0x00,0x2D,0x35,0x74,0x00,0x34,0x14,0x01,0x00,0x35,0x28,0x75,0x00,0x34,0xFC,
  0x00,0x00,0x2C,0x34,0x01,0x00,0x35,0x3C,0x74,0x00,0x34,0xE4,0x01,0x00,0x35,0x54,
  0x75,0x00,0x34,0xCC,0x01,0x00,0x35,0x6C,0x75,0x00,0x34,0xB8,0x01,0x00,0x35,0x84,
  0x75,0x00,0x34,0xCC,0x01,0x00,0x35,0x6C,0x74,0x00,0x34,0xE4,0x02,0x00,0x35,0x54,
  0x72,0x00,0x08,0x00,0x02,0x00,0x34,0xFC,0x01,0x00,0x35,0x3C,0x75,0x00,0x34,0x14,
  0x00,0x00,0x2C,0x35,0x01,0x00,0x35,0x28,0x75,0x00,0x34,0x28,0x01,0x00,0x35,0x10,
  0x73,0x00,0x28,0x32,0x00,0x00,0x08,0x78,0x03,0x00,0x29,0x4C,0x00,0x00,0x08,0x79,
  0x02,0x00,0x2A,0x48,0x00,0x00,0x08,0x7A,0x02,0x00,0x2B,0x52,0x00,0x00,0x08,0x7B,
  0x02,0x00,0x34,0x14,0x00,0x00,0x2C,0x2C,0x00,0x00,0x08,0x7C,0x01,0x00,0x35,0xF8,
  0x00,0x00,0x2D,0x34,0x01,0x00,0x08,0x06,0x02,0x00,0x2E,0x52,0x00,0x00,0x08,0x7E,
  0x00,0x00,0x08,0x07,0x02,0x00,0x08,0x7F,0x69,0x00,0x35,0xE0,0x76,0x00,0x35,0xCC,
  0x75,0x00,0x35,0xE0,0x76,0x00,0x35,0xF8,0x76,0x00,0x35,0x10,0x00,0x00,0x2D,0x35,
  0x76,0x00,0x35,0x28,0x75,0x00,0x35,0x3C,0x76,0x00,0x35,0x54,0x73,0x00,0x08,0x00,
  0x03,0x00,0x35,0x6C,0x76,0x00,0x35,0x84,0x75,0x00,0x35,0x6C,0x74,0x00,0x08,0x78,
  0x03,0x00,0x35,0x54,0x75,0x00,0x35,0x3C,0x76,0x00,0x35,0x28,0x75,0x00,0x35,0x10,
  0x76,0x00,0x35,0xF8,0x00,0x00,0x2D,0x34,0x76,0x00,0x35,0xE0,0x76,0x00,0x35,0xCC,
  0x75,0x00,0x35,0xE0,0x76,0x00,0x35,0xF8,0x73,0x00,0x08,0x00,0x03,0x00,0x35,0x10,
  0x00,0x00,0x2D,0x35,0x76,0x00,0x35,0x28,0x75,0x00,0x35,0x3C,0x75,0x00,0x08,0x78,
  0x02,0x00,0x08,0x05,0x02,0x00,0x35,0x28,0x00,0x00,0x2D,0x2C,0x00,0x00,0x08,0x7D,
  0x01,0x00,0x08,0x07,0x02,0x00,0x08,0x7F,0x32,0x03,0x34,0x28,0x76,0x00,0x34,0x40,
  0x73,0x00,0x08,0x00,0x03,0x00,0x34,0x58,0x75,0x00,0x34,0x70,0x76,0x00,0x34,0x58,
  0x74,0x00,0x08,0x78,0x03,0x00,0x34,0x40,0x75,0x00,0x34,0x28,0x75,0x00,0x34,0x14,
  0x76,0x00,0x34,0xFC,0x00,0x00,0x2C,0x2A,0x76,0x00,0x34,0xE4,0x76,0x00,0x34,0xCC,
  0x75,0x00,0x08,0x04,0x00,0x00,0x34,0xB8,0x76,0x00,0x34,0xCC,0x76,0x00,0x34,0xE4,
  0x73,0x00,0x08,0x00,0x03,0x00,0x34,0xFC,0x75,0x00,0x34,0x14,0x01,0x00,0x2C,0x2C,
  0x75,0x00,0x34,0x28,0x75,0x00,0x08,0x78,0x03,0x00,0x34,0x14,0x01,0x00,0x2C,0x39,
  0x00,0x00,0x08,0x7C,0x01,0x00,0x08,0x07,0x02,0x00,0x08,0x7F,0x33,0x03,0x35,0x3C,
  0x76,0x00,0x35,0x54,0x73,0x00,0x08,0x00,0x03,0x00,0x35,0x6C,0x75,0x00,0x35,0x84,
  0x76,0x00,0x35,0x6C,0x74,0x00,0x08,0x78,0x03,0x00,0x35,0x54,0x74,0x00,0x35,0x3C,
  0x76,0x00,0x35,0x28,0x76,0x00,0x35,0x10,0x76,0x00,0x35,0xF8,0x00,0x00,0x2D,0x2A,
  0x75,0x00,0x35,0xE0,0x76,0x00,0x35,0xCC,0x76,0x00,0x35,0xE0,0x76,0x00,0x35,0xF8,
  0x73,0x00,0x08,0x00,0x03,0x00,0x35,0x10,0x00,0x00,0x2D,0x2C,0x75,0x00,0x35,0x28,
  0x76,0x00,0x35,0x3C,0x74,0x00,0x08,0x78,0x02,0x00,0x08,0x05,0x02,0x00,0x35,0x28,
  0x00,0x00,0x2D,0x39,0x01,0x00,0x08,0x7D,0x01,0x00,0x08,0x07,0x01,0x00,0x08,0x7F,
  0x33,0x03,0x34,0x28,0x75,0x00,0x34,0x40,0x73,0x00,0x08,0x00,0x03,0x00,0x34,0x58,
  0x76,0x00,0x34,0x70,0x76,0x00,0x34,0x58,0x74,0x00,0x08,0x78,0x01,0x00,0x08,0x01,
  0x00,0x00,0x08,0x02,0x01,0x00,0x08,0x03,0x01,0x00,0x34,0x40,0x74,0x00,0x34,0x28,
  0x76,0x00,0x34,0x14,0x76,0x00,0x34,0xFC,0x00,0x00,0x2C,0x38,0x75,0x00,0x34,0xE4,
  0x76,0x00,0x34,0xCC,0x75,0x00,0x08,0x04,0x01,0x00,0x34,0xB8,0x76,0x00,0x34,0xCC,
  0x75,0x00,0x34,0xE4,0x74,0x00,0x08,0x00,0x02,0x00,0x34,0xFC,0x76,0x00,0x34,0x14,
  0x00,0x00,0x2C,0x39,0x76,0x00,0x34,0x28,0x74,0x00,0x28,0x34,0x01,0x00,0x08,0x78,
  0x02,0x00,0x29,0x4E,0x00,0x00,0x08,0x79,0x02,0x00,0x08,0x7A,0x01,0x00,0x2B,0x54,
  0x01,0x00,0x08,0x7B,0x02,0x00,0x34,0x14,0x00,0x00,0x2C,0x38,0x00,0x00,0x08,0x7C,
  0x01,0x00,0x08,0x06,0x02,0x00,0x2E,0x54,0x00,0x00,0x08,0x7E,0x01,0x00,0x08,0x07,
  0x01,0x00,0x08,0x7F,0x2C,0x03,0x35,0x3C,0x76,0x00,0x35,0x54,0x73,0x00,0x08,0x00,
  0x03,0x00,0x35,0x6C,0x76,0x00,0x35,0x84,0x75,0x00,0x35,0x6C,0x74,0x00,0x08,0x78,
  0x03,0x00,0x35,0x54,0x75,0x00,0x35,0x3C,0x76,0x00,0x35,0x28,0x75,0x00,0x35,0x10,
  0x76,0x00,0x35,0xF8,0x00,0x00,0x2D,0x38,0x76,0x00,0x35,0xE0,0x76,0x00,0x35,0xCC,
  0x75,0x00,0x35,0xE0,0x76,0x00,0x35,0xF8,0x73,0x00,0x08,0x00,0x02,0x00,0x08,0x04,
  0x02,0x00,0x35,0x10,0x00,0x00,0x2D,0x39,0x75,0x00,0x35,0x28,0x75,0x00,0x35,0x3C,
  0x75,0x00,0x08,0x78,0x03,0x00,0x08,0x7C,0x00,0x00,0x08,0x05,0x02,0x00,0x35,0x28,
  0x00,0x00,0x2D,0x38,0x01,0x00,0x08,0x7D,0x00,0x00,0x08,0x07,0x02,0x00,0x08,0x7F,
  0x1A,0x04,0x08,0x00,0x63,0x01,0x08,0x78,0x22,0x04,0x08,0x00,0x02,0x00,0x08,0x04,
  0x61,0x01,0x08,0x78,0x03,0x00,0x2C,0x3C,0x00,0x00,0x08,0x7C,0x01,0x00,0x08,0x05,
  0x02,0x00,0x08,0x7D,0x00,0x00,0x08,0x07,0x02,0x00,0x08,0x7F,0x1A,0x04,0x08,0x00,
  0x63,0x01,0x08,0x78,0x23,0x04,0x08,0x00,0x02,0x00,0x08,0x04,0x60,0x01,0x08,0x78,
  0x03,0x00,0x2C,0x38,0x01,0x00,0x08,0x7C,0x00,0x00,0x08,0x05,0x02,0x00,0x2D,0x3C,
  0x00,0x00,0x08,0x7D,0x01,0x00,0x08,0x07,0x02,0x00,0x08,0x7F,0x1A,0x04,0x08,0x00,
  0x62,0x01,0x08,0x78,0x01,0x00,0x08,0x01,0x00,0x00,0x08,0x02,0x01,0x00,0x08,0x03,
  0x21,0x04,0x08,0x00,0x02,0x00,0x08,0x04,0x60,0x01,0x28,0x35,0x01,0x00,0x08,0x78,
  0x02,0x00,0x08,0x79,0x02,0x00,0x2A,0x49,0x00,0x00,0x08,0x7A,0x03,0x00,0x2B,0x55,
  0x00,0x00,0x08,0x7B,0x02,0x00,0x2C,0x39,0x00,0x00,0x08,0x7C,0x00,0x00,0x08,0x05,
  0x02,0x00,0x2D,0x38,0x00,0x00,0x08,0x7D,0x01,0x00,0x08,0x06,0x02,0x00,0x2E,0x55,
  0x00,0x00,0x08,0x7E,0x00,0x00,0x08,0x07,0x02,0x00,0x08,0x7F,0x12,0x04,0x08,0x00,
  0x62,0x01,0x08,0x78,0x23,0x04,0x08,0x00,0x63,0x01,0x08,0x78,0x02,0x00,0x08,0x05,
  0x02,0x00,0x2D,0x39,0x00,0x00,0x08,0x7D,0x01,0x00,0x08,0x07,0x01,0x00,0x08,0x7F,
  0x33,0x03,0x34,0x28,0x75,0x00,0x34,0x40,0x74,0x00,0x08,0x00,0x03,0x00,0x34,0x58,
  0x75,0x00,0x34,0x70,0x76,0x00,0x34,0x58,0x75,0x00,0x08,0x78,0x02,0x00,0x34,0x40,
  0x74,0x00,0x34,0x28,0x76,0x00,0x34,0x14,0x76,0x00,0x34,0xFC,0x00,0x00,0x2C,0x38,
  0x76,0x00,0x34,0xE4,0x75,0x00,0x34,0xCC,0x76,0x00,0x08,0x04,0x01,0x00,0x34,0xB8,
  0x75,0x00,0x34,0xCC,0x76,0x00,0x34,0xE4,0x73,0x00,0x08,0x00,0x03,0x00,0x34,0xFC,
  0x75,0x00,0x34,0x14,0x00,0x00,0x2C,0x39,0x76,0x00,0x34,0x28,0x75,0x00,0x08,0x78,
  0x03,0x00,0x34,0x14,0x00,0x00,0x2C,0x35,0x00,0x00,0x08,0x7C,0x02,0x00,0x08,0x07,
  0x02,0x00,0x08,0x7F,0x33,0x03,0x35,0x3C,0x75,0x00,0x35,0x54,0x73,0x00,0x08,0x00,
  0x04,0x00,0x35,0x6C,0x75,0x00,0x35,0x84,0x76,0x00,0x35,0x6C,0x74,0x00,0x08,0x78,
  0x03,0x00,0x35,0x54,0x74,0x00,0x35,0x3C,0x76,0x00,0x35,0x28,0x76,0x00,0x35,0x10,
  0x76,0x00,0x35,0xF8,0x00,0x00,0x2D,0x38,0x75,0x00,0x35,0xE0,0x76,0x00,0x35,0xCC,
  0x76,0x00,0x35,0xE0,0x76,0x00,0x35,0xF8,0x73,0x00,0x08,0x00,0x02,0x00,0x08,0x04,
  0x01,0x00,0x35,0x10,0x00,0x00,0x2D,0x39,0x75,0x00,0x35,0x28,0x76,0x00,0x35,0x3C,
  0x74,0x00,0x08,0x78,0x06,0x00,0x2C,0x38,0x00,0x00,0x08,0x7C,0x00,0x00,0x08,0x05,
  0x02,0x00,0x35,0x28,0x00,0x00,0x2D,0x35,0x01,0x00,0x08,0x7D,0x01,0x00,0x08,0x07,
  0x02,0x00,0x08,0x7F,0x17,0x04,0x08,0x00,0x76,0x00,0x08,0x01,0x01,0x00,0x08,0x02,
  0x00,0x00,0x08,0x03,0x01,0x00,0x08,0x04,0xEB,0x00,0x28,0x30,0x00,0x00,0x08,0x78,
  0x01,0x00,0x29,0x50,0x01,0x00,0x08,0x79,0x01,0x00,0x08,0x7A,0x02,0x00,0x08,0x7B,
  0x02,0x00,0x2C,0x39,0x00,0x00,0x08,0x7C,0x01,0x00,0x08,0x06,0x02,0x00,0x08,0x7E,
  0x7D,0x05,0x08,0x05,0x02,0x00,0x2D,0x38,0x00,0x00,0x08,0x7D,0x01,0x00,0x08,0x07,
  0x02,0x00,0x08,0x7F,0x1B,0x04,0x08,0x00,0x62,0x01,0x08,0x78,0x03,0x00,0x08,0x05,
  0x02,0x00,0x2D,0x39,0x00,0x00,0x08,0x7D,0x35,0x03,0x34,0x28,0x76,0x00,0x34,0x40,
  0x73,0x00,0x08,0x00,0x03,0x00,0x34,0x58,0x75,0x00,0x34,0x70,0x76,0x00,0x34,0x58,
  0x74,0x00,0x08,0x78,0x03,0x00,0x34,0x40,0x02,0x00,0x08,0x07,0x02,0x00,0x08,0x7F,
  0x70,0x00,0x34,0x28,0x76,0x00,0x34,0x14,0x76,0x00,0x34,0xFC,0x00,0x00,0x2C,0x38,
  0x76,0x00,0x34,0xE4,0x75,0x00,0x34,0xCC,0x76,0x00,0x34,0xB8,0x76,0x00,0x34,0xCC,
  0x76,0x00,0x34,0xE4,0x73,0x00,0x08,0x00,0x03,0x00,0x34,0xFC,0x75,0x00,0x34,0x14,
  0x00,0x00,0x2C,0x39,0x76,0x00,0x34,0x28,0x75,0x00,0x08,0x78,0x02,0x00,0x34,0x40,
  0x75,0x00,0x34,0x58,0x75,0x00,0x34,0x70,0x76,0x00,0x34,0x58,0x76,0x00,0x34,0x40,
  0x75,0x00,0x34,0x28,0x75,0x00,0x08,0x04,0x02,0x00,0x34,0x14,0x75,0x00,0x34,0xFC,
  0x00,0x00,0x2C,0x38,0x01,0x00,0x35,0x3C,0x75,0x00,0x34,0xE4,0x01,0x00,0x35,0x54,
  0x72,0x00,0x08,0x00,0x03,0x00,0x34,0xCC,0x01,0x00,0x35,0x6C,0x74,0x00,0x34,0xB8,
  0x01,0x00,0x35,0x84,0x75,0x00,0x34,0xCC,0x01,0x00,0x35,0x6C,0x74,0x00,0x08,0x78,
  0x03,0x00,0x34,0x14,0x00,0x00,0x2C,0x39,0x00,0x00,0x08,0x7C,0x01,0x00,0x35,0x54,
  0x01,0x00,0x08,0x07,0x02,0x00,0x08,0x7F,0x70,0x00,0x35,0x3C,0x76,0x00,0x35,0x28,
  0x75,0x00,0x35,0x10,0x76,0x00,0x35,0xF8,0x01,0x00,0x2D,0x38,0x75,0x00,0x35,0xE0,
  0x76,0x00,0x35,0xCC,0x76,0x00,0x35,0xE0,0x75,0x00,0x35,0xF8,0x73,0x00,0x08,0x00,
  0x04,0x00,0x35,0x10,0x00,0x00,0x2D,0x39,0x74,0x00,0x08,0x04,0x01,0x00,0x35,0x28,
  0x76,0x00,0x35,0x3C,0x74,0x00,0x08,0x78,0x03,0x00,0x2C,0x38,0x00,0x00,0x08,0x7C,
  0x01,0x00,0x35,0x54,0x73,0x00,0x35,0x6C,0x76,0x00,0x35,0x84,0x76,0x00,0x35,0x6C,
  0x76,0x00,0x35,0x54,0x75,0x00,0x35,0x3C,0x76,0x00,0x35,0x28,0x76,0x00,0x35,0x10,
  0x76,0x00,0x35,0xF8,0x00,0x00,0x2D,0x38,0x72,0x00,0x08,0x00,0x04,0x00,0x35,0xE0,
  0x74,0x00,0x08,0x04,0x01,0x00,0x35,0xCC,0x76,0x00,0x35,0xE0,0x74,0x00,0x08,0x78,
  0x00,0x00,0x08,0x01,0x01,0x00,0x08,0x02,0x01,0x00,0x08,0x03,0x02,0x00,0x2C,0x35,
  0x00,0x00,0x08,0x7C,0x01,0x00,0x08,0x05,0x01,0x00,0x35,0x28,0x00,0x00,0x2D,0x39,
  0x01,0x00,0x08,0x7D,0x01,0x00,0x08,0x07,0x02,0x00,0x08,0x7F,0x18,0x04,0x08,0x00,
  0x78,0x00,0x08,0x04,0xEB,0x00,0x28,0x2C,0x01,0x00,0x08,0x78,0x01,0x00,0x29,0x4C,
  0x01,0x00,0x08,0x79,0x02,0x00,0x2A,0x45,0x00,0x00,0x08,0x7A,0x02,0x00,0x2B,0x52,
  0x00,0x00,0x08,0x7B,0x02,0x00,0x08,0x7C,0x00,0x00,0x08,0x05,0x02,0x00,0x2D,0x38,
  0x00,0x00,0x08,0x7D,0x01,0x00,0x08,0x06,0x01,0x00,0x2E,0x52,0x00,0x00,0x08,0x7E,
  0x7B,0x05,0x08,0x05,0x02,0x00,0x2D,0x35,0x00,0x00,0x08,0x7D,0x01,0x00,0x08,0x07,
  0x02,0x00,0x08,0x7F,0x1B,0x04,0x08,0x00,0x01,0x00,0x08,0x01,0x00,0x00,0x08,0x02,
  0x01,0x00,0x08,0x03,0x60,0x01,0x08,0x78,0x02,0x00,0x08,0x79,0x02,0x00,0x08,0x7A,
  0x01,0x00,0x08,0x7B,0x01,0x00,0x08,0x05,0x02,0x00,0x08,0x7D,0x00,0x00,0x08,0x06,
  0x02,0x00,0x08,0x7E,0x30,0x03,0x34,0x28,0x75,0x00,0x34,0x40,0x74,0x00,0x08,0x00,
  0x03,0x00,0x34,0x58,0x73,0x00,0x08,0x01,0x01,0x00,0x08,0x02,0x01,0x00,0x08,0x03,
  0x01,0x00,0x34,0x70,0x75,0x00,0x34,0x58,0x75,0x00,0x28,0x3C,0x00,0x00,0x08,0x78,
  0x02,0x00,0x08,0x79,0x01,0x00,0x08,0x7A,0x02,0x00,0x08,0x7B,0x01,0x00,0x34,0x40,
  0x02,0x00,0x08,0x06,0x01,0x00,0x08,0x7E,0x01,0x00,0x08,0x07,0x01,0x00,0x08,0x7F,
  0x6B,0x00,0x34,0x28,0x76,0x00,0x34,0x14,0x75,0x00,0x34,0xFC,0x01,0x00,0x2C,0x34,
  0x76,0x00,0x34,0xE4,0x75,0x00,0x34,0xCC,0x76,0x00,0x34,0xB8,0x76,0x00,0x34,0xCC,
  0x76,0x00,0x34,0xE4,0x73,0x00,0x08,0x00,0x03,0x00,0x34,0xFC,0x73,0x00,0x08,0x01,
  0x01,0x00,0x08,0x02,0x01,0x00,0x08,0x03,0x01,0x00,0x34,0x14,0x00,0x00,0x2C,0x35,
  0x75,0x00,0x34,0x28,0x75,0x00,0x28,0x2C,0x00,0x00,0x08,0x78,0x03,0x00,0x34,0x40,
  0x01,0x00,0x08,0x06,0x72,0x00,0x34,0x58,0x76,0x00,0x34,0x70,0x76,0x00,0x34,0x58,
  0x76,0x00,0x34,0x40,0x75,0x00,0x34,0x28,0x76,0x00,0x34,0x14,0x76,0x00,0x34,0xFC,
  0x00,0x00,0x2C,0x34,0x01,0x00,0x35,0x3C,0x75,0x00,0x34,0xE4,0x01,0x00,0x35,0x54,
  0x72,0x00,0x08,0x00,0x03,0x00,0x34,0xCC,0x01,0x00,0x35,0x6C,0x75,0x00,0x34,0xB8,
  0x01,0x00,0x35,0x84,0x74,0x00,0x34,0xCC,0x01,0x00,0x35,0x6C,0x74,0x00,0x28,0x39,
  0x00,0x00,0x08,0x78,0x02,0x00,0x08,0x79,0x01,0x00,0x08,0x7A,0x02,0x00,0x08,0x7B,
  0x01,0x00,0x34,0xE4,0x01,0x00,0x35,0x54,0x02,0x00,0x08,0x7E,0x00,0x00,0x08,0x07,
  0x02,0x00,0x08,0x7F,0x6C,0x00,0x34,0xFC,0x01,0x00,0x35,0x3C,0x74,0x00,0x34,0x14,
  0x01,0x00,0x2C,0x35,0x00,0x00,0x35,0x28,0x75,0x00,0x34,0x28,0x01,0x00,0x35,0x10,
  0x75,0x00,0x34,0x40,0x01,0x00,0x35,0xF8,0x00,0x00,0x2D,0x34,0x75,0x00,0x34,0x58,
  0x01,0x00,0x35,0xE0,0x74,0x00,0x34,0x70,0x02,0x00,0x35,0xCC,0x74,0x00,0x34,0x58,
  0x01,0x00,0x35,0xE0,0x75,0x00,0x34,0x40,0x01,0x00,0x35,0xF8,0x72,0x00,0x08,0x00,
  0x03,0x00,0x34,0x28,0x01,0x00,0x35,0x10,0x00,0x00,0x2D,0x35,0x73,0x00,0x08,0x01,
  0x00,0x00,0x08,0x02,0x01,0x00,0x08,0x03,0x01,0x00,0x34,0x14,0x01,0x00,0x35,0x28,
  0x74,0x00,0x34,0xFC,0x00,0x00,0x2C,0x34,0x01,0x00,0x35,0x3C,0x74,0x00,0x28,0x3C,
  0x00,0x00,0x08,0x78,0x02,0x00,0x08,0x79,0x02,0x00,0x08,0x7A,0x01,0x00,0x08,0x7B,
  0x01,0x00,0x34,0xE4,0x01,0x00,0x35,0x54,0x01,0x00,0x08,0x06,0x01,0x00,0x08,0x7E,
  0x6E,0x00,0x34,0xCC,0x01,0x00,0x35,0x6C,0x74,0x00,0x34,0xB8,0x02,0x00,0x35,0x84,
  0x74,0x00,0x34,0xCC,0x01,0x00,0x35,0x6C,0x75,0x00,0x34,0xE4,0x01,0x00,0x35,0x54,
  0x75,0x00,0x34,0xFC,0x01,0x00,0x35,0x3C,0x74,0x00,0x34,0x14,0x01,0x00,0x2C,0x35,
  0x01,0x00,0x35,0x28,0x74,0x00,0x34,0x28,0x01,0x00,0x35,0x10,0x75,0x00,0x34,0x40,
  0x01,0x00,0x35,0xF8,0x00,0x00,0x2D,0x34,0x72,0x00,0x08,0x00,0x03,0x00,0x34,0x58,
  0x01,0x00,0x35,0xE0,0x73,0x00,0x08,0x01,0x01,0x00,0x08,0x02,0x00,0x00,0x08,0x03,
  0x01,0x00,0x34,0x70,0x01,0x00,0x35,0xCC,0x74,0x00,0x34,0x58,0x01,0x00,0x35,0xE0,
  0x74,0x00,0x28,0x2C,0x00,0x00,0x08,0x78,0x03,0x00,0x34,0x40,0x01,0x00,0x35,0xF8,
  0x01,0x00,0x08,0x06,0x01,0x00,0x08,0x07,0x02,0x00,0x08,0x7F,0x6F,0x00,0x34,0x28,
  0x01,0x00,0x35,0x10,0x00,0x00,0x2D,0x35,0x75,0x00,0x34,0x14,0x01,0x00,0x35,0x28,
  0x74,0x00,0x34,0xFC,0x01,0x00,0x2C,0x34,0x00,0x00,0x35,0x3C,0x75,0x00,0x34,0xE4,
  0x01,0x00,0x35,0x54,0x75,0x00,0x34,0xCC,0x01,0x00,0x35,0x6C,0x75,0x00,0x34,0xB8,
  0x01,0x00,0x35,0x84,0x74,0x00,0x34,0xCC,0x01,0x00,0x35,0x6C,0x75,0x00,0x34,0xE4,
  0x01,0x00,0x35,0x54,0x73,0x00,0x08,0x00,0x02,0x00,0x34,0xFC,0x01,0x00,0x35,0x3C,
  0x75,0x00,0x34,0x14,0x00,0x00,0x2C,0x35,0x01,0x00,0x35,0x28,0x75,0x00,0x34,0x28,
  0x00,0x00,0x35,0x10,0x74,0x00,0x08,0x78,0x02,0x00,0x08,0x79,0x01,0x00,0x08,0x7A,
  0x02,0x00,0x2B,0x51,0x00,0x00,0x08,0x7B,0x01,0x00,0x08,0x04,0x01,0x00,0x34,0x40,
  0x01,0x00,0x35,0xF8,0x00,0x00,0x2D,0x34,0x02,0x00,0x2E,0x51,0x00,0x00,0x08,0x7E,
  0x6D,0x00,0x34,0x58,0x01,0x00,0x35,0xE0,0x75,0x00,0x34,0x70,0x01,0x00,0x35,0xCC,
  0x74,0x00,0x34,0x58,0x01,0x00,0x35,0xE0,0x75,0x00,0x34,0x40,0x01,0x00,0x35,0xF8,
  0x75,0x00,0x34,0x28,0x01,0x00,0x35,0x10,0x00,0x00,0x2D,0x35,0x75,0x00,0x34,0x14,
  0x01,0x00,0x35,0x28,0x74,0x00,0x34,0xFC,0x01,0x00,0x2C,0x34,0x01,0x00,0x35,0x3C,
  0x74,0x00,0x34,0xE4,0x01,0x00,0x35,0x54,0x73,0x00,0x08,0x00,0x02,0x00,0x34,0xCC,
  0x01,0x00,0x35,0x6C,0x75,0x00,0x34,0xB8,0x01,0x00,0x35,0x84,0x75,0x00,0x34,0xCC,
  0x01,0x00,0x35,0x6C,0x73,0x00,0x08,0x78,0x03,0x00,0x34,0xE4,0x01,0x00,0x35,0x54,
  0x01,0x00,0x08,0x07,0x02,0x00,0x08,0x7F,0x70,0x00,0x34,0xFC,0x01,0x00,0x35,0x3C,
  0x75,0x00,0x34,0x14,0x00,0x00,0x2C,0x35,0x01,0x00,0x35,0x28,0x75,0x00,0x34,0x28,
  0x01,0x00,0x35,0x10,0x74,0x00,0x34,0x40,0x01,0x00,0x35,0xF8,0x01,0x00,0x2D,0x34,
  0x74,0x00,0x34,0x58,0x01,0x00,0x35,0xE0,0x75,0x00,0x34,0x70,0x01,0x00,0x35,0xCC,
  0x75,0x00,0x34,0x58,0x01,0x00,0x35,0xE0,0x74,0x00,0x34,0x40,0x01,0x00,0x35,0xF8,
  0x73,0x00,0x08,0x00,0x01,0x00,0x08,0x01,0x00,0x00,0x08,0x02,0x01,0x00,0x08,0x03,
  0x01,0x00,0x34,0x28,0x01,0x00,0x35,0x10,0x00,0x00,0x2D,0x35,0x74,0x00,0x34,0x14,
  0x01,0x00,0x35,0x28,0x75,0x00,0x34,0xFC,0x00,0x00,0x2C,0x34,0x01,0x00,0x35,0x3C,
  0x73,0x00,0x08,0x78,0x02,0x00,0x08,0x79,0x02,0x00,0x08,0x7A,0x01,0x00,0x08,0x7B,
  0x01,0x00,0x34,0xE4,0x01,0x00,0x35,0x54,0x01,0x00,0x08,0x06,0x01,0x00,0x08,0x7E,
  0x6E,0x00,0x34,0xCC,0x01,0x00,0x35,0x6C,0x75,0x00,0x34,0xB8,0x01,0x00,0x35,0x84,
  0x75,0x00,0x34,0xCC,0x01,0x00,0x35,0x6C,0x74,0x00,0x34,0xE4,0x02,0x00,0x35,0x54,
  0x74,0x00,0x34,0xFC,0x01,0x00,0x35,0x3C,0x75,0x00,0x34,0x14,0x00,0x00,0x2C,0x35,
  0x01,0x00,0x35,0x28,0x75,0x00,0x34,0x28,0x01,0x00,0x35,0x10,0x74,0x00,0x34,0x40,
  0x02,0x00,0x35,0xF8,0x00,0x00,0x2D,0x34,0x72,0x00,0x08,0x00,0x03,0x00,0x34,0x58,
  0x00,0x00,0x35,0xE0,0x73,0x00,0x08,0x01,0x01,0x00,0x08,0x02,0x01,0x00,0x08,0x03,
  0x01,0x00,0x34,0x70,0x01,0x00,0x35,0xCC,0x74,0x00,0x34,0x58,0x01,0x00,0x35,0xE0,
  0x74,0x00,0x08,0x78,0x01,0x00,0x08,0x79,0x02,0x00,0x08,0x7A,0x01,0x00,0x08,0x7B,
  0x01,0x00,0x34,0x40,0x01,0x00,0x08,0x05,0x01,0x00,0x35,0xF8,0x00,0x00,0x08,0x06,
  0x02,0x00,0x08,0x7E,0x00,0x00,0x08,0x07,0x02,0x00,0x08,0x7F,0x6C,0x00,0x34,0x28,
  0x01,0x00,0x35,0x10,0x00,0x00,0x2D,0x35,0x74,0x00,0x34,0x14,0x01,0x00,0x35,0x28,
  0x75,0x00,0x34,0xFC,0x00,0x00,0x2C,0x34,0x01,0x00,0x35,0x3C,0x75,0x00,0x34,0xE4,
  0x01,0x00,0x35,0x54,0x74,0x00,0x34,0xCC,0x01,0x00,0x35,0x6C,0x75,0x00,0x34,0xB8,
  0x01,0x00,0x35,0x84,0x75,0x00,0x34,0xCC,0x01,0x00,0x35,0x6C,0x75,0x00,0x34,0xE4,
  0x01,0x00,0x35,0x54,0x72,0x00,0x08,0x00,0x03,0x00,0x34,0xFC,0x01,0x00,0x35,0x3C,
  0x74,0x00,0x34,0x14,0x00,0x00,0x2C,0x35,0x01,0x00,0x35,0x28,0x75,0x00,0x34,0x28,
  0x01,0x00,0x35,0x10,0x74,0x00,0x08,0x78,0x02,0x00,0x34,0x40,0x01,0x00,0x35,0xF8,
  0x00,0x00,0x2D,0x34,0x73,0x00,0x34,0x58,0x01,0x00,0x35,0xE0,0x75,0x00,0x34,0x70,
  0x01,0x00,0x35,0xCC,0x75,0x00,0x34,0x58,0x01,0x00,0x35,0xE0,0x75,0x00,0x34,0x40,
  0x01,0x00,0x35,0xF8,0x74,0x00,0x34,0x28,0x02,0x00,0x35,0x10,0x00,0x00,0x2D,0x35,
  0x74,0x00,0x34,0x14,0x01,0x00,0x35,0x28,0x75,0x00,0x34,0xFC,0x00,0x00,0x2C,0x34,
  0x01,0x00,0x35,0x3C,0x75,0x00,0x34,0xE4,0x01,0x00,0x35,0x54,0x72,0x00,0x08,0x00,
  0x03,0x00,0x34,0xCC,0x01,0x00,0x35,0x6C,0x74,0x00,0x34,0xB8,0x01,0x00,0x35,0x84,
  0x75,0x00,0x34,0xCC,0x01,0x00,0x35,0x6C,0x74,0x00,0x08,0x78,0x02,0x00,0x34,0xE4,
  0x01,0x00,0x35,0x54,0x01,0x00,0x08,0x07,0x73,0x00,0x34,0xFC,0x01,0x00,0x35,0x3C,
  0x74,0x00,0x34,0x14,0x00,0x00,0x2C,0x35,0x01,0x00,0x35,0x28,0x75,0x00,0x34,0x28,
  0x01,0x00,0x35,0x10,0x75,0x00,0x34,0x40,0x01,0x00,0x35,0xF8,0x00,0x00,0x2D,0x34,
  0x75,0x00,0x34,0x58,0x01,0x00,0x35,0xE0,0x74,0x00,0x34,0x70,0x02,0x00,0x35,0xCC,
  0x74,0x00,0x34,0x58,0x01,0x00,0x35,0xE0,0x75,0x00,0x34,0x40,0x01,0x00,0x35,0xF8,
  0x72,0x00,0x08,0x00,0x03,0x00,0x34,0x28,0x01,0x00,0x35,0x10,0x00,0x00,0x2D,0x35,
  0x75,0x00,0x34,0x14,0x00,0x00,0x35,0x28,0x75,0x00,0x34,0xFC,0x00,0x00,0x2C,0x34,
  0x01,0x00,0x35,0x3C,0x74,0x00,0x08,0x78,0x02,0x00,0x34,0xE4,0x01,0x00,0x35,0x54,
  0x74,0x00,0x34,0xCC,0x01,0x00,0x35,0x6C,0x74,0x00,0x34,0xB8,0x02,0x00,0x35,0x84,
  0x74,0x00,0x34,0xCC,0x01,0x00,0x35,0x6C,0x75,0x00,0x34,0xE4,0x01,0x00,0x35,0x54,
  0x75,0x00,0x34,0xFC,0x01,0x00,0x35,0x3C,0x74,0x00,0x34,0x14,0x00,0x00,0x2C,0x35,
  0x02,0x00,0x35,0x28,0x74,0x00,0x34,0x28,0x01,0x00,0x35,0x10,0x75,0x00,0x34,0x40,
  0x01,0x00,0x35,0xF8,0x00,0x00,0x2D,0x34,0x72,0x00,0x08,0x00,0x03,0x00,0x34,0x58,
  0x01,0x00,0x35,0xE0,0x75,0x00,0x34,0x70,0x01,0x00,0x35,0xCC,0x74,0x00,0x34,0x58,
  0x01,0x00,0x35,0xE0,0x74,0x00,0x08,0x78,0x02,0x00,0x34,0x40,0x01,0x00,0x35,0xF8,
  0x74,0x00,0x34,0x28,0x01,0x00,0x35,0x10,0x00,0x00,0x2D,0x35,0x74,0x00,0x34,0x14,
  0x02,0x00,0x35,0x28,0x74,0x00,0x34,0xFC,0x01,0x00,0x2C,0x34,0x00,0x00,0x35,0x3C,
  0x75,0x00,0x34,0xE4,0x01,0x00,0x35,0x54,0x75,0x00,0x34,0xCC,0x01,0x00,0x35,0x6C,
  0x75,0x00,0x34,0xB8,0x01,0x00,0x35,0x84,0x74,0x00,0x34,0xCC,0x01,0x00,0x35,0x6C,
  0x75,0x00,0x34,0xE4,0x01,0x00,0x35,0x54,0x72,0x00,0x08,0x00,0x03,0x00,0x34,0xFC,
  0x01,0x00,0x35,0x3C,0x75,0x00,0x34,0x14,0x00,0x00,0x2C,0x35,0x01,0x00,0x35,0x28,
  0x74,0x00,0x34,0x28,0x01,0x00,0x35,0x10,0x74,0x00,0x08,0x78,0x03,0x00,0x34,0x40,
  0x00,0x00,0x35,0xF8,0x01,0x00,0x2D,0x34,0x73,0x00,0x34,0x58,0x01,0x00,0x35,0xE0,
  0x75,0x00,0x34,0x70,0x01,0x00,0x35,0xCC,0x73,0x00,0x08,0x01,0x00,0x00,0x08,0x02,
  0x01,0x00,0x08,0x03,0x01,0x00,0x34,0x58,0x01,0x00,0x35,0xE0,0x74,0x00,0x34,0x40,
  0x01,0x00,0x35,0xF8,0x75,0x00,0x34,0x28,0x01,0x00,0x35,0x10,0x00,0x00,0x2D,0x35,
  0x75,0x00,0x34,0x14,0x01,0x00,0x35,0x28,0x74,0x00,0x34,0xFC,0x00,0x00,0x2C,0x34,
  0x02,0x00,0x35,0x3C,0x74,0x00,0x34,0xE4,0x01,0x00,0x35,0x54,0x73,0x00,0x08,0x00,
  0x02,0x00,0x34,0xCC,0x01,0x00,0x35,0x6C,0x75,0x00,0x34,0xB8,0x01,0x00,0x35,0x84,
  0x74,0x00,0x34,0xCC,0x02,0x00,0x35,0x6C,0x74,0x00,0x28,0x29,0x00,0x00,0x08,0x78,
  0x02,0x00,0x29,0x49,0x00,0x00,0x08,0x79,0x02,0x00,0x2A,0x42,0x00,0x00,0x08,0x7A,
  0x02,0x00,0x2B,0x4E,0x01,0x00,0x08,0x7B,0x01,0x00,0x34,0x14,0x01,0x00,0x2C,0x29,
  0x00,0x00,0x08,0x7C,0x01,0x00,0x35,0x54,0x01,0x00,0x08,0x06,0x01,0x00,0x2E,0x4E,
  0x01,0x00,0x08,0x7E,0x6A,0x00,0x35,0x3C,0x75,0x00,0x35,0x28,0x76,0x00,0x35,0x10,
  0x76,0x00,0x35,0xF8,0x00,0x00,0x2D,0x34,0x76,0x00,0x35,0xE0,0x75,0x00,0x35,0xCC,
  0x76,0x00,0x35,0xE0,0x76,0x00,0x35,0xF8,0x73,0x00,0x08,0x00,0x03,0x00,0x35,0x10,
  0x00,0x00,0x2D,0x35,0x75,0x00,0x35,0x28,0x76,0x00,0x35,0x3C,0x74,0x00,0x08,0x78,
  0x03,0x00,0x35,0x54,0x75,0x00,0x35,0x6C,0x75,0x00,0x35,0x84,0x76,0x00,0x35,0x6C,
  0x76,0x00,0x35,0x54,0x76,0x00,0x35,0x3C,0x76,0x00,0x35,0x28,0x75,0x00,0x35,0x10,
  0x76,0x00,0x35,0xF8,0x00,0x00,0x2D,0x34,0x73,0x00,0x08,0x00,0x03,0x00,0x35,0xE0,
  0x75,0x00,0x35,0xCC,0x76,0x00,0x35,0xE0,0x74,0x00,0x08,0x78,0x04,0x00,0x35,0x28,
  0x01,0x00,0x2D,0x29,0x00,0x00,0x08,0x7D,0x35,0x03,0x34,0x28,0x76,0x00,0x34,0x40,
  0x73,0x00,0x08,0x00,0x03,0x00,0x34,0x58,0x75,0x00,0x34,0x70,0x76,0x00,0x34,0x58,
  0x75,0x00,0x08,0x78,0x02,0x00,0x34,0x40,0x74,0x00,0x34,0x28,0x76,0x00,0x34,0x14,
  0x76,0x00,0x34,0xFC,0x00,0x00,0x2C,0x28,0x76,0x00,0x34,0xE4,0x75,0x00,0x34,0xCC,
  0x76,0x00,0x08,0x04,0x00,0x00,0x34,0xB8,0x76,0x00,0x34,0xCC,0x76,0x00,0x34,0xE4,
  0x73,0x00,0x08,0x00,0x03,0x00,0x34,0xFC,0x75,0x00,0x34,0x14,0x01,0x00,0x2C,0x29,
  0x75,0x00,0x34,0x28,0x75,0x00,0x08,0x78,0x03,0x00,0x34,0x14,0x00,0x00,0x2C,0x38,
  0x00,0x00,0x08,0x7C,0x03,0x00,0x08,0x7F,0x34,0x03,0x35,0x3C,0x75,0x00,0x35,0x54,
  0x74,0x00,0x08,0x00,0x03,0x00,0x35,0x6C,0x75,0x00,0x35,0x84,0x76,0x00,0x35,0x6C,
  0x74,0x00,0x08,0x78,0x03,0x00,0x35,0x54,0x74,0x00,0x35,0x3C,0x76,0x00,0x35,0x28,
  0x76,0x00,0x35,0x10,0x76,0x00,0x35,0xF8,0x00,0x00,0x2D,0x28,0x75,0x00,0x35,0xE0,
  0x76,0x00,0x35,0xCC,0x76,0x00,0x35,0xE0,0x75,0x00,0x35,0xF8,0x73,0x00,0x08,0x00,
  0x03,0x00,0x35,0x10,0x01,0x00,0x2D,0x29,0x75,0x00,0x35,0x28,0x76,0x00,0x35,0x3C,
  0x74,0x00,0x08,0x78,0x02,0x00,0x08,0x05,0x02,0x00,0x35,0x28,0x00,0x00,0x2D,0x38,
  0x00,0x00,0x08,0x7D,0x01,0x00,0x08,0x07,0x02,0x00,0x08,0x7F,0x32,0x03,0x34,0x28,
  0x76,0x00,0x34,0x40,0x74,0x00,0x08,0x00,0x02,0x00,0x34,0x58,0x76,0x00,0x34,0x70,
  0x75,0x00,0x34,0x58,0x75,0x00,0x08,0x78,0x00,0x00,0x08,0x01,0x01,0x00,0x08,0x02,
  0x01,0x00,0x08,0x03,0x01,0x00,0x34,0x40,0x74,0x00,0x34,0x28,0x76,0x00,0x34,0x14,
  0x75,0x00,0x34,0xFC,0x00,0x00,0x2C,0x36,0x76,0x00,0x34,0xE4,0x76,0x00,0x34,0xCC,
  0x75,0x00,0x08,0x04,0x01,0x00,0x34,0xB8,0x75,0x00,0x34,0xCC,0x76,0x00,0x34,0xE4,
  0x74,0x00,0x08,0x00,0x02,0x00,0x34,0xFC,0x76,0x00,0x34,0x14,0x00,0x00,0x2C,0x38,
  0x75,0x00,0x34,0x28,0x75,0x00,0x28,0x2C,0x01,0x00,0x08,0x78,0x01,0x00,0x29,0x45,
  0x00,0x00,0x08,0x79,0x02,0x00,0x2A,0x41,0x00,0x00,0x08,0x7A,0x02,0x00,0x2B,0x4C,
  0x01,0x00,0x08,0x7B,0x02,0x00,0x34,0x14,0x00,0x00,0x2C,0x35,0x00,0x00,0x08,0x7C,
  0x01,0x00,0x08,0x06,0x02,0x00,0x2E,0x4C,0x00,0x00,0x08,0x7E,0x00,0x00,0x08,0x07,
  0x02,0x00,0x08,0x7F,0x2C,0x03,0x35,0x3C,0x76,0x00,0x35,0x54,0x73,0x00,0x08,0x00,
  0x03,0x00,0x35,0x6C,0x75,0x00,0x35,0x84,0x76,0x00,0x35,0x6C,0x74,0x00,0x08,0x78,
  0x03,0x00,0x35,0x54,0x75,0x00,0x35,0x3C,0x75,0x00,0x35,0x28,0x76,0x00,0x35,0x10,
  0x76,0x00,0x35,0xF8,0x00,0x00,0x2D,0x36,0x76,0x00,0x35,0xE0,0x76,0x00,0x35,0xCC,
  0x75,0x00,0x35,0xE0,0x76,0x00,0x35,0xF8,0x73,0x00,0x08,0x00,0x03,0x00,0x35,0x10,
  0x00,0x00,0x2D,0x38,0x75,0x00,0x35,0x28,0x76,0x00,0x35,0x3C,0x74,0x00,0x08,0x78,
  0x03,0x00,0x08,0x05,0x01,0x00,0x35,0x28,0x01,0x00,0x2D,0x35,0x00,0x00,0x08,0x7D,
  0x01,0x00,0x08,0x07,0x02,0x00,0x08,0x7F,0x32,0x03,0x34,0x28,0x76,0x00,0x34,0x40,
  0x73,0x00,0x08,0x00,0x02,0x00,0x34,0x58,0x76,0x00,0x34,0x70,0x76,0x00,0x34,0x58,
  0x74,0x00,0x08,0x78,0x03,0x00,0x34,0x40,0x74,0x00,0x34,0x28,0x76,0x00,0x34,0x14,
  0x76,0x00,0x34,0xFC,0x00,0x00,0x2C,0x34,0x76,0x00,0x34,0xE4,0x75,0x00,0x34,0xCC,
  0x76,0x00,0x34,0xB8,0x76,0x00,0x34,0xCC,0x76,0x00,0x34,0xE4,0x73,0x00,0x08,0x00,
  0x03,0x00,0x34,0xFC,0x75,0x00,0x34,0x14,0x00,0x00,0x2C,0x35,0x76,0x00,0x34,0x28,
  0x75,0x00,0x08,0x78,0x02,0x00,0x34,0x40,0x02,0x00,0x08,0x07,0x01,0x00,0x08,0x7F,
  0x72,0x00,0x34,0x58,0x75,0x00,0x34,0x70,0x76,0x00,0x34,0x58,0x76,0x00,0x34,0x40,
  0x75,0x00,0x34,0x28,0x76,0x00,0x34,0x14,0x76,0x00,0x34,0xFC,0x00,0x00,0x2C,0x34,
  0x01,0x00,0x35,0x3C,0x75,0x00,0x34,0xE4,0x01,0x00,0x35,0x54,0x72,0x00,0x08,0x00,
  0x03,0x00,0x34,0xCC,0x01,0x00,0x35,0x6C,0x74,0x00,0x34,0xB8,0x01,0x00,0x35,0x84,
  0x75,0x00,0x34,0xCC,0x01,0x00,0x35,0x6C,0x74,0x00,0x08,0x78,0x02,0x00,0x34,0xE4,
  0x01,0x00,0x35,0x54,0x74,0x00,0x34,0xFC,0x01,0x00,0x35,0x3C,0x74,0x00,0x34,0x14,
  0x01,0x00,0x2C,0x35,0x00,0x00,0x35,0x28,0x75,0x00,0x34,0x28,0x01,0x00,0x35,0x10,
  0x75,0x00,0x34,0x40,0x01,0x00,0x35,0xF8,0x00,0x00,0x2D,0x34,0x75,0x00,0x34,0x58,
  0x01,0x00,0x35,0xE0,0x74,0x00,0x34,0x70,0x01,0x00,0x35,0xCC,0x75,0x00,0x34,0x58,
  0x01,0x00,0x35,0xE0,0x75,0x00,0x34,0x40,0x01,0x00,0x35,0xF8,0x72,0x00,0x08,0x00,
  0x03,0x00,0x34,0x28,0x01,0x00,0x35,0x10,0x00,0x00,0x2D,0x35,0x74,0x00,0x34,0x14,
  0x01,0x00,0x35,0x28,0x75,0x00,0x34,0xFC,0x00,0x00,0x2C,0x34,0x01,0x00,0x35,0x3C,
  0x74,0x00,0x08,0x78,0x02,0x00,0x34,0xE4,0x01,0x00,0x35,0x54,0x01,0x00,0x08,0x07,
  0x02,0x00,0x08,0x7F,0x71,0x00,0x34,0xCC,0x01,0x00,0x35,0x6C,0x75,0x00,0x34,0xB8,
  0x01,0x00,0x35,0x84,0x74,0x00,0x34,0xCC,0x01,0x00,0x35,0x6C,0x75,0x00,0x34,0xE4,
  0x01,0x00,0x35,0x54,0x75,0x00,0x34,0xFC,0x01,0x00,0x35,0x3C,0x74,0x00,0x34,0x14,
  0x01,0x00,0x2C,0x35,0x00,0x00,0x35,0x28,0x75,0x00,0x34,0x28,0x01,0x00,0x35,0x10,
  0x75,0x00,0x34,0x40,0x01,0x00,0x35,0xF8,0x00,0x00,0x2D,0x34,0x72,0x00,0x08,0x00,
  0x03,0x00,0x34,0x58,0x01,0x00,0x35,0xE0,0x75,0x00,0x34,0x70,0x01,0x00,0x35,0xCC,
  0x74,0x00,0x34,0x58,0x01,0x00,0x35,0xE0,0x74,0x00,0x08,0x78,0x00,0x00,0x08,0x01,
  0x01,0x00,0x08,0x02,0x01,0x00,0x08,0x03,0x01,0x00,0x08,0x04,0x00,0x00,0x34,0x40,
  0x02,0x00,0x35,0xF8,0x72,0x00,0x34,0x28,0x01,0x00,0x35,0x10,0x00,0x00,0x2D,0x35,
  0x75,0x00,0x34,0x14,0x01,0x00,0x35,0x28,0x74,0x00,0x34,0xFC,0x01,0x00,0x2C,0x34,
  0x00,0x00,0x35,0x3C,0x75,0x00,0x34,0xE4,0x01,0x00,0x35,0x54,0x75,0x00,0x34,0xCC,
  0x01,0x00,0x35,0x6C,0x75,0x00,0x34,0xB8,0x01,0x00,0x35,0x84,0x74,0x00,0x34,0xCC,
  0x01,0x00,0x35,0x6C,0x76,0x00,0x34,0xE4,0x01,0x00,0x35,0x54,0x72,0x00,0x08,0x00,
  0x02,0x00,0x34,0xFC,0x01,0x00,0x35,0x3C,0x75,0x00,0x34,0x14,0x00,0x00,0x2C,0x35,
  0x01,0x00,0x35,0x28,0x74,0x00,0x34,0x28,0x02,0x00,0x35,0x10,0x73,0x00,0x28,0x32,
  0x01,0x00,0x08,0x78,0x01,0x00,0x29,0x4C,0x01,0x00,0x08,0x79,0x01,0x00,0x2A,0x48,
  0x01,0x00,0x08,0x7A,0x02,0x00,0x2B,0x52,0x00,0x00,0x08,0x7B,0x02,0x00,0x34,0x14,
  0x00,0x00,0x2C,0x2C,0x00,0x00,0x08,0x7C,0x01,0x00,0x35,0xF8,0x00,0x00,0x2D,0x34,
  0x00,0x00,0x08,0x06,0x02,0x00,0x2E,0x52,0x01,0x00,0x08,0x7E,0x00,0x00,0x08,0x07,
  0x02,0x00,0x08,0x7F,0x68,0x00,0x35,0xE0,0x76,0x00,0x35,0xCC,0x76,0x00,0x35,0xE0,
  0x76,0x00,0x35,0xF8,0x75,0x00,0x35,0x10,0x01,0x00,0x2D,0x35,0x75,0x00,0x35,0x28,
  0x76,0x00,0x35,0x3C,0x76,0x00,0x35,0x54,0x73,0x00,0x08,0x00,0x03,0x00,0x35,0x6C,
  0x75,0x00,0x35,0x84,0x76,0x00,0x35,0x6C,0x74,0x00,0x08,0x78,0x03,0x00,0x35,0x54,
  0x75,0x00,0x35,0x3C,0x75,0x00,0x35,0x28,0x76,0x00,0x35,0x10,0x76,0x00,0x35,0xF8,
  0x00,0x00,0x2D,0x34,0x76,0x00,0x35,0xE0,0x75,0x00,0x35,0xCC,0x76,0x00,0x35,0xE0,
  0x76,0x00,0x35,0xF8,0x73,0x00,0x08,0x00,0x03,0x00,0x35,0x10,0x00,0x00,0x2D,0x35,
  0x75,0x00,0x35,0x28,0x76,0x00,0x35,0x3C,0x74,0x00,0x08,0x78,0x03,0x00,0x08,0x05,
  0x01,0x00,0x35,0x28,0x01,0x00,0x2D,0x2C,0x00,0x00,0x08,0x7D,0x01,0x00,0x08,0x07,
  0x01,0x00,0x08,0x7F,0x33,0x03,0x34,0x28,0x76,0x00,0x34,0x40,0x73,0x00,0x08,0x00,
  0x03,0x00,0x34,0x58,0x75,0x00,0x34,0x70,0x76,0x00,0x34,0x58,0x74,0x00,0x08,0x78,
  0x03,0x00,0x34,0x40,0x74,0x00,0x34,0x28,0x76,0x00,0x34,0x14,0x76,0x00,0x34,0xFC,
  0x00,0x00,0x2C,0x2A,0x76,0x00,0x34,0xE4,0x75,0x00,0x34,0xCC,0x76,0x00,0x08,0x04,
  0x00,0x00,0x34,0xB8,0x76,0x00,0x34,0xCC,0x75,0x00,0x34,0xE4,0x74,0x00,0x08,0x00,
  0x02,0x00,0x34,0xFC,0x76,0x00,0x34,0x14,0x00,0x00,0x2C,0x2C,0x76,0x00,0x34,0x28,
  0x75,0x00,0x08,0x78,0x03,0x00,0x34,0x14,0x00,0x00,0x2C,0x39,0x00,0x00,0x08,0x7C,
  0x02,0x00,0x08,0x07,0x02,0x00,0x08,0x7F,0x32,0x03,0x35,0x3C,0x76,0x00,0x35,0x54,
  0x73,0x00,0x08,0x00,0x03,0x00,0x35,0x6C,0x76,0x00,0x35,0x84,0x76,0x00,0x35,0x6C,
  0x73,0x00,0x08,0x78,0x03,0x00,0x35,0x54,0x75,0x00,0x35,0x3C,0x76,0x00,0x35,0x28,
  0x76,0x00,0x35,0x10,0x75,0x00,0x35,0xF8,0x00,0x00,0x2D,0x2A,0x76,0x00,0x35,0xE0,
  0x76,0x00,0x35,0xCC,0x76,0x00,0x35,0xE0,0x75,0x00,0x35,0xF8,0x73,0x00,0x08,0x00,
  0x03,0x00,0x35,0x10,0x01,0x00,0x2D,0x2C,0x75,0x00,0x35,0x28,0x76,0x00,0x35,0x3C,
  0x74,0x00,0x08,0x78,0x02,0x00,0x08,0x05,0x02,0x00,0x35,0x28,0x00,0x00,0x2D,0x39,
  0x00,0x00,0x08,0x7D,0x01,0x00,0x08,0x07,0x02,0x00,0x08,0x7F,0x32,0x03,0x34,0x28,
  0x76,0x00,0x34,0x40,0x73,0x00,0x08,0x00,0x03,0x00,0x34,0x58,0x76,0x00,0x34,0x70,
  0x75,0x00,0x34,0x58,0x75,0x00,0x08,0x78,0x00,0x00,0x08,0x01,0x01,0x00,0x08,0x02,
  0x01,0x00,0x08,0x03,0x01,0x00,0x34,0x40,0x74,0x00,0x34,0x28,0x76,0x00,0x34,0x14,
  0x75,0x00,0x34,0xFC,0x00,0x00,0x2C,0x38,0x76,0x00,0x34,0xE4,0x76,0x00,0x34,0xCC,
  0x75,0x00,0x08,0x04,0x01,0x00,0x34,0xB8,0x75,0x00,0x34,0xCC,0x76,0x00,0x34,0xE4,
  0x74,0x00,0x08,0x00,0x02,0x00,0x34,0xFC,0x76,0x00,0x34,0x14,0x00,0x00,0x2C,0x39,
  0x75,0x00,0x34,0x28,0x75,0x00,0x28,0x34,0x01,0x00,0x08,0x78,0x01,0x00,0x29,0x4E,
  0x00,0x00,0x08,0x79,0x02,0x00,0x08,0x7A,0x02,0x00,0x2B,0x54,0x00,0x00,0x08,0x7B,
  0x03,0x00,0x34,0x14,0x00,0x00,0x2C,0x38,0x00,0x00,0x08,0x7C,0x01,0x00,0x08,0x06,
  0x02,0x00,0x2E,0x54,0x00,0x00,0x08,0x7E,0x00,0x00,0x08,0x07,0x02,0x00,0x08,0x7F,
  0x2C,0x03,0x35,0x3C,0x76,0x00,0x35,0x54,0x73,0x00,0x08,0x00,0x03,0x00,0x35,0x6C,
  0x75,0x00,0x35,0x84,0x76,0x00,0x35,0x6C,0x74,0x00,0x08,0x78,0x03,0x00,0x35,0x54,
  0x74,0x00,0x35,0x3C,0x76,0x00,0x35,0x28,0x76,0x00,0x35,0x10,0x76,0x00,0x35,0xF8,
  0x00,0x00,0x2D,0x38,0x76,0x00,0x35,0xE0,0x75,0x00,0x35,0xCC,0x76,0x00,0x35,0xE0,
  0x76,0x00,0x35,0xF8,0x73,0x00,0x08,0x00,0x02,0x00,0x08,0x04,0x01,0x00,0x35,0x10,
  0x00,0x00,0x2D,0x39,0x75,0x00,0x35,0x28,0x76,0x00,0x35,0x3C,0x74,0x00,0x08,0x78,
  0x03,0x00,0x08,0x7C,0x01,0x00,0x08,0x05,0x02,0x00,0x35,0x28,0x00,0x00,0x2D,0x38,
  0x00,0x00,0x08,0x7D,0x01,0x00,0x08,0x07,0x02,0x00,0x08,0x7F,0x1A,0x04,0x08,0x00,
  0x62,0x01,0x08,0x78,0x23,0x04,0x08,0x00,0x02,0x00,0x08,0x04,0x61,0x01,0x08,0x78,
  0x03,0x00,0x2C,0x39,0x00,0x00,0x08,0x7C,0x01,0x00,0x08,0x05,0x01,0x00,0x08,0x7D,
  0x01,0x00,0x08,0x07,0x02,0x00,0x08,0x7F,0x1A,0x04,0x08,0x00,0x63,0x01,0x08,0x78,
  0x22,0x04,0x08,0x00,0x02,0x00,0x08,0x04,0x61,0x01,0x08,0x78,0x03,0x00,0x2C,0x3C,
  0x00,0x00,0x08,0x7C,0x01,0x00,0x08,0x05,0x02,0x00,0x2D,0x39,0x00,0x00,0x08,0x7D,
  0x01,0x00,0x08,0x07,0x01,0x00,0x08,0x7F,0x1A,0x04,0x08,0x00,0x63,0x01,0x08,0x78,
  0x00,0x00,0x08,0x01,0x01,0x00,0x08,0x02,0x01,0x00,0x08,0x03,0x21,0x04,0x08,0x00,
  0x02,0x00,0x08,0x04,0x60,0x01,0x28,0x35,0x01,0x00,0x08,0x78,0x01,0x00,0x08,0x79,
  0x02,0x00,0x2A,0x49,0x01,0x00,0x08,0x7A,0x02,0x00,0x2B,0x55,0x00,0x00,0x08,0x7B,
  0x02,0x00,0x08,0x7C,0x00,0x00,0x08,0x05,0x02,0x00,0x2D,0x3C,0x00,0x00,0x08,0x7D,
  0x01,0x00,0x08,0x06,0x02,0x00,0x2E,0x55,0x00,0x00,0x08,0x7E,0x00,0x00,0x08,0x07,
  0x02,0x00,0x08,0x7F,0x13,0x04,0x08,0x00,0x62,0x01,0x08,0x78,0x23,0x04,0x08,0x00,
  0x02,0x00,0x08,0x04,0x60,0x01,0x08,0x78,0x04,0x00,0x2C,0x39,0x00,0x00,0x08,0x7C,
  0x00,0x00,0x08,0x05,0x02,0x00,0x08,0x7D,0x01,0x00,0x08,0x07,0x02,0x00,0x08,0x7F,
  0x1A,0x04,0x08,0x00,0x77,0x00,0x08,0x04,0xEB,0x00,0x08,0x78,0x04,0x00,0x2C,0x2E,
  0x00,0x00,0x08,0x7C,0x1F,0x04,0x08,0x00,0x63,0x01,0x08,0x78,0x03,0x00,0x08,0x05,
  0x01,0x00,0x2D,0x39,0x01,0x00,0x08,0x7D,0x01,0x00,0x08,0x07,0x01,0x00,0x08,0x7F,
  0x1B,0x04,0x08,0x00,0x63,0x01,0x08,0x78,0x02,0x00,0x08,0x05,0x02,0x00,0x2D,0x2E,
  0x00,0x00,0x08,0x7D,0x35,0x03,0x34,0x28,0x76,0x00,0x34,0x40,0x73,0x00,0x08,0x00,
  0x03,0x00,0x34,0x58,0x75,0x00,0x34,0x70,0x76,0x00,0x34,0x58,0x75,0x00,0x08,0x78,
  0x02,0x00,0x34,0x40,0x02,0x00,0x08,0x07,0x02,0x00,0x08,0x7F,0x71,0x00,0x34,0x28,
  0x75,0x00,0x34,0x14,0x76,0x00,0x34,0xFC,0x00,0x00,0x2C,0x2D,0x76,0x00,0x34,0xE4,
  0x76,0x00,0x34,0xCC,0x75,0x00,0x34,0xB8,0x76,0x00,0x34,0xCC,0x76,0x00,0x34,0xE4,
  0x73,0x00,0x08,0x00,0x03,0x00,0x34,0xFC,0x75,0x00,0x34,0x14,0x01,0x00,0x2C,0x2E,
  0x75,0x00,0x34,0x28,0x75,0x00,0x08,0x78,0x00,0x00,0x08,0x01,0x01,0x00,0x08,0x02,
  0x01,0x00,0x08,0x03,0x01,0x00,0x34,0x40,0x74,0x00,0x34,0x58,0x75,0x00,0x34,0x70,
  0x76,0x00,0x34,0x58,0x76,0x00,0x34,0x40,0x76,0x00,0x34,0x28,0x75,0x00,0x34,0x14,
  0x76,0x00,0x34,0xFC,0x00,0x00,0x2C,0x2D,0x01,0x00,0x35,0x3C,0x75,0x00,0x34,0xE4,
  0x01,0x00,0x35,0x54,0x72,0x00,0x08,0x00,0x03,0x00,0x34,0xCC,0x01,0x00,0x35,0x6C,
  0x75,0x00,0x34,0xB8,0x01,0x00,0x35,0x84,0x74,0x00,0x34,0xCC,0x01,0x00,0x35,0x6C,
  0x74,0x00,0x28,0x2C,0x00,0x00,0x08,0x78,0x02,0x00,0x29,0x51,0x00,0x00,0x08,0x79,
  0x02,0x00,0x2A,0x4C,0x01,0x00,0x08,0x7A,0x01,0x00,0x08,0x7B,0x01,0x00,0x34,0xE4,
  0x01,0x00,0x35,0x54,0x01,0x00,0x08,0x06,0x01,0x00,0x08,0x7E,0x01,0x00,0x08,0x07,
  0x01,0x00,0x08,0x7F,0x6B,0x00,0x34,0xFC,0x01,0x00,0x35,0x3C,0x75,0x00,0x34,0x14,
  0x00,0x00,0x2C,0x2E,0x01,0x00,0x35,0x28,0x74,0x00,0x34,0x28,0x01,0x00,0x35,0x10,
  0x75,0x00,0x34,0x40,0x01,0x00,0x35,0xF8,0x00,0x00,0x2D,0x2D,0x75,0x00,0x34,0x58,
  0x01,0x00,0x35,0xE0,0x75,0x00,0x34,0x70,0x01,0x00,0x35,0xCC,0x74,0x00,0x34,0x58,
  0x01,0x00,0x35,0xE0,0x75,0x00,0x34,0x40,0x01,0x00,0x35,0xF8,0x73,0x00,0x08,0x00,
  0x02,0x00,0x34,0x28,0x01,0x00,0x35,0x10,0x00,0x00,0x2D,0x2E,0x75,0x00,0x34,0x14,
  0x01,0x00,0x35,0x28,0x74,0x00,0x34,0xFC,0x01,0x00,0x2C,0x2D,0x00,0x00,0x35,0x3C,
  0x74,0x00,0x08,0x78,0x02,0x00,0x34,0xE4,0x01,0x00,0x35,0x54,0x74,0x00,0x34,0xCC,
  0x01,0x00,0x35,0x6C,0x75,0x00,0x34,0xB8,0x01,0x00,0x35,0x84,0x74,0x00,0x34,0xCC,
  0x02,0x00,0x35,0x6C,0x74,0x00,0x34,0xE4,0x01,0x00,0x35,0x54,0x75,0x00,0x34,0xFC,
  0x01,0x00,0x35,0x3C,0x75,0x00,0x34,0x14,0x00,0x00,0x2C,0x2E,0x01,0x00,0x35,0x28,
  0x74,0x00,0x34,0x28,0x02,0x00,0x35,0x10,0x74,0x00,0x34,0x40,0x01,0x00,0x35,0xF8,
  0x01,0x00,0x2D,0x2D,0x72,0x00,0x08,0x00,0x02,0x00,0x34,0x58,0x01,0x00,0x35,0xE0,
  0x75,0x00,0x34,0x70,0x01,0x00,0x35,0xCC,0x74,0x00,0x34,0x58,0x02,0x00,0x35,0xE0,
  0x73,0x00,0x08,0x78,0x02,0x00,0x34,0x40,0x01,0x00,0x35,0xF8,0x02,0x00,0x08,0x07,
  0x01,0x00,0x08,0x7F,0x71,0x00,0x34,0x28,0x01,0x00,0x35,0x10,0x00,0x00,0x2D,0x2E,
  0x75,0x00,0x34,0x14,0x01,0x00,0x35,0x28,0x75,0x00,0x34,0xFC,0x00,0x00,0x2C,0x2D,
  0x01,0x00,0x35,0x3C,0x74,0x00,0x34,0xE4,0x01,0x00,0x35,0x54,0x75,0x00,0x34,0xCC,
  0x01,0x00,0x35,0x6C,0x75,0x00,0x34,0xB8,0x01,0x00,0x35,0x84,0x75,0x00,0x34,0xCC,
  0x01,0x00,0x35,0x6C,0x75,0x00,0x34,0xE4,0x00,0x00,0x35,0x54,0x73,0x00,0x08,0x00,
  0x02,0x00,0x34,0xFC,0x02,0x00,0x35,0x3C,0x74,0x00,0x34,0x14,0x00,0x00,0x2C,0x2E,
  0x01,0x00,0x35,0x28,0x75,0x00,0x34,0x28,0x01,0x00,0x35,0x10,0x73,0x00,0x08,0x78,
  0x02,0x00,0x08,0x04,0x01,0x00,0x34,0x40,0x01,0x00,0x35,0xF8,0x00,0x00,0x2D,0x2D,
  0x73,0x00,0x34,0x58,0x01,0x00,0x35,0xE0,0x75,0x00,0x34,0x70,0x01,0x00,0x35,0xCC,
  0x75,0x00,0x34,0x58,0x01,0x00,0x35,0xE0,0x74,0x00,0x34,0x40,0x02,0x00,0x35,0xF8,
  0x74,0x00,0x34,0x28,0x01,0x00,0x35,0x10,0x00,0x00,0x2D,0x2E,0x75,0x00,0x34,0x14,
  0x01,0x00,0x35,0x28,0x75,0x00,0x34,0xFC,0x00,0x00,0x2C,0x2D,0x01,0x00,0x35,0x3C,
  0x74,0x00,0x34,0xE4,0x02,0x00,0x35,0x54,0x72,0x00,0x08,0x00,0x03,0x00,0x34,0xCC,
  0x01,0x00,0x35,0x6C,0x74,0x00,0x34,0xB8,0x01,0x00,0x35,0x84,0x75,0x00,0x34,0xCC,
  0x01,0x00,0x35,0x6C,0x73,0x00,0x08,0x78,0x04,0x00,0x34,0x14,0x00,0x00,0x2C,0x35,
  0x00,0x00,0x08,0x7C,0x01,0x00,0x35,0x54,0x01,0x00,0x08,0x07,0x02,0x00,0x08,0x7F,
  0x70,0x00,0x35,0x3C,0x75,0x00,0x35,0x28,0x76,0x00,0x35,0x10,0x76,0x00,0x35,0xF8,
  0x00,0x00,0x2D,0x2D,0x76,0x00,0x35,0xE0,0x76,0x00,0x35,0xCC,0x75,0x00,0x35,0xE0,
  0x76,0x00,0x35,0xF8,0x73,0x00,0x08,0x00,0x03,0x00,0x35,0x10,0x00,0x00,0x2D,0x2E,
  0x76,0x00,0x35,0x28,0x75,0x00,0x35,0x3C,0x75,0x00,0x08,0x78,0x02,0x00,0x35,0x54,
  0x75,0x00,0x35,0x6C,0x76,0x00,0x35,0x84,0x76,0x00,0x35,0x6C,0x75,0x00,0x35,0x54,
  0x76,0x00,0x35,0x3C,0x76,0x00,0x35,0x28,0x76,0x00,0x35,0x10,0x75,0x00,0x35,0xF8,
  0x00,0x00,0x2D,0x2D,0x73,0x00,0x08,0x00,0x03,0x00,0x35,0xE0,0x76,0x00,0x35,0xCC,
  0x76,0x00,0x35,0xE0,0x74,0x00,0x08,0x78,0x02,0x00,0x08,0x05,0x02,0x00,0x35,0x28,
  0x00,0x00,0x2D,0x35,0x00,0x00,0x08,0x7D,0x01,0x00,0x08,0x07,0x02,0x00,0x08,0x7F,
  0x32,0x03,0x34,0x28,0x76,0x00,0x34,0x40,0x73,0x00,0x08,0x00,0x03,0x00,0x34,0x58,
  0x75,0x00,0x34,0x70,0x76,0x00,0x34,0x58,0x75,0x00,0x08,0x78,0x00,0x00,0x08,0x01,
  0x01,0x00,0x08,0x02,0x01,0x00,0x08,0x03,0x01,0x00,0x34,0x40,0x74,0x00,0x34,0x28,
  0x75,0x00,0x34,0x14,0x76,0x00,0x34,0xFC,0x00,0x00,0x2C,0x34,0x76,0x00,0x34,0xE4,
  0x76,0x00,0x34,0xCC,0x75,0x00,0x08,0x04,0x01,0x00,0x34,0xB8,0x75,0x00,0x34,0xCC,
  0x76,0x00,0x34,0xE4,0x73,0x00,0x08,0x00,0x03,0x00,0x34,0xFC,0x75,0x00,0x34,0x14,
  0x00,0x00,0x2C,0x35,0x76,0x00,0x34,0x28,0x75,0x00,0x28,0x32,0x00,0x00,0x08,0x78,
  0x02,0x00,0x29,0x4C,0x01,0x00,0x08,0x79,0x02,0x00,0x2A,0x45,0x00,0x00,0x08,0x7A,
  0x02,0x00,0x2B,0x52,0x00,0x00,0x08,0x7B,0x02,0x00,0x34,0x14,0x01,0x00,0x08,0x7C,
  0x01,0x00,0x08,0x06,0x01,0x00,0x2E,0x52,0x01,0x00,0x08,0x7E,0x00,0x00,0x08,0x07,
  0x02,0x00,0x08,0x7F,0x2B,0x03,0x35,0x3C,0x76,0x00,0x35,0x54,0x73,0x00,0x08,0x00,
  0x03,0x00,0x35,0x6C,0x75,0x00,0x35,0x84,0x76,0x00,0x35,0x6C,0x74,0x00,0x08,0x78,
  0x03,0x00,0x35,0x54,0x74,0x00,0x35,0x3C,0x76,0x00,0x35,0x28,0x76,0x00,0x35,0x10,
  0x76,0x00,0x35,0xF8,0x00,0x00,0x2D,0x34,0x76,0x00,0x35,0xE0,0x75,0x00,0x35,0xCC,
  0x76,0x00,0x35,0xE0,0x76,0x00,0x35,0xF8,0x73,0x00,0x08,0x00,0x03,0x00,0x35,0x10,
  0x00,0x00,0x2D,0x35,0x75,0x00,0x35,0x28,0x76,0x00,0x35,0x3C,0x74,0x00,0x08,0x78,
  0x02,0x00,0x08,0x05,0x02,0x00,0x35,0x28,0x01,0x00,0x08,0x7D,0x01,0x00,0x08,0x07,
  0x01,0x00,0x08,0x7F,0x31,0x03,0x08,0x02,0x01,0x00,0x08,0x04,0x01,0x00,0x34,0x28,
  0x75,0x00,0x34,0x40,0x74,0x00,0x08,0x00,0x02,0x00,0x34,0x58,0x76,0x00,0x34,0x70,
  0x76,0x00,0x34,0x58,0x74,0x00,0x08,0x78,0x03,0x00,0x2A,0x48,0x00,0x00,0x08,0x7A,
  0x02,0x00,0x34,0x14,0x01,0x00,0x2C,0x32,0x00,0x00,0x08,0x7C,0x1D,0x04,0x08,0x00,
  0x63,0x01,0x08,0x78,0x05,0x00,0x08,0x07,0x01,0x00,0x08,0x7F,0x33,0x03,0x35,0x3C,
  0x76,0x00,0x35,0x54,0x73,0x00,0x08,0x00,0x03,0x00,0x35,0x6C,0x76,0x00,0x35,0x84,
  0x75,0x00,0x35,0x6C,0x75,0x00,0x08,0x78,0x02,0x00,0x08,0x05,0x02,0x00,0x35,0x28,
  0x00,0x00,0x2D,0x32,0x00,0x00,0x08,0x7D,0x35,0x03,0x34,0x28,0x76,0x00,0x34,0x40,
  0x73,0x00,0x08,0x00,0x03,0x00,0x34,0x58,0x75,0x00,0x34,0x70,0x76,0x00,0x34,0x58,
  0x75,0x00,0x08,0x78,0x02,0x00,0x34,0x40,0x02,0x00,0x08,0x07,0x02,0x00,0x08,0x7F,
  0x70,0x00,0x34,0x28,0x76,0x00,0x34,0x14,0x76,0x00,0x34,0xFC,0x00,0x00,0x2C,0x31,
  0x76,0x00,0x34,0xE4,0x76,0x00,0x34,0xCC,0x75,0x00,0x34,0xB8,0x76,0x00,0x34,0xCC,
  0x76,0x00,0x34,0xE4,0x73,0x00,0x08,0x00,0x03,0x00,0x34,0xFC,0x75,0x00,0x34,0x14,
  0x01,0x00,0x2C,0x32,0x75,0x00,0x34,0x28,0x75,0x00,0x08,0x78,0x00,0x00,0x08,0x01,
  0x01,0x00,0x08,0x03,0x02,0x00,0x34,0x40,0x74,0x00,0x34,0x58,0x75,0x00,0x34,0x70,
  0x76,0x00,0x34,0x58,0x76,0x00,0x34,0x40,0x76,0x00,0x34,0x28,0x74,0x00,0x08,0x02,
  0x01,0x00,0x08,0x04,0x01,0x00,0x34,0x14,0x75,0x00,0x34,0xFC,0x00,0x00,0x2C,0x31,
  0x01,0x00,0x35,0x3C,0x75,0x00,0x34,0xE4,0x01,0x00,0x35,0x54,0x72,0x00,0x08,0x00,
  0x03,0x00,0x34,0xCC,0x01,0x00,0x35,0x6C,0x74,0x00,0x34,0xB8,0x02,0x00,0x35,0x84,
  0x74,0x00,0x34,0xCC,0x01,0x00,0x35,0x6C,0x77,0x00,0x34,0xE4,0x01,0x00,0x35,0x54,
  0x00,0x00,0x08,0x06,0x01,0x00,0x08,0x07,0x71,0x00,0x34,0xFC,0x02,0x00,0x35,0x3C,
  0x74,0x00,0x34,0x14,0x01,0x00,0x2C,0x32,0x01,0x00,0x35,0x28,0x74,0x00,0x34,0x28,
  0x01,0x00,0x35,0x10,0x75,0x00,0x34,0x40,0x01,0x00,0x35,0xF8,0x00,0x00,0x2D,0x31,
  0x74,0x00,0x34,0x58,0x02,0x00,0x35,0xE0,0x75,0x00,0x34,0x70,0x01,0x00,0x35,0xCC,
  0x74,0x00,0x34,0x58,0x01,0x00,0x35,0xE0,0x75,0x00,0x34,0x40,0x01,0x00,0x35,0xF8,
  0x75,0x00,0x34,0x28,0x01,0x00,0x35,0x10,0x00,0x00,0x2D,0x32,0x75,0x00,0x34,0x14,
  0x01,0x00,0x35,0x28,0x74,0x00,0x34,0xFC,0x00,0x00,0x2C,0x31,0x01,0x00,0x35,0x3C,
  0x74,0x00,0x28,0x28,0x00,0x00,0x08,0x78,0x02,0x00,0x29,0x4D,0x00,0x00,0x08,0x79,
  0x02,0x00,0x08,0x7A,0x02,0x00,0x2B,0x51,0x00,0x00,0x08,0x7B,0x01,0x00,0x34,0xE4,
  0x01,0x00,0x35,0x54,0x02,0x00,0x2E,0x51,0x00,0x00,0x08,0x7E,0x6D,0x00,0x34,0xCC,
  0x01,0x00,0x35,0x6C,0x75,0x00,0x34,0xB8,0x01,0x00,0x35,0x84,0x74,0x00,0x34,0xCC,
  0x01,0x00,0x35,0x6C,0x75,0x00,0x34,0xE4,0x01,0x00,0x35,0x54,0x75,0x00,0x34,0xFC,
  0x01,0x00,0x35,0x3C,0x75,0x00,0x34,0x14,0x00,0x00,0x2C,0x32,0x01,0x00,0x35,0x28,
  0x74,0x00,0x34,0x28,0x01,0x00,0x35,0x10,0x75,0x00,0x34,0x40,0x01,0x00,0x35,0xF8,
  0x00,0x00,0x2D,0x31,0x73,0x00,0x08,0x00,0x02,0x00,0x34,0x58,0x01,0x00,0x35,0xE0,
  0x73,0x00,0x08,0x01,0x01,0x00,0x08,0x02,0x01,0x00,0x08,0x03,0x01,0x00,0x34,0x70,
  0x01,0x00,0x35,0xCC,0x73,0x00,0x34,0x58,0x02,0x00,0x35,0xE0,0x75,0x00,0x34,0x40,
  0x01,0x00,0x08,0x05,0x01,0x00,0x35,0xF8,0x01,0x00,0x08,0x06,0x72,0x00,0x34,0x28,
  0x01,0x00,0x35,0x10,0x00,0x00,0x2D,0x32,0x75,0x00,0x34,0x14,0x01,0x00,0x35,0x28,
  0x74,0x00,0x34,0xFC,0x01,0x00,0x2C,0x31,0x01,0x00,0x35,0x3C,0x74,0x00,0x34,0xE4,
  0x01,0x00,0x35,0x54,0x75,0x00,0x34,0xCC,0x01,0x00,0x35,0x6C,0x75,0x00,0x34,0xB8,
  0x01,0x00,0x35,0x84,0x75,0x00,0x34,0xCC,0x01,0x00,0x35,0x6C,0x74,0x00,0x34,0xE4,
  0x01,0x00,0x35,0x54,0x75,0x00,0x34,0xFC,0x01,0x00,0x35,0x3C,0x75,0x00,0x34,0x14,
  0x00,0x00,0x2C,0x32,0x01,0x00,0x35,0x28,0x75,0x00,0x34,0x28,0x01,0x00,0x35,0x10,
  0x73,0x00,0x08,0x78,0x02,0x00,0x08,0x79,0x02,0x00,0x08,0x7A,0x02,0x00,0x08,0x7B,
  0x01,0x00,0x34,0x40,0x01,0x00,0x35,0xF8,0x00,0x00,0x2D,0x31,0x02,0x00,0x08,0x7E,
  0x6D,0x00,0x34,0x58,0x01,0x00,0x35,0xE0,0x75,0x00,0x34,0x70,0x01,0x00,0x35,0xCC,
  0x74,0x00,0x34,0x58,0x02,0x00,0x35,0xE0,0x74,0x00,0x34,0x40,0x01,0x00,0x35,0xF8,
  0x75,0x00,0x34,0x28,0x01,0x00,0x35,0x10,0x00,0x00,0x2D,0x32,0x75,0x00,0x34,0x14,
  0x01,0x00,0x35,0x28,0x75,0x00,0x34,0xFC,0x00,0x00,0x2C,0x31,0x01,0x00,0x35,0x3C,
  0x74,0x00,0x34,0xE4,0x01,0x00,0x35,0x54,0x75,0x00,0x34,0xCC,0x01,0x00,0x35,0x6C,
  0x75,0x00,0x34,0xB8,0x01,0x00,0x35,0x84,0x75,0x00,0x34,0xCC,0x01,0x00,0x35,0x6C,
  0x78,0x00,0x34,0xE4,0x00,0x00,0x35,0x54,0x72,0x00,0x34,0xFC,0x01,0x00,0x35,0x3C,
  0x75,0x00,0x34,0x14,0x00,0x00,0x2C,0x32,0x01,0x00,0x35,0x28,0x75,0x00,0x34,0x28,
  0x01,0x00,0x35,0x10,0x74,0x00,0x34,0x40,0x02,0x00,0x35,0xF8,0x00,0x00,0x2D,0x31,
  0x74,0x00,0x34,0x58,0x01,0x00,0x35,0xE0,0x75,0x00,0x34,0x70,0x01,0x00,0x35,0xCC,
  0x75,0x00,0x34,0x58,0x01,0x00,0x35,0xE0,0x75,0x00,0x34,0x40,0x00,0x00,0x35,0xF8,
  0x75,0x00,0x34,0x28,0x01,0x00,0x35,0x10,0x01,0x00,0x2D,0x32,0x74,0x00,0x34,0x14,
  0x01,0x00,0x35,0x28,0x75,0x00,0x34,0xFC,0x00,0x00,0x2C,0x31,0x01,0x00,0x35,0x3C,
  0x75,0x00,0x34,0xE4,0x01,0x00,0x35,0x54,0x74,0x00,0x34,0xCC,0x01,0x00,0x35,0x6C,
  0x75,0x00,0x34,0xB8,0x01,0x00,0x35,0x84,0x75,0x00,0x34,0xCC,0x01,0x00,0x35,0x6C,
  0x75,0x00,0x34,0xE4,0x01,0x00,0x35,0x54,0x74,0x00,0x34,0xFC,0x01,0x00,0x35,0x3C,
  0x75,0x00,0x34,0x14,0x00,0x00,0x2C,0x32,0x01,0x00,0x35,0x28,0x75,0x00,0x34,0x28,
  0x01,0x00,0x35,0x10,0x75,0x00,0x34,0x40,0x01,0x00,0x35,0xF8,0x00,0x00,0x2D,0x31,
  0x74,0x00,0x34,0x58,0x02,0x00,0x35,0xE0,0x74,0x00,0x34,0x70,0x01,0x00,0x35,0xCC,
  0x75,0x00,0x34,0x58,0x01,0x00,0x35,0xE0,0x74,0x00,0x34,0x40,0x02,0x00,0x35,0xF8,
  0x74,0x00,0x34,0x28,0x02,0x00,0x35,0x10,0x00,0x00,0x2D,0x32,0x74,0x00,0x34,0x14,
  0x01,0x00,0x35,0x28,0x75,0x00,0x34,0xFC,0x00,0x00,0x2C,0x31,0x01,0x00,0x35,0x3C,
  0x75,0x00,0x34,0xE4,0x01,0x00,0x35,0x54,0x74,0x00,0x34,0xCC,0x02,0x00,0x35,0x6C,
  0x74,0x00,0x34,0xB8,0x01,0x00,0x35,0x84,0x75,0x00,0x34,0xCC,0x01,0x00,0x35,0x6C,
  0x75,0x00,0x34,0xE4,0x01,0x00,0x35,0x54,0x75,0x00,0x34,0xFC,0x00,0x00,0x35,0x3C,
  0x75,0x00,0x34,0x14,0x00,0x00,0x2C,0x32,0x01,0x00,0x35,0x28,0x75,0x00,0x34,0x28,
  0x01,0x00,0x35,0x10,0x72,0x00,0x08,0x00,0x03,0x00,0x34,0x40,0x01,0x00,0x35,0xF8,
  0x00,0x00,0x2D,0x31,0x75,0x00,0x34,0x58,0x01,0x00,0x35,0xE0,0x74,0x00,0x34,0x70,
  0x01,0x00,0x35,0xCC,0x75,0x00,0x34,0x58,0x01,0x00,0x35,0xE0,0x75,0x00,0x34,0x40,
  0x01,0x00,0x35,0xF8,0x75,0x00,0x34,0x28,0x01,0x00,0x35,0x10,0x00,0x00,0x2D,0x32,
  0x72,0x00,0x08,0x01,0x01,0x00,0x08,0x02,0x01,0x00,0x08,0x03,0x01,0x00,0x34,0x14,
  0x01,0x00,0x35,0x28,0x74,0x00,0x34,0xFC,0x00,0x00,0x2C,0x31,0x01,0x00,0x35,0x3C,
  0x75,0x00,0x34,0xE4,0x01,0x00,0x35,0x54,0x75,0x00,0x34,0xCC,0x01,0x00,0x35,0x6C,
  0x74,0x00,0x34,0xB8,0x02,0x00,0x35,0x84,0x74,0x00,0x34,0xCC,0x01,0x00,0x35,0x6C,
  0x74,0x00,0x28,0x2E,0x01,0x00,0x08,0x78,0x03,0x00,0x79,0x00,0x05,0x00,0x79,0x0A,
  0x01,0x00,0x29,0x4E,0x00,0x00,0x08,0x79,0x03,0x00,0x7A,0x00,0x05,0x00,0x7A,0x0D,
  0x01,0x00,0x08,0x7A,0x02,0x00,0x23,0xFA,0x01,0x00,0x2B,0x42,0x00,0x00,0x08,0x7B,
  0x03,0x00,0x44,0x75,0x00,0x00,0x4C,0x73,0x00,0x00,0x54,0x32,0x00,0x00,0x5C,0x31,
  0x00,0x00,0x64,0x14,0x01,0x00,0x6C,0x00,0x00,0x00,0x7C,0x00,0x00,0x00,0x8C,0x14,
  0x01,0x00,0x94,0x14,0x00,0x00,0x9C,0x14,0x01,0x00,0xD4,0x00,0x00,0x00,0xDC,0x00,
  0x00,0x00,0xE4,0x07,0x01,0x00,0xEC,0x07,0x00,0x00,0xF4,0x07,0x00,0x00,0xFC,0x07,
  0x01,0x00,0x6C,0x0D,0x00,0x00,0x74,0x17,0x01,0x00,0x7C,0x0D,0x00,0x00,0x24,0xEE,
  0x01,0x00,0x34,0x14,0x00,0x00,0x2C,0x4E,0x01,0x00,0x08,0x7C,0x00,0x00,0x35,0x54,
  0x01,0x00,0x08,0x06,0x04,0x00,0x08,0x7F,0x51,0x00,0x35,0x3C,0x76,0x00,0x35,0x28,
  0x76,0x00,0x35,0x10,0x75,0x00,0x35,0xF8,0x00,0x00,0x2D,0x31,0x76,0x00,0x35,0xE0,
  0x76,0x00,0x35,0xCC,0x76,0x00,0x35,0xE0,0x75,0x00,0x35,0xF8,0x73,0x00,0x08,0x00,
  0x03,0x00,0x35,0x10,0x01,0x00,0x2D,0x32,0x75,0x00,0x35,0x28,0x75,0x00,0x35,0x3C,
  0x75,0x00,0x08,0x78,0x03,0x00,0x35,0x54,0x74,0x00,0x35,0x6C,0x76,0x00,0x35,0x84,
  0x76,0x00,0x35,0x6C,0x75,0x00,0x35,0x54,0x76,0x00,0x35,0x3C,0x76,0x00,0x35,0x28,
  0x76,0x00,0x35,0x10,0x76,0x00,0x35,0xF8,0x00,0x00,0x2D,0x31,0x73,0x00,0x08,0x00,
  0x03,0x00,0x35,0xE0,0x75,0x00,0x35,0xCC,0x76,0x00,0x35,0xE0,0x74,0x00,0x08,0x78,
  0x04,0x00,0x45,0x75,0x00,0x00,0x4D,0x73,0x01,0x00,0x55,0x32,0x00,0x00,0x5D,0x31,
  0x00,0x00,0x65,0x14,0x00,0x00,0x6D,0x00,0x01,0x00,0x75,0x0A,0x00,0x00,0x7D,0x00,
  0x00,0x00,0x8D,0x14,0x00,0x00,0x95,0x14,0x01,0x00,0x9D,0x14,0x01,0x00,0xD5,0x00,
  0x00,0x00,0xDD,0x00,0x00,0x00,0xE5,0x07,0x01,0x00,0xED,0x07,0x00,0x00,0xF5,0x07,
  0x00,0x00,0xFD,0x07,0x01,0x00,0x6D,0x12,0x00,0x00,0x75,0x1C,0x00,0x00,0x7D,0x12,
  0x01,0x00,0x25,0xEE,0x01,0x00,0x35,0x28,0x00,0x00,0x2D,0x4E,0x00,0x00,0x08,0x7D,
  0x01,0x00,0x08,0x07,0x02,0x00,0x08,0x7F,0x2A,0x03,0x34,0x30,0x76,0x00,0x34,0x4C,
  0x74,0x00,0x08,0x00,0x02,0x00,0x34,0x68,0x76,0x00,0x34,0x84,0x75,0x00,0x34,0x68,
  0x75,0x00,0x08,0x78,0x02,0x00,0x34,0x4C,0x75,0x00,0x34,0x30,0x76,0x00,0x34,0x14,
  0x75,0x00,0x34,0xF8,0x01,0x00,0x2C,0x4D,0x75,0x00,0x34,0xDC,0x76,0x00,0x34,0xC0,
  0x76,0x00,0x34,0xA4,0x76,0x00,0x34,0xC0,0x75,0x00,0x34,0xDC,0x74,0x00,0x08,0x00,
  0x03,0x00,0x34,0xF8,0x75,0x00,0x34,0x14,0x00,0x00,0x2C,0x4E,0x75,0x00,0x34,0x30,
  0x75,0x00,0x08,0x78,0x03,0x00,0x34,0x4C,0x01,0x00,0x08,0x07,0x02,0x00,0x08,0x7F,
  0x71,0x00,0x34,0x68,0x76,0x00,0x34,0x84,0x76,0x00,0x34,0x68,0x75,0x00,0x34,0x4C,
  0x76,0x00,0x34,0x30,0x76,0x00,0x34,0x14,0x76,0x00,0x34,0xF8,0x00,0x00,0x2C,0x4D,
  0x01,0x00,0x35,0x44,0x74,0x00,0x34,0xDC,0x01,0x00,0x35,0x60,0x73,0x00,0x08,0x00,
  0x02,0x00,0x34,0xC0,0x02,0x00,0x35,0x7C,0x74,0x00,0x34,0xA4,0x01,0x00,0x35,0x98,
  0x75,0x00,0x34,0xC0,0x01,0x00,0x35,0x7C,0x73,0x00,0x08,0x78,0x03,0x00,0x34,0xDC,
  0x01,0x00,0x35,0x60,0x73,0x00,0x34,0xF8,0x01,0x00,0x35,0x44,0x75,0x00,0x34,0x14,
  0x00,0x00,0x2C,0x4E,0x01,0x00,0x35,0x28,0x75,0x00,0x34,0x30,0x01,0x00,0x35,0x0C,
  0x74,0x00,0x34,0x4C,0x02,0x00,0x35,0xF0,0x00,0x00,0x2D,0x4D,0x74,0x00,0x34,0x68,
  0x01,0x00,0x35,0xD4,0x75,0x00,0x34,0x84,0x01,0x00,0x35,0xB8,0x75,0x00,0x34,0x68,
  0x01,0x00,0x35,0xD4,0x74,0x00,0x34,0x4C,0x02,0x00,0x35,0xF0,0x72,0x00,0x08,0x00,
  0x03,0x00,0x34,0x30,0x01,0x00,0x35,0x0C,0x00,0x00,0x2D,0x4E,0x74,0x00,0x34,0x14,
  0x01,0x00,0x35,0x28,0x75,0x00,0x34,0xF8,0x00,0x00,0x2C,0x4D,0x01,0x00,0x35,0x44,
  0x74,0x00,0x08,0x78,0x05,0x00,0x34,0xDC,0x01,0x00,0x35,0x60,0x01,0x00,0x08,0x07,
  0x6F,0x00,0x34,0xC0,0x01,0x00,0x35,0x7C,0x75,0x00,0x34,0xA4,0x01,0x00,0x35,0x98,
  0x75,0x00,0x34,0xC0,0x01,0x00,0x35,0x7C,0x75,0x00,0x34,0xDC,0x01,0x00,0x35,0x60,
  0x74,0x00,0x34,0xF8,0x01,0x00,0x35,0x44,0x75,0x00,0x34,0x14,0x00,0x00,0x2C,0x4E,
  0x01,0x00,0x35,0x28,0x75,0x00,0x34,0x30,0x01,0x00,0x35,0x0C,0x75,0x00,0x34,0x4C,
  0x01,0x00,0x35,0xF0,0x00,0x00,0x2D,0x4D,0x72,0x00,0x08,0x00,0x03,0x00,0x34,0x68,
  0x01,0x00,0x35,0xD4,0x72,0x00,0x08,0x01,0x01,0x00,0x08,0x02,0x01,0x00,0x08,0x03,
  0x01,0x00,0x08,0x04,0x00,0x00,0x34,0x84,0x02,0x00,0x35,0xB8,0x73,0x00,0x34,0x68,
  0x01,0x00,0x35,0xD4,0x74,0x00,0x28,0x2C,0x00,0x00,0x08,0x78,0x02,0x00,0x29,0x51,
  0x00,0x00,0x08,0x79,0x02,0x00,0x2A,0x3C,0x00,0x00,0x08,0x7A,0x02,0x00,0x2B,0x45,
  0x00,0x00,0x08,0x7B,0x02,0x00,0x34,0x14,0x00,0x00,0x2C,0x51,0x01,0x00,0x08,0x7C,
  0x00,0x00,0x35,0xF0,0x6E,0x00,0x35,0x0C,0x00,0x00,0x2D,0x4E,0x76,0x00,0x35,0x28,
  0x76,0x00,0x35,0x44,0x75,0x00,0x35,0x60,0x76,0x00,0x35,0x7C,0x76,0x00,0x35,0x98,
  0x76,0x00,0x35,0x7C,0x75,0x00,0x35,0x60,0x76,0x00,0x35,0x44,0x76,0x00,0x35,0x28,
  0x76,0x00,0x35,0x0C,0x76,0x00,0x35,0xF0,0x00,0x00,0x2D,0x4D,0x76,0x00,0x35,0xD4,
  0x75,0x00,0x35,0xB8,0x76,0x00,0x35,0xD4,0x76,0x00,0x35,0xF0,0x75,0x00,0x35,0x0C,
  0x00,0x00,0x2D,0x4E,0x73,0x00,0x08,0x00,0x03,0x00,0x35,0x28,0x75,0x00,0x35,0x44,
  0x76,0x00,0x35,0x60,0x76,0x00,0x35,0x7C,0x76,0x00,0x35,0x98,0x76,0x00,0x35,0x7C,
  0x74,0x00,0x08,0x78,0x02,0x00,0x08,0x05,0x02,0x00,0x35,0x28,0x00,0x00,0x2D,0x51,
  0x00,0x00,0x08,0x7D,0x35,0x03,0x34,0x30,0x76,0x00,0x34,0x4C,0x74,0x00,0x08,0x00,
  0x02,0x00,0x34,0x68,0x75,0x00,0x34,0x84,0x76,0x00,0x34,0x68,0x75,0x00,0x08,0x78,
  0x02,0x00,0x34,0x4C,0x03,0x00,0x08,0x7F,0x72,0x00,0x34,0x30,0x76,0x00,0x34,0x14,
  0x75,0x00,0x34,0xF8,0x01,0x00,0x2C,0x50,0x75,0x00,0x34,0xDC,0x76,0x00,0x34,0xC0,
  0x76,0x00,0x34,0xA4,0x76,0x00,0x34,0xC0,0x75,0x00,0x34,0xDC,0x74,0x00,0x08,0x00,
  0x02,0x00,0x34,0xF8,0x76,0x00,0x34,0x14,0x00,0x00,0x2C,0x51,0x75,0x00,0x34,0x30,
  0x75,0x00,0x08,0x78,0x02,0x00,0x34,0x4C,0x75,0x00,0x34,0x68,0x76,0x00,0x34,0x84,
  0x76,0x00,0x34,0x68,0x75,0x00,0x34,0x4C,0x76,0x00,0x34,0x30,0x76,0x00,0x34,0x14,
  0x75,0x00,0x34,0xF8,0x01,0x00,0x2C,0x50,0x01,0x00,0x35,0x44,0x74,0x00,0x34,0xDC,
  0x01,0x00,0x35,0x60,0x73,0x00,0x08,0x00,0x02,0x00,0x34,0xC0,0x01,0x00,0x35,0x7C,
  0x75,0x00,0x34,0xA4,0x01,0x00,0x35,0x98,0x75,0x00,0x34,0xC0,0x00,0x00,0x35,0x7C,
  0x74,0x00,0x08,0x78,0x03,0x00,0x34,0xDC,0x00,0x00,0x35,0x60,0x02,0x00,0x08,0x07,
  0x01,0x00,0x08,0x7F,0x71,0x00,0x34,0xF8,0x01,0x00,0x35,0x44,0x75,0x00,0x34,0x14,
  0x00,0x00,0x2C,0x51,0x01,0x00,0x35,0x28,0x75,0x00,0x34,0x30,0x01,0x00,0x35,0x0C,
  0x74,0x00,0x34,0x4C,0x01,0x00,0x35,0xF0,0x00,0x00,0x2D,0x50,0x75,0x00,0x34,0x68,
  0x01,0x00,0x35,0xD4,0x75,0x00,0x34,0x84,0x01,0x00,0x35,0xB8,0x75,0x00,0x34,0x68,
  0x01,0x00,0x35,0xD4,0x75,0x00,0x34,0x4C,0x01,0x00,0x35,0xF0,0x72,0x00,0x08,0x00,
  0x02,0x00,0x34,0x30,0x02,0x00,0x35,0x0C,0x00,0x00,0x2D,0x51,0x74,0x00,0x34,0x14,
  0x01,0x00,0x35,0x28,0x75,0x00,0x34,0xF8,0x00,0x00,0x2C,0x50,0x01,0x00,0x35,0x44,
  0x73,0x00,0x08,0x78,0x03,0x00,0x34,0xDC,0x01,0x00,0x35,0x60,0x73,0x00,0x34,0xC0,
  0x01,0x00,0x35,0x7C,0x75,0x00,0x34,0xA4,0x01,0x00,0x35,0x98,0x75,0x00,0x34,0xC0,
  0x01,0x00,0x35,0x7C,0x75,0x00,0x34,0xDC,0x01,0x00,0x35,0x60,0x74,0x00,0x34,0xF8,
  0x01,0x00,0x35,0x44,0x75,0x00,0x34,0x14,0x00,0x00,0x2C,0x51,0x01,0x00,0x35,0x28,
  0x75,0x00,0x34,0x30,0x01,0x00,0x35,0x0C,0x74,0x00,0x34,0x4C,0x02,0x00,0x35,0xF0,
  0x00,0x00,0x2D,0x50,0x72,0x00,0x08,0x00,0x03,0x00,0x34,0x68,0x01,0x00,0x35,0xD4,
  0x74,0x00,0x34,0x84,0x01,0x00,0x35,0xB8,0x75,0x00,0x34,0x68,0x01,0x00,0x35,0xD4,
  0x73,0x00,0x08,0x78,0x01,0x00,0x08,0x01,0x01,0x00,0x08,0x02,0x00,0x00,0x08,0x03,
  0x01,0x00,0x08,0x04,0x01,0x00,0x34,0x4C,0x01,0x00,0x35,0xF0,0x01,0x00,0x08,0x07,
  0x71,0x00,0x34,0x30,0x01,0x00,0x35,0x0C,0x01,0x00,0x2D,0x51,0x74,0x00,0x34,0x14,
  0x01,0x00,0x35,0x28,0x75,0x00,0x34,0xF8,0x00,0x00,0x2C,0x50,0x01,0x00,0x35,0x44,
  0x75,0x00,0x34,0xDC,0x01,0x00,0x35,0x60,0x75,0x00,0x34,0xC0,0x00,0x00,0x35,0x7C,
  0x75,0x00,0x34,0xA4,0x01,0x00,0x35,0x98,0x75,0x00,0x34,0xC0,0x01,0x00,0x35,0x7C,
  0x75,0x00,0x34,0xDC,0x01,0x00,0x35,0x60,0x72,0x00,0x08,0x00,0x03,0x00,0x34,0xF8,
  0x01,0x00,0x35,0x44,0x74,0x00,0x34,0x14,0x00,0x00,0x2C,0x51,0x01,0x00,0x35,0x28,
  0x75,0x00,0x34,0x30,0x01,0x00,0x35,0x0C,0x74,0x00,0x28,0x29,0x00,0x00,0x08,0x78,
  0x02,0x00,0x29,0x52,0x00,0x00,0x08,0x79,0x02,0x00,0x2A,0x3E,0x00,0x00,0x08,0x7A,
  0x02,0x00,0x2B,0x48,0x01,0x00,0x08,0x7B,0x02,0x00,0x34,0x14,0x00,0x00,0x2C,0x52,
  0x00,0x00,0x08,0x7C,0x01,0x00,0x35,0xF0,0x00,0x00,0x2D,0x50,0x6D,0x00,0x35,0xD4,
  0x76,0x00,0x35,0xB8,0x76,0x00,0x35,0xD4,0x75,0x00,0x35,0xF0,0x76,0x00,0x35,0x0C,
  0x00,0x00,0x2D,0x51,0x76,0x00,0x35,0x28,0x75,0x00,0x35,0x44,0x76,0x00,0x35,0x60,
  0x76,0x00,0x35,0x7C,0x76,0x00,0x35,0x98,0x76,0x00,0x35,0x7C,0x78,0x00,0x35,0x60,
  0x73,0x00,0x35,0x44,0x76,0x00,0x35,0x28,0x76,0x00,0x35,0x0C,0x75,0x00,0x35,0xF0,
  0x01,0x00,0x2D,0x50,0x75,0x00,0x35,0xD4,0x73,0x00,0x08,0x00,0x03,0x00,0x35,0xB8,
  0x75,0x00,0x35,0xD4,0x76,0x00,0x35,0xF0,0x76,0x00,0x35,0x0C,0x01,0x00,0x2D,0x51,
  0x75,0x00,0x35,0x28,0x76,0x00,0x35,0x44,0x74,0x00,0x08,0x78,0x02,0x00,0x08,0x05,
  0x02,0x00,0x35,0x28,0x00,0x00,0x2D,0x52,0x01,0x00,0x08,0x7D,0x34,0x03,0x34,0x30,
  0x76,0x00,0x34,0x4C,0x74,0x00,0x08,0x00,0x02,0x00,0x34,0x68,0x76,0x00,0x34,0x84,
  0x75,0x00,0x34,0x68,0x75,0x00,0x08,0x78,0x02,0x00,0x34,0x4C,0x04,0x00,0x08,0x7F,
  0x71,0x00,0x34,0x30,0x76,0x00,0x34,0x14,0x75,0x00,0x34,0xF8,0x01,0x00,0x2C,0x51,
  0x75,0x00,0x34,0xDC,0x76,0x00,0x34,0xC0,0x76,0x00,0x34,0xA4,0x75,0x00,0x34,0xC0,
  0x76,0x00,0x34,0xDC,0x73,0x00,0x08,0x00,0x03,0x00,0x34,0xF8,0x76,0x00,0x34,0x14,
  0x00,0x00,0x2C,0x52,0x75,0x00,0x34,0x30,0x75,0x00,0x08,0x78,0x02,0x00,0x34,0x4C,
  0x75,0x00,0x34,0x68,0x76,0x00,0x34,0x84,0x76,0x00,0x34,0x68,0x75,0x00,0x34,0x4C,
  0x76,0x00,0x34,0x30,0x76,0x00,0x34,0x14,0x75,0x00,0x34,0xF8,0x01,0x00,0x2C,0x51,
  0x01,0x00,0x35,0x44,0x74,0x00,0x34,0xDC,0x01,0x00,0x35,0x60,0x73,0x00,0x08,0x00,
  0x02,0x00,0x34,0xC0,0x01,0x00,0x35,0x7C,0x75,0x00,0x34,0xA4,0x01,0x00,0x35,0x98,
  0x75,0x00,0x34,0xC0,0x01,0x00,0x35,0x7C,0x73,0x00,0x08,0x78,0x03,0x00,0x34,0xDC,
  0x01,0x00,0x35,0x60,0x01,0x00,0x08,0x07,0x01,0x00,0x08,0x7F,0x71,0x00,0x34,0xF8,
  0x01,0x00,0x35,0x44,0x75,0x00,0x34,0x14,0x00,0x00,0x2C,0x52,0x01,0x00,0x35,0x28,
  0x75,0x00,0x34,0x30,0x01,0x00,0x35,0x0C,0x74,0x00,0x34,0x4C,0x01,0x00,0x35,0xF0,
  0x00,0x00,0x2D,0x51,0x75,0x00,0x34,0x68,0x01,0x00,0x35,0xD4,0x75,0x00,0x34,0x84,
  0x01,0x00,0x35,0xB8,0x75,0x00,0x34,0x68,0x01,0x00,0x35,0xD4,0x74,0x00,0x34,0x4C,
  0x01,0x00,0x35,0xF0,0x73,0x00,0x08,0x00,0x02,0x00,0x34,0x30,0x01,0x00,0x35,0x0C,
  0x01,0x00,0x2D,0x52,0x74,0x00,0x34,0x14,0x01,0x00,0x35,0x28,0x75,0x00,0x34,0xF8,
  0x00,0x00,0x2C,0x51,0x01,0x00,0x35,0x44,0x73,0x00,0x08,0x78,0x03,0x00,0x34,0xDC,
  0x01,0x00,0x35,0x60,0x01,0x00,0x08,0x07,0x01,0x00,0x08,0x7F,0x71,0x00,0x34,0xC0,
  0x01,0x00,0x35,0x7C,0x75,0x00,0x34,0xA4,0x01,0x00,0x35,0x98,0x75,0x00,0x34,0xC0,
  0x01,0x00,0x35,0x7C,0x75,0x00,0x34,0xDC,0x01,0x00,0x35,0x60,0x74,0x00,0x34,0xF8,
  0x01,0x00,0x35,0x44,0x75,0x00,0x34,0x14,0x00,0x00,0x2C,0x52,0x01,0x00,0x35,0x28,
  0x75,0x00,0x34,0x30,0x01,0x00,0x35,0x0C,0x74,0x00,0x34,0x4C,0x02,0x00,0x35,0xF0,
  0x00,0x00,0x2D,0x51,0x72,0x00,0x08,0x00,0x03,0x00,0x34,0x68,0x01,0x00,0x35,0xD4,
  0x74,0x00,0x34,0x84,0x01,0x00,0x35,0xB8,0x75,0x00,0x34,0x68,0x01,0x00,0x35,0xD4,
  0x74,0x00,0x28,0x39,0x00,0x00,0x08,0x78,0x02,0x00,0x34,0x4C,0x01,0x00,0x35,0xF0,
  0x01,0x00,0x08,0x07,0x02,0x00,0x08,0x7F,0x70,0x00,0x34,0x30,0x01,0x00,0x35,0x0C,
  0x01,0x00,0x2D,0x52,0x74,0x00,0x34,0x14,0x01,0x00,0x35,0x28,0x75,0x00,0x34,0xF8,
  0x00,0x00,0x2C,0x51,0x01,0x00,0x35,0x44,0x75,0x00,0x34,0xDC,0x01,0x00,0x35,0x60,
  0x74,0x00,0x34,0xC0,0x01,0x00,0x35,0x7C,0x75,0x00,0x34,0xA4,0x01,0x00,0x35,0x98,
  0x75,0x00,0x34,0xC0,0x01,0x00,0x35,0x7C,0x75,0x00,0x34,0xDC,0x01,0x00,0x35,0x60,
  0x72,0x00,0x08,0x00,0x03,0x00,0x34,0xF8,0x01,0x00,0x35,0x44,0x74,0x00,0x34,0x14,
  0x00,0x00,0x2C,0x52,0x01,0x00,0x35,0x28,0x75,0x00,0x34,0x30,0x01,0x00,0x35,0x0C,
  0x74,0x00,0x28,0x29,0x00,0x00,0x08,0x78,0x02,0x00,0x34,0x4C,0x01,0x00,0x35,0xF0,
  0x01,0x00,0x2D,0x51,0x72,0x00,0x34,0x68,0x01,0x00,0x35,0xD4,0x75,0x00,0x34,0x84,
  0x01,0x00,0x35,0xB8,0x75,0x00,0x34,0x68,0x01,0x00,0x35,0xD4,0x75,0x00,0x34,0x4C,
  0x01,0x00,0x35,0xF0,0x74,0x00,0x34,0x30,0x02,0x00,0x35,0x0C,0x00,0x00,0x2D,0x52,
  0x74,0x00,0x34,0x14,0x01,0x00,0x35,0x28,0x75,0x00,0x34,0xF8,0x00,0x00,0x2C,0x51,
  0x01,0x00,0x35,0x44,0x75,0x00,0x34,0xDC,0x01,0x00,0x35,0x60,0x72,0x00,0x08,0x00,
  0x03,0x00,0x34,0xC0,0x01,0x00,0x35,0x7C,0x74,0x00,0x34,0xA4,0x01,0x00,0x35,0x98,
  0x75,0x00,0x34,0xC0,0x01,0x00,0x35,0x7C,0x74,0x00,0x08,0x78,0x02,0x00,0x34,0xDC,
  0x01,0x00,0x35,0x60,0x01,0x00,0x08,0x07,0x02,0x00,0x08,0x7F,0x71,0x00,0x34,0xF8,
  0x01,0x00,0x35,0x44,0x74,0x00,0x34,0x14,0x01,0x00,0x2C,0x52,0x00,0x00,0x35,0x28,
  0x75,0x00,0x34,0x30,0x01,0x00,0x35,0x0C,0x75,0x00,0x34,0x4C,0x01,0x00,0x35,0xF0,
  0x00,0x00,0x2D,0x51,0x75,0x00,0x34,0x68,0x01,0x00,0x35,0xD4,0x74,0x00,0x34,0x84,
  0x01,0x00,0x35,0xB8,0x75,0x00,0x34,0x68,0x01,0x00,0x35,0xD4,0x75,0x00,0x34,0x4C,
  0x01,0x00,0x35,0xF0,0x72,0x00,0x08,0x00,0x03,0x00,0x34,0x30,0x01,0x00,0x35,0x0C,
  0x00,0x00,0x2D,0x52,0x74,0x00,0x34,0x14,0x01,0x00,0x35,0x28,0x75,0x00,0x34,0xF8,
  0x01,0x00,0x2C,0x51,0x00,0x00,0x35,0x44,0x74,0x00,0x08,0x78,0x02,0x00,0x34,0xDC,
  0x01,0x00,0x35,0x60,0x74,0x00,0x34,0xC0,0x01,0x00,0x35,0x7C,0x75,0x00,0x34,0xA4,
  0x01,0x00,0x35,0x98,0x74,0x00,0x34,0xC0,0x01,0x00,0x35,0x7C,0x76,0x00,0x34,0xDC,
  0x01,0x00,0x35,0x60,0x74,0x00,0x34,0xF8,0x01,0x00,0x35,0x44,0x74,0x00,0x34,0x14,
  0x00,0x00,0x2C,0x52,0x01,0x00,0x35,0x28,0x75,0x00,0x34,0x30,0x01,0x00,0x35,0x0C,
  0x75,0x00,0x34,0x4C,0x01,0x00,0x35,0xF0,0x00,0x00,0x2D,0x51,0x73,0x00,0x08,0x00,
  0x02,0x00,0x34,0x68,0x01,0x00,0x35,0xD4,0x75,0x00,0x34,0x84,0x01,0x00,0x35,0xB8,
  0x74,0x00,0x34,0x68,0x01,0x00,0x35,0xD4,0x74,0x00,0x08,0x78,0x02,0x00,0x34,0x4C,
  0x01,0x00,0x35,0xF0,0x02,0x00,0x08,0x07,0x01,0x00,0x08,0x7F,0x71,0x00,0x34,0x30,
  0x01,0x00,0x35,0x0C,0x00,0x00,0x2D,0x52,0x75,0x00,0x34,0x14,0x01,0x00,0x35,0x28,
  0x74,0x00,0x34,0xF8,0x01,0x00,0x2C,0x51,0x00,0x00,0x35,0x44,0x75,0x00,0x34,0xDC,
  0x01,0x00,0x35,0x60,0x75,0x00,0x34,0xC0,0x01,0x00,0x35,0x7C,0x75,0x00,0x34,0xA4,
  0x01,0x00,0x35,0x98,0x74,0x00,0x34,0xC0,0x01,0x00,0x35,0x7C,0x75,0x00,0x34,0xDC,
  0x01,0x00,0x35,0x60,0x72,0x00,0x08,0x00,0x03,0x00,0x34,0xF8,0x01,0x00,0x35,0x44,
  0x75,0x00,0x34,0x14,0x00,0x00,0x2C,0x52,0x01,0x00,0x35,0x28,0x74,0x00,0x34,0x30,
  0x01,0x00,0x35,0x0C,0x74,0x00,0x08,0x78,0x03,0x00,0x34,0x4C,0x01,0x00,0x35,0xF0,
  0x00,0x00,0x2D,0x51,0x73,0x00,0x34,0x68,0x01,0x00,0x35,0xD4,0x75,0x00,0x34,0x84,
  0x01,0x00,0x35,0xB8,0x74,0x00,0x34,0x68,0x01,0x00,0x35,0xD4,0x75,0x00,0x34,0x4C,
  0x01,0x00,0x35,0xF0,0x75,0x00,0x34,0x30,0x01,0x00,0x35,0x0C,0x00,0x00,0x2D,0x52,
  0x75,0x00,0x34,0x14,0x01,0x00,0x35,0x28,0x74,0x00,0x34,0xF8,0x00,0x00,0x2C,0x51,
  0x02,0x00,0x35,0x44,0x74,0x00,0x34,0xDC,0x01,0x00,0x35,0x60,0x73,0x00,0x08,0x00,
  0x02,0x00,0x34,0xC0,0x01,0x00,0x35,0x7C,0x75,0x00,0x34,0xA4,0x01,0x00,0x35,0x98,
  0x75,0x00,0x34,0xC0,0x01,0x00,0x35,0x7C,0x73,0x00,0x08,0x78,0x03,0x00,0x34,0xDC,
  0x01,0x00,0x35,0x60,0x01,0x00,0x08,0x07,0x01,0x00,0x08,0x7F,0x71,0x00,0x34,0xF8,
  0x01,0x00,0x35,0x44,0x75,0x00,0x34,0x14,0x00,0x00,0x2C,0x52,0x01,0x00,0x35,0x28,
  0x75,0x00,0x34,0x30,0x01,0x00,0x35,0x0C,0x74,0x00,0x34,0x4C,0x01,0x00,0x35,0xF0,
  0x00,0x00,0x2D,0x51,0x75,0x00,0x34,0x68,0x01,0x00,0x35,0xD4,0x75,0x00,0x34,0x84,
  0x01,0x00,0x35,0xB8,0x75,0x00,0x34,0x68,0x01,0x00,0x35,0xD4,0x74,0x00,0x34,0x4C,
  0x01,0x00,0x35,0xF0,0x73,0x00,0x08,0x00,0x02,0x00,0x34,0x30,0x01,0x00,0x35,0x0C,
  0x01,0x00,0x2D,0x52,0x74,0x00,0x34,0x14,0x01,0x00,0x35,0x28,0x75,0x00,0x34,0xF8,
  0x00,0x00,0x2C,0x51,0x01,0x00,0x35,0x44,0x73,0x00,0x08,0x78,0x03,0x00,0x34,0xDC,
  0x01,0x00,0x35,0x60,0x73,0x00,0x34,0xC0,0x01,0x00,0x35,0x7C,0x75,0x00,0x34,0xA4,
  0x01,0x00,0x35,0x98,0x75,0x00,0x34,0xC0,0x01,0x00,0x35,0x7C,0x74,0x00,0x34,0xDC,
  0x02,0x00,0x35,0x60,0x74,0x00,0x34,0xF8,0x01,0x00,0x35,0x44,0x75,0x00,0x34,0x14,
  0x00,0x00,0x2C,0x52,0x01,0x00,0x35,0x28,0x75,0x00,0x34,0x30,0x01,0x00,0x35,0x0C,
  0x74,0x00,0x34,0x4C,0x02,0x00,0x35,0xF0,0x00,0x00,0x2D,0x51,0x72,0x00,0x08,0x00,
  0x02,0x00,0x34,0x68,0x02,0x00,0x35,0xD4,0x74,0x00,0x34,0x84,0x01,0x00,0x35,0xB8,
  0x75,0x00,0x34,0x68,0x01,0x00,0x35,0xD4,0x74,0x00,0x08,0x78,0x00,0x00,0x08,0x01,
  0x01,0x00,0x08,0x02,0x01,0x00,0x08,0x03,0x00,0x00,0x08,0x04,0x01,0x00,0x34,0x4C,
  0x01,0x00,0x35,0xF0,0x01,0x00,0x08,0x07,0x02,0x00,0x08,0x7F,0x6F,0x00,0x34,0x30,
  0x01,0x00,0x35,0x0C,0x00,0x00,0x2D,0x52,0x75,0x00,0x34,0x14,0x01,0x00,0x35,0x28,
  0x75,0x00,0x34,0xF8,0x00,0x00,0x2C,0x51,0x01,0x00,0x35,0x44,0x75,0x00,0x34,0xDC,
  0x01,0x00,0x35,0x60,0x74,0x00,0x34,0xC0,0x01,0x00,0x35,0x7C,0x75,0x00,0x34,0xA4,
  0x01,0x00,0x35,0x98,0x75,0x00,0x34,0xC0,0x01,0x00,0x35,0x7C,0x75,0x00,0x34,0xDC,
  0x01,0x00,0x35,0x60,0x72,0x00,0x08,0x00,0x03,0x00,0x34,0xF8,0x01,0x00,0x35,0x44,
  0x74,0x00,0x34,0x14,0x00,0x00,0x2C,0x52,0x01,0x00,0x35,0x28,0x75,0x00,0x34,0x30,
  0x01,0x00,0x35,0x0C,0x73,0x00,0x08,0x78,0x03,0x00,0x34,0x4C,0x01,0x00,0x35,0xF0,
  0x00,0x00,0x2D,0x51,0x74,0x00,0x34,0x68,0x00,0x00,0x35,0xD4,0x75,0x00,0x34,0x84,
  0x01,0x00,0x35,0xB8,0x75,0x00,0x34,0x68,0x01,0x00,0x35,0xD4,0x75,0x00,0x34,0x4C,
  0x01,0x00,0x35,0xF0,0x74,0x00,0x34,0x30,0x02,0x00,0x35,0x0C,0x00,0x00,0x2D,0x52,
  0x74,0x00,0x34,0x14,0x01,0x00,0x35,0x28,0x75,0x00,0x34,0xF8,0x00,0x00,0x2C,0x51,
  0x01,0x00,0x35,0x44,0x75,0x00,0x34,0xDC,0x01,0x00,0x35,0x60,0x72,0x00,0x08,0x00,
  0x03,0x00,0x34,0xC0,0x01,0x00,0x35,0x7C,0x74,0x00,0x34,0xA4,0x01,0x00,0x35,0x98,
  0x75,0x00,0x34,0xC0,0x01,0x00,0x35,0x7C,0x74,0x00,0x28,0x28,0x00,0x00,0x08,0x78,
  0x02,0x00,0x29,0x51,0x00,0x00,0x08,0x79,0x02,0x00,0x2A,0x4C,0x00,0x00,0x08,0x7A,
  0x02,0x00,0x08,0x7B,0x02,0x00,0x34,0x14,0x00,0x00,0x2C,0x55,0x00,0x00,0x08,0x7C,
  0x01,0x00,0x35,0x60,0x02,0x00,0x08,0x07,0x01,0x00,0x08,0x7F,0x6B,0x00,0x35,0x44,
  0x76,0x00,0x35,0x28,0x75,0x00,0x35,0x0C,0x76,0x00,0x35,0xF0,0x00,0x00,0x2D,0x51,
  0x76,0x00,0x35,0xD4,0x76,0x00,0x35,0xB8,0x76,0x00,0x35,0xD4,0x75,0x00,0x35,0xF0,
  0x73,0x00,0x08,0x00,0x04,0x00,0x35,0x0C,0x00,0x00,0x2D,0x52,0x75,0x00,0x35,0x28,
  0x76,0x00,0x35,0x44,0x74,0x00,0x08,0x78,0x02,0x00,0x35,0x60,0x75,0x00,0x35,0x7C,
  0x76,0x00,0x35,0x98,0x76,0x00,0x35,0x7C,0x75,0x00,0x35,0x60,0x76,0x00,0x35,0x44,
  0x76,0x00,0x35,0x28,0x76,0x00,0x35,0x0C,0x75,0x00,0x35,0xF0,0x01,0x00,0x2D,0x51,
  0x72,0x00,0x08,0x00,0x04,0x00,0x35,0xD4,0x75,0x00,0x35,0xB8,0x76,0x00,0x35,0xD4,
  0x74,0x00,0x08,0x78,0x02,0x00,0x08,0x05,0x02,0x00,0x35,0x28,0x00,0x00,0x2D,0x55,
  0x00,0x00,0x08,0x7D,0x01,0x00,0x08,0x07,0x02,0x00,0x08,0x7F,0x32,0x03,0x34,0x30,
  0x76,0x00,0x34,0x4C,0x74,0x00,0x08,0x00,0x02,0x00,0x34,0x68,0x76,0x00,0x34,0x84,
  0x75,0x00,0x34,0x68,0x75,0x00,0x08,0x78,0x02,0x00,0x34,0x4C,0x75,0x00,0x34,0x30,
  0x76,0x00,0x34,0x14,0x75,0x00,0x34,0xF8,0x00,0x00,0x2C,0x54,0x76,0x00,0x34,0xDC,
  0x76,0x00,0x34,0xC0,0x76,0x00,0x34,0xA4,0x75,0x00,0x34,0xC0,0x76,0x00,0x34,0xDC,
  0x74,0x00,0x08,0x00,0x02,0x00,0x34,0xF8,0x76,0x00,0x34,0x14,0x00,0x00,0x2C,0x55,
  0x75,0x00,0x34,0x30,0x75,0x00,0x08,0x78,0x02,0x00,0x34,0x4C,0x02,0x00,0x08,0x07,
  0x02,0x00,0x08,0x7F,0x71,0x00,0x34,0x68,0x76,0x00,0x34,0x84,0x75,0x00,0x34,0x68,
  0x76,0x00,0x34,0x4C,0x76,0x00,0x34,0x30,0x76,0x00,0x34,0x14,0x76,0x00,0x34,0xF8,
  0x00,0x00,0x2C,0x54,0x01,0x00,0x35,0x44,0x74,0x00,0x34,0xDC,0x01,0x00,0x35,0x60,
  0x73,0x00,0x08,0x00,0x02,0x00,0x34,0xC0,0x01,0x00,0x35,0x7C,0x75,0x00,0x34,0xA4,
  0x01,0x00,0x35,0x98,0x75,0x00,0x34,0xC0,0x00,0x00,0x35,0x7C,0x74,0x00,0x08,0x78,
  0x02,0x00,0x34,0xDC,0x02,0x00,0x35,0x60,0x73,0x00,0x34,0xF8,0x01,0x00,0x35,0x44,
  0x75,0x00,0x34,0x14,0x00,0x00,0x2C,0x55,0x01,0x00,0x35,0x28,0x75,0x00,0x34,0x30,
  0x01,0x00,0x35,0x0C,0x74,0x00,0x34,0x4C,0x01,0x00,0x35,0xF0,0x01,0x00,0x2D,0x54,
  0x74,0x00,0x34,0x68,0x01,0x00,0x35,0xD4,0x75,0x00,0x34,0x84,0x01,0x00,0x35,0xB8,
  0x75,0x00,0x34,0x68,0x01,0x00,0x35,0xD4,0x74,0x00,0x34,0x4C,0x02,0x00,0x35,0xF0,
  0x72,0x00,0x08,0x00,0x02,0x00,0x34,0x30,0x02,0x00,0x35,0x0C,0x00,0x00,0x2D,0x55,
  0x74,0x00,0x34,0x14,0x01,0x00,0x35,0x28,0x75,0x00,0x34,0xF8,0x00,0x00,0x2C,0x54,
  0x01,0x00,0x35,0x44,0x74,0x00,0x28,0x38,0x00,0x00,0x08,0x78,0x02,0x00,0x34,0xDC,
  0x01,0x00,0x35,0x60,0x01,0x00,0x08,0x07,0x02,0x00,0x08,0x7F,0x70,0x00,0x34,0xC0,
  0x01,0x00,0x35,0x7C,0x75,0x00,0x34,0xA4,0x01,0x00,0x35,0x98,0x75,0x00,0x34,0xC0,
  0x01,0x00,0x35,0x7C,0x75,0x00,0x34,0xDC,0x01,0x00,0x35,0x60,0x74,0x00,0x34,0xF8,
  0x01,0x00,0x35,0x44,0x75,0x00,0x34,0x14,0x00,0x00,0x2C,0x55,0x01,0x00,0x35,0x28,
  0x75,0x00,0x34,0x30,0x01,0x00,0x35,0x0C,0x75,0x00,0x34,0x4C,0x01,0x00,0x35,0xF0,
  0x00,0x00,0x2D,0x54,0x72,0x00,0x08,0x00,0x03,0x00,0x34,0x68,0x01,0x00,0x35,0xD4,
  0x74,0x00,0x34,0x84,0x01,0x00,0x35,0xB8,0x75,0x00,0x34,0x68,0x01,0x00,0x35,0xD4,
  0x74,0x00,0x28,0x28,0x00,0x00,0x08,0x78,0x02,0x00,0x08,0x04,0x01,0x00,0x34,0x4C,
  0x01,0x00,0x35,0xF0,0x72,0x00,0x34,0x30,0x01,0x00,0x35,0x0C,0x01,0x00,0x2D,0x55,
  0x74,0x00,0x34,0x14,0x01,0x00,0x35,0x28,0x75,0x00,0x34,0xF8,0x00,0x00,0x2C,0x54,
  0x01,0x00,0x35,0x44,0x75,0x00,0x34,0xDC,0x01,0x00,0x35,0x60,0x74,0x00,0x34,0xC0,
  0x01,0x00,0x35,0x7C,0x75,0x00,0x34,0xA4,0x01,0x00,0x35,0x98,0x75,0x00,0x34,0xC0,
  0x01,0x00,0x35,0x7C,0x75,0x00,0x34,0xDC,0x01,0x00,0x35,0x60,0x72,0x00,0x08,0x00,
  0x03,0x00,0x34,0xF8,0x01,0x00,0x35,0x44,0x74,0x00,0x34,0x14,0x00,0x00,0x2C,0x55,
  0x01,0x00,0x35,0x28,0x75,0x00,0x34,0x30,0x01,0x00,0x35,0x0C,0x74,0x00,0x08,0x78,
  0x03,0x00,0x34,0x14,0x00,0x00,0x2C,0x51,0x00,0x00,0x08,0x7C,0x01,0x00,0x35,0xF0,
  0x00,0x00,0x2D,0x54,0x01,0x00,0x08,0x07,0x02,0x00,0x08,0x7F,0x70,0x00,0x35,0xD4,
  0x76,0x00,0x35,0xB8,0x75,0x00,0x35,0xD4,0x76,0x00,0x35,0xF0,0x76,0x00,0x35,0x0C,
  0x00,0x00,0x2D,0x55,0x76,0x00,0x35,0x28,0x76,0x00,0x35,0x44,0x75,0x00,0x35,0x60,
  0x73,0x00,0x08,0x00,0x03,0x00,0x35,0x7C,0x76,0x00,0x35,0x98,0x76,0x00,0x35,0x7C,
  0x74,0x00,0x08,0x78,0x03,0x00,0x35,0x60,0x74,0x00,0x35,0x44,0x76,0x00,0x35,0x28,
  0x76,0x00,0x35,0x0C,0x75,0x00,0x35,0xF0,0x01,0x00,0x2D,0x54,0x75,0x00,0x35,0xD4,
  0x76,0x00,0x35,0xB8,0x76,0x00,0x35,0xD4,0x76,0x00,0x35,0xF0,0x72,0x00,0x08,0x00,
  0x03,0x00,0x35,0x0C,0x00,0x00,0x2D,0x55,0x76,0x00,0x35,0x28,0x76,0x00,0x35,0x44,
  0x74,0x00,0x28,0x38,0x00,0x00,0x08,0x78,0x03,0x00,0x08,0x05,0x01,0x00,0x35,0x28,
  0x00,0x00,0x2D,0x51,0x01,0x00,0x08,0x7D,0x01,0x00,0x08,0x07,0x01,0x00,0x08,0x7F,
  0x32,0x03,0x34,0x30,0x76,0x00,0x34,0x4C,0x73,0x00,0x08,0x00,0x03,0x00,0x34,0x68,
  0x76,0x00,0x34,0x84,0x76,0x00,0x34,0x68,0x74,0x00,0x28,0x28,0x00,0x00,0x08,0x78,
  0x03,0x00,0x34,0x4C,0x74,0x00,0x34,0x30,0x76,0x00,0x34,0x14,0x75,0x00,0x34,0xF8,
  0x00,0x00,0x2C,0x50,0x76,0x00,0x34,0xDC,0x76,0x00,0x34,0xC0,0x75,0x00,0x08,0x04,
  0x01,0x00,0x34,0xA4,0x75,0x00,0x34,0xC0,0x76,0x00,0x34,0xDC,0x74,0x00,0x08,0x00,
  0x02,0x00,0x34,0xF8,0x76,0x00,0x34,0x14,0x00,0x00,0x2C,0x51,0x75,0x00,0x34,0x30,
  0x75,0x00,0x08,0x78,0x03,0x00,0x34,0x14,0x00,0x00,0x2C,0x4C,0x01,0x00,0x08,0x7C,
  0x01,0x00,0x08,0x07,0x02,0x00,0x08,0x7F,0x33,0x03,0x35,0x44,0x76,0x00,0x35,0x60,
  0x72,0x00,0x08,0x00,0x04,0x00,0x35,0x7C,0x75,0x00,0x35,0x98,0x76,0x00,0x35,0x7C,
  0x74,0x00,0x08,0x78,0x03,0x00,0x35,0x60,0x75,0x00,0x35,0x44,0x75,0x00,0x35,0x28,
  0x76,0x00,0x35,0x0C,0x76,0x00,0x35,0xF0,0x00,0x00,0x2D,0x50,0x76,0x00,0x35,0xD4,
  0x75,0x00,0x35,0xB8,0x76,0x00,0x35,0xD4,0x76,0x00,0x35,0xF0,0x73,0x00,0x08,0x00,
  0x03,0x00,0x35,0x0C,0x00,0x00,0x2D,0x51,0x75,0x00,0x35,0x28,0x76,0x00,0x35,0x44,
  0x75,0x00,0x08,0x78,0x00,0x00,0x08,0x01,0x01,0x00,0x08,0x02,0x00,0x00,0x08,0x03,
  0x02,0x00,0x08,0x05,0x01,0x00,0x35,0x28,0x00,0x00,0x2D,0x4C,0x01,0x00,0x08,0x7D,
  0x01,0x00,0x08,0x07,0x01,0x00,0x08,0x7F,0x32,0x03,0x34,0x30,0x76,0x00,0x34,0x4C,
  0x73,0x00,0x08,0x00,0x03,0x00,0x34,0x68,0x75,0x00,0x34,0x84,0x76,0x00,0x34,0x68,
  0x74,0x00,0x08,0x78,0x02,0x00,0x34,0x4C,0x75,0x00,0x34,0x30,0x76,0x00,0x34,0x14,
  0x76,0x00,0x34,0xF8,0x00,0x00,0x2C,0x4A,0x76,0x00,0x34,0xDC,0x75,0x00,0x34,0xC0,
  0x76,0x00,0x08,0x04,0x00,0x00,0x34,0xA4,0x76,0x00,0x34,0xC0,0x76,0x00,0x34,0xDC,
  0x73,0x00,0x08,0x00,0x03,0x00,0x34,0xF8,0x75,0x00,0x34,0x14,0x00,0x00,0x2C,0x4C,
  0x76,0x00,0x34,0x30,0x75,0x00,0x28,0x2E,0x00,0x00,0x08,0x78,0x02,0x00,0x29,0x4E,
  0x01,0x00,0x08,0x79,0x02,0x00,0x2A,0x48,0x00,0x00,0x08,0x7A,0x02,0x00,0x2B,0x42,
  0x00,0x00,0x08,0x7B,0x02,0x00,0x34,0x14,0x00,0x00,0x2C,0x4E,0x01,0x00,0x08,0x7C,
  0x01,0x00,0x46,0x78,0x00,0x00,0x4E,0x34,0x01,0x00,0x56,0x78,0x00,0x00,0x5E,0x34,
  0x00,0x00,0x66,0x21,0x00,0x00,0x6E,0x18,0x01,0x00,0x76,0x04,0x00,0x00,0x7E,0x00,
  0x00,0x00,0x86,0x1F,0x00,0x00,0x9E,0x1F,0x01,0x00,0xA6,0x00,0x00,0x00,0xAE,0x00,
  0x00,0x00,0xB6,0x0A,0x00,0x00,0xC6,0x00,0x01,0x00,0xD6,0x00,0x00,0x00,0xDE,0x00,
  0x00,0x00,0xE6,0x00,0x00,0x00,0xEE,0x00,0x01,0x00,0xF6,0x16,0x00,0x00,0xFE,0x16,
  0x01,0x00,0x76,0x0E,0x00,0x00,0x7E,0x0A,0x01,0x00,0x26,0xBC,0x00,0x00,0x36,0x14,
  0x01,0x00,0x2E,0x38,0x00,0x00,0x08,0x7E,0x00,0x00,0x08,0x07,0x02,0x00,0x08,0x7F,
  0x24,0x03,0x35,0x44,0x76,0x00,0x35,0x60,0x73,0x00,0x08,0x00,0x03,0x00,0x35,0x7C,
  0x76,0x00,0x35,0x98,0x76,0x00,0x35,0x7C,0x74,0x00,0x08,0x78,0x02,0x00,0x35,0x60,
  0x01,0x00,0x08,0x06,0x02,0x00,0x08,0x7E,0x72,0x00,0x35,0x44,0x76,0x00,0x35,0x28,
  0x76,0x00,0x35,0x0C,0x75,0x00,0x35,0xF0,0x01,0x00,0x2D,0x4A,0x75,0x00,0x35,0xD4,
  0x76,0x00,0x35,0xB8,0x76,0x00,0x35,0xD4,0x75,0x00,0x35,0xF0,0x73,0x00,0x08,0x00,
  0x03,0x00,0x35,0x0C,0x01,0x00,0x2D,0x4C,0x75,0x00,0x35,0x28,0x76,0x00,0x35,0x44,
  0x74,0x00,0x08,0x78,0x02,0x00,0x08,0x05,0x02,0x00,0x35,0x28,0x00,0x00,0x2D,0x4E,
  0x00,0x00,0x08,0x7D,0x01,0x00,0x08,0x06,0x01,0x00,0x08,0x7E,0x01,0x00,0x08,0x07,
  0x01,0x00,0x08,0x7F,0x31,0x03,0x34,0x30,0x76,0x00,0x34,0x4C,0x73,0x00,0x08,0x00,
  0x03,0x00,0x34,0x68,0x76,0x00,0x34,0x84,0x75,0x00,0x34,0x68,0x75,0x00,0x08,0x78,
  0x02,0x00,0x34,0x4C,0x01,0x00,0x08,0x06,0x02,0x00,0x08,0x7E,0x72,0x00,0x34,0x30,
  0x76,0x00,0x34,0x14,0x75,0x00,0x34,0xF8,0x00,0x00,0x2C,0x4D,0x76,0x00,0x34,0xDC,
  0x76,0x00,0x34,0xC0,0x76,0x00,0x34,0xA4,0x75,0x00,0x34,0xC0,0x76,0x00,0x34,0xDC,
  0x74,0x00,0x08,0x00,0x02,0x00,0x34,0xF8,0x76,0x00,0x34,0x14,0x00,0x00,0x2C,0x4E,
  0x75,0x00,0x34,0x30,0x75,0x00,0x08,0x78,0x02,0x00,0x34,0x4C,0x01,0x00,0x08,0x06,
  0x02,0x00,0x2E,0x39,0x00,0x00,0x08,0x7E,0x01,0x00,0x08,0x07,0x01,0x00,0x08,0x7F,
  0x70,0x00,0x34,0x68,0x76,0x00,0x34,0x84,0x75,0x00,0x34,0x68,0x76,0x00,0x34,0x4C,
  0x76,0x00,0x34,0x30,0x76,0x00,0x34,0x14,0x75,0x00,0x34,0xF8,0x01,0x00,0x2C,0x4D,
  0x00,0x00,0x35,0x44,0x75,0x00,0x34,0xDC,0x01,0x00,0x35,0x60,0x73,0x00,0x08,0x00,
  0x02,0x00,0x34,0xC0,0x01,0x00,0x35,0x7C,0x75,0x00,0x34,0xA4,0x01,0x00,0x35,0x98,
  0x74,0x00,0x34,0xC0,0x01,0x00,0x35,0x7C,0x74,0x00,0x08,0x78,0x02,0x00,0x34,0xDC,
  0x01,0x00,0x35,0x60,0x01,0x00,0x08,0x06,0x02,0x00,0x2E,0x38,0x00,0x00,0x08,0x7E,
  0x71,0x00,0x34,0xF8,0x01,0x00,0x35,0x44,0x75,0x00,0x34,0x14,0x00,0x00,0x2C,0x4E,
  0x01,0x00,0x35,0x28,0x75,0x00,0x34,0x30,0x01,0x00,0x35,0x0C,0x74,0x00,0x34,0x4C,
  0x01,0x00,0x35,0xF0,0x01,0x00,0x2D,0x4D,0x74,0x00,0x34,0x68,0x01,0x00,0x35,0xD4,
  0x75,0x00,0x34,0x84,0x01,0x00,0x35,0xB8,0x75,0x00,0x34,0x68,0x01,0x00,0x35,0xD4,
  0x74,0x00,0x34,0x4C,0x01,0x00,0x35,0xF0,0x73,0x00,0x08,0x00,0x02,0x00,0x34,0x30,
  0x01,0x00,0x35,0x0C,0x00,0x00,0x2D,0x4E,0x75,0x00,0x34,0x14,0x01,0x00,0x35,0x28,
  0x75,0x00,0x34,0xF8,0x00,0x00,0x2C,0x4D,0x01,0x00,0x35,0x44,0x73,0x00,0x08,0x78,
  0x04,0x00,0x34,0xDC,0x01,0x00,0x35,0x60,0x01,0x00,0x08,0x06,0x01,0x00,0x08,0x07,
  0x70,0x00,0x34,0xC0,0x01,0x00,0x35,0x7C,0x75,0x00,0x34,0xA4,0x01,0x00,0x35,0x98,
  0x75,0x00,0x34,0xC0,0x01,0x00,0x35,0x7C,0x74,0x00,0x34,0xDC,0x02,0x00,0x35,0x60,
  0x74,0x00,0x34,0xF8,0x01,0x00,0x35,0x44,0x75,0x00,0x34,0x14,0x00,0x00,0x2C,0x4E,
  0x01,0x00,0x35,0x28,0x75,0x00,0x34,0x30,0x01,0x00,0x35,0x0C,0x74,0x00,0x34,0x4C,
  0x01,0x00,0x35,0xF0,0x00,0x00,0x2D,0x4D,0x73,0x00,0x08,0x00,0x02,0x00,0x34,0x68,
  0x02,0x00,0x35,0xD4,0x72,0x00,0x08,0x01,0x01,0x00,0x08,0x02,0x02,0x00,0x34,0x84,
  0x01,0x00,0x35,0xB8,0x74,0x00,0x34,0x68,0x01,0x00,0x35,0xD4,0x73,0x00,0x28,0x32,
  0x01,0x00,0x08,0x78,0x02,0x00,0x29,0x42,0x00,0x00,0x08,0x79,0x03,0x00,0x2A,0x3C,
  0x00,0x00,0x08,0x7A,0x01,0x00,0x34,0x4C,0x01,0x00,0x35,0xF0,0x02,0x00,0x2E,0x32,
  0x00,0x00,0x08,0x7E,0x6D,0x00,0x34,0x30,0x01,0x00,0x35,0x0C,0x01,0x00,0x2D,0x4E,
  0x74,0x00,0x34,0x14,0x01,0x00,0x35,0x28,0x75,0x00,0x34,0xF8,0x00,0x00,0x2C,0x4D,
  0x01,0x00,0x35,0x44,0x75,0x00,0x34,0xDC,0x01,0x00,0x35,0x60,0x74,0x00,0x34,0xC0,
  0x02,0x00,0x35,0x7C,0x74,0x00,0x34,0xA4,0x01,0x00,0x35,0x98,0x75,0x00,0x34,0xC0,
  0x01,0x00,0x35,0x7C,0x75,0x00,0x34,0xDC,0x01,0x00,0x35,0x60,0x74,0x00,0x34,0xF8,
  0x02,0x00,0x35,0x44,0x75,0x00,0x34,0x14,0x00,0x00,0x2C,0x4E,0x01,0x00,0x35,0x28,
  0x74,0x00,0x34,0x30,0x01,0x00,0x35,0x0C,0x75,0x00,0x34,0x4C,0x01,0x00,0x35,0xF0,
  0x00,0x00,0x2D,0x4D,0x74,0x00,0x34,0x68,0x02,0x00,0x35,0xD4,0x74,0x00,0x34,0x84,
  0x01,0x00,0x35,0xB8,0x75,0x00,0x34,0x68,0x01,0x00,0x35,0xD4,0x75,0x00,0x34,0x4C,
  0x01,0x00,0x35,0xF0,0x74,0x00,0x34,0x30,0x02,0x00,0x35,0x0C,0x00,0x00,0x2D,0x4E,
  0x72,0x00,0x08,0x00,0x03,0x00,0x34,0x14,0x00,0x00,0x35,0x28,0x75,0x00,0x34,0xF8,
  0x00,0x00,0x2C,0x4D,0x01,0x00,0x35,0x44,0x75,0x00,0x34,0xDC,0x01,0x00,0x35,0x60,
  0x75,0x00,0x34,0xC0,0x01,0x00,0x35,0x7C,0x74,0x00,0x34,0xA4,0x02,0x00,0x35,0x98,
  0x74,0x00,0x34,0xC0,0x01,0x00,0x35,0x7C,0x74,0x00,0x08,0x78,0x02,0x00,0x34,0xDC,
  0x01,0x00,0x35,0x60,0x01,0x00,0x08,0x06,0x01,0x00,0x2E,0x3C,0x01,0x00,0x08,0x7E,
  0x71,0x00,0x34,0xF8,0x01,0x00,0x35,0x44,0x74,0x00,0x34,0x14,0x01,0x00,0x2C,0x4E,
  0x00,0x00,0x35,0x28,0x75,0x00,0x34,0x30,0x01,0x00,0x35,0x0C,0x75,0x00,0x34,0x4C,
  0x01,0x00,0x35,0xF0,0x00,0x00,0x2D,0x4D,0x75,0x00,0x34,0x68,0x01,0x00,0x35,0xD4,
  0x74,0x00,0x34,0x84,0x02,0x00,0x35,0xB8,0x74,0x00,0x34,0x68,0x01,0x00,0x35,0xD4,
  0x75,0x00,0x34,0x4C,0x01,0x00,0x35,0xF0,0x72,0x00,0x08,0x00,0x03,0x00,0x34,0x30,
  0x01,0x00,0x35,0x0C,0x00,0x00,0x2D,0x4E,0x74,0x00,0x34,0x14,0x01,0x00,0x35,0x28,
  0x75,0x00,0x34,0xF8,0x01,0x00,0x2C,0x4D,0x00,0x00,0x35,0x44,0x74,0x00,0x08,0x78,
  0x02,0x00,0x34,0xDC,0x01,0x00,0x35,0x60,0x01,0x00,0x08,0x06,0x01,0x00,0x2E,0x42,
  0x01,0x00,0x08,0x7E,0x01,0x00,0x08,0x7F,0x70,0x00,0x34,0xC0,0x01,0x00,0x35,0x7C,
  0x75,0x00,0x34,0xA4,0x01,0x00,0x35,0x98,0x74,0x00,0x34,0xC0,0x01,0x00,0x35,0x7C,
  0x75,0x00,0x34,0xDC,0x01,0x00,0x35,0x60,0x73,0x00,0x31,0x54,0x01,0x00,0x32,0x54,
  0x02,0x00,0x34,0xF8,0x01,0x00,0x35,0x44,0x72,0x00,0x31,0x94,0x01,0x00,0x32,0x94,
  0x01,0x00,0x08,0x04,0x00,0x00,0x34,0x14,0x01,0x00,0x2C,0x4E,0x01,0x00,0x35,0x28,
  0x72,0x00,0x31,0xD4,0x01,0x00,0x32,0xD4,0x01,0x00,0x34,0x30,0x01,0x00,0x35,0x0C,
  0x73,0x00,0x31,0x14,0x00,0x00,0x29,0x44,0x00,0x00,0x32,0x14,0x01,0x00,0x2A,0x3D,
  0x01,0x00,0x34,0x4C,0x01,0x00,0x35,0xF0,0x00,0x00,0x2D,0x4D,0x71,0x00,0x08,0x00,
  0x01,0x00,0x31,0x54,0x01,0x00,0x32,0x54,0x02,0x00,0x34,0x68,0x01,0x00,0x35,0xD4,
  0x72,0x00,0x31,0x94,0x01,0x00,0x32,0x94,0x01,0x00,0x34,0x84,0x01,0x00,0x35,0xB8,
  0x73,0x00,0x31,0xD4,0x01,0x00,0x32,0xD4,0x01,0x00,0x34,0x68,0x01,0x00,0x35,0xD4,
  0x73,0x00,0x28,0x35,0x00,0x00,0x08,0x78,0x02,0x00,0x31,0x14,0x00,0x00,0x29,0x45,
  0x02,0x00,0x32,0x14,0x00,0x00,0x2A,0x3E,0x01,0x00,0x34,0x4C,0x01,0x00,0x35,0xF0,
  0x01,0x00,0x08,0x06,0x01,0x00,0x2E,0x35,0x01,0x00,0x08,0x7E,0x6E,0x00,0x34,0x30,
  0x01,0x00,0x35,0x0C,0x00,0x00,0x2D,0x4E,0x74,0x00,0x34,0x14,0x02,0x00,0x35,0x28,
  0x74,0x00,0x34,0xF8,0x00,0x00,0x2C,0x4D,0x01,0x00,0x35,0x44,0x75,0x00,0x34,0xDC,
  0x01,0x00,0x35,0x60,0x75,0x00,0x34,0xC0,0x01,0x00,0x35,0x7C,0x75,0x00,0x34,0xA4,
  0x01,0x00,0x35,0x98,0x74,0x00,0x34,0xC0,0x01,0x00,0x35,0x7C,0x75,0x00,0x34,0xDC,
  0x01,0x00,0x35,0x60,0x75,0x00,0x34,0xF8,0x01,0x00,0x35,0x44,0x74,0x00,0x34,0x14,
  0x00,0x00,0x2C,0x4E,0x02,0x00,0x35,0x28,0x74,0x00,0x34,0x30,0x01,0x00,0x35,0x0C,
  0x75,0x00,0x34,0x4C,0x01,0x00,0x35,0xF0,0x01,0x00,0x2D,0x4D,0x01,0x00,0x08,0x07,
  0x73,0x00,0x34,0x68,0x01,0x00,0x35,0xD4,0x75,0x00,0x34,0x84,0x01,0x00,0x35,0xB8,
  0x74,0x00,0x34,0x68,0x02,0x00,0x35,0xD4,0x74,0x00,0x34,0x4C,0x01,0x00,0x35,0xF0,
  0x75,0x00,0x34,0x30,0x01,0x00,0x35,0x0C,0x00,0x00,0x2D,0x4E,0x72,0x00,0x08,0x00,
  0x03,0x00,0x34,0x14,0x01,0x00,0x35,0x28,0x74,0x00,0x34,0xF8,0x01,0x00,0x2C,0x4D,
  0x00,0x00,0x35,0x44,0x75,0x00,0x34,0xDC,0x01,0x00,0x35,0x60,0x75,0x00,0x34,0xC0,
  0x01,0x00,0x35,0x7C,0x75,0x00,0x34,0xA4,0x01,0x00,0x35,0x98,0x74,0x00,0x34,0xC0,
  0x01,0x00,0x35,0x7C,0x74,0x00,0x08,0x78,0x02,0x00,0x34,0xDC,0x01,0x00,0x35,0x60,
  0x01,0x00,0x08,0x06,0x02,0x00,0x2E,0x3E,0x00,0x00,0x08,0x7E,0x71,0x00,0x34,0xF8,
  0x01,0x00,0x35,0x44,0x75,0x00,0x34,0x14,0x00,0x00,0x2C,0x4E,0x01,0x00,0x35,0x28,
  0x75,0x00,0x34,0x30,0x00,0x00,0x35,0x0C,0x75,0x00,0x34,0x4C,0x01,0x00,0x35,0xF0,
  0x01,0x00,0x2D,0x4D,0x74,0x00,0x34,0x68,0x01,0x00,0x35,0xD4,0x75,0x00,0x34,0x84,
  0x01,0x00,0x35,0xB8,0x75,0x00,0x34,0x68,0x00,0x00,0x35,0xD4,0x75,0x00,0x34,0x4C,
  0x01,0x00,0x35,0xF0,0x73,0x00,0x08,0x00,0x02,0x00,0x34,0x30,0x01,0x00,0x35,0x0C,
  0x00,0x00,0x2D,0x4E,0x75,0x00,0x34,0x14,0x01,0x00,0x35,0x28,0x74,0x00,0x34,0xF8,
  0x00,0x00,0x2C,0x4D,0x02,0x00,0x35,0x44,0x73,0x00,0x08,0x78,0x02,0x00,0x08,0x03,
  0x01,0x00,0x34,0xDC,0x00,0x00,0x08,0x05,0x01,0x00,0x35,0x60,0x01,0x00,0x08,0x06,
  0x02,0x00,0x2E,0x45,0x00,0x00,0x08,0x7E,0x70,0x00,0x34,0xC0,0x01,0x00,0x35,0x7C,
  0x75,0x00,0x34,0xA4,0x01,0x00,0x35,0x98,0x75,0x00,0x34,0xC0,0x01,0x00,0x35,0x7C,
  0x74,0x00,0x34,0xDC,0x02,0x00,0x35,0x60,0x74,0x00,0x34,0xF8,0x01,0x00,0x35,0x44,
  0x75,0x00,0x34,0x14,0x00,0x00,0x2C,0x4E,0x01,0x00,0x35,0x28,0x75,0x00,0x34,0x30,
  0x01,0x00,0x35,0x0C,0x74,0x00,0x34,0x4C,0x01,0x00,0x35,0xF0,0x01,0x00,0x2D,0x4D,
  0x72,0x00,0x08,0x00,0x02,0x00,0x34,0x68,0x02,0x00,0x35,0xD4,0x74,0x00,0x34,0x84,
  0x01,0x00,0x35,0xB8,0x75,0x00,0x34,0x68,0x01,0x00,0x35,0xD4,0x73,0x00,0x08,0x78,
  0x05,0x00,0x34,0x4C,0x01,0x00,0x35,0xF0,0x71,0x00,0x34,0x30,0x01,0x00,0x35,0x0C,
  0x01,0x00,0x2D,0x4E,0x72,0x00,0x31,0xAC,0x01,0x00,0x29,0x42,0x01,0x00,0x2A,0x3D,
  0x01,0x00,0x34,0x14,0x01,0x00,0x35,0x28,0x72,0x00,0x31,0x44,0x00,0x00,0x29,0x41,
  0x01,0x00,0x2A,0x3C,0x02,0x00,0x34,0xF8,0x00,0x00,0x2C,0x4D,0x01,0x00,0x35,0x44,
  0x72,0x00,0x31,0xE0,0x00,0x00,0x29,0x3E,0x01,0x00,0x2A,0x3A,0x01,0x00,0x34,0xDC,
  0x02,0x00,0x35,0x60,0x72,0x00,0x31,0x78,0x00,0x00,0x29,0x3D,0x01,0x00,0x2A,0x39,
  0x01,0x00,0x34,0xC0,0x01,0x00,0x35,0x7C,0x73,0x00,0x31,0x14,0x00,0x00,0x29,0x3C,
  0x02,0x00,0x2A,0x38,0x02,0x00,0x34,0xA4,0x01,0x00,0x35,0x98,0x72,0x00,0x34,0xC0,
  0x01,0x00,0x35,0x7C,0x75,0x00,0x34,0xDC,0x01,0x00,0x35,0x60,0x72,0x00,0x08,0x00,
  0x03,0x00,0x34,0xF8,0x01,0x00,0x35,0x44,0x74,0x00,0x34,0x14,0x00,0x00,0x2C,0x4E,
  0x01,0x00,0x35,0x28,0x73,0x00,0x08,0x01,0x01,0x00,0x08,0x02,0x01,0x00,0x34,0x30,
  0x02,0x00,0x35,0x0C,0x73,0x00,0x28,0x2E,0x00,0x00,0x08,0x78,0x03,0x00,0x79,0x00,
  0x05,0x00,0x79,0x0A,0x01,0x00,0x29,0x4E,0x00,0x00,0x08,0x79,0x03,0x00,0x7A,0x00,
  0x05,0x00,0x7A,0x0D,0x01,0x00,0x2A,0x48,0x00,0x00,0x08,0x7A,0x02,0x00,0x08,0x7B,
  0x02,0x00,0x34,0x14,0x01,0x00,0x08,0x7C,0x01,0x00,0x35,0xF0,0x00,0x00,0x2D,0x4D,
  0x00,0x00,0x08,0x06,0x03,0x00,0x08,0x7F,0x5C,0x00,0x35,0xD4,0x76,0x00,0x35,0xB8,
  0x75,0x00,0x35,0xD4,0x76,0x00,0x35,0xF0,0x76,0x00,0x35,0x0C,0x00,0x00,0x2D,0x4E,
  0x76,0x00,0x35,0x28,0x75,0x00,0x35,0x44,0x76,0x00,0x35,0x60,0x73,0x00,0x08,0x00,
  0x03,0x00,0x35,0x7C,0x76,0x00,0x35,0x98,0x75,0x00,0x35,0x7C,0x74,0x00,0x08,0x78,
  0x03,0x00,0x35,0x60,0x75,0x00,0x35,0x44,0x75,0x00,0x35,0x28,0x76,0x00,0x35,0x0C,
  0x76,0x00,0x35,0xF0,0x01,0x00,0x2D,0x4D,0x75,0x00,0x35,0xD4,0x75,0x00,0x35,0xB8,
  0x76,0x00,0x35,0xD4,0x76,0x00,0x35,0xF0,0x73,0x00,0x08,0x00,0x03,0x00,0x35,0x0C,
  0x00,0x00,0x2D,0x4E,0x76,0x00,0x35,0x28,0x76,0x00,0x35,0x44,0x74,0x00,0x08,0x78,
  0x03,0x00,0x35,0x28,0x01,0x00,0x08,0x7D,0x01,0x00,0x08,0x07,0x02,0x00,0x08,0x7F,
  0x32,0x03,0x34,0x30,0x76,0x00,0x34,0x4C,0x73,0x00,0x08,0x00,0x03,0x00,0x34,0x68,
  0x75,0x00,0x34,0x84,0x76,0x00,0x34,0x68,0x75,0x00,0x08,0x78,0x02,0x00,0x34,0x4C,
  0x75,0x00,0x34,0x30,0x75,0x00,0x34,0x14,0x76,0x00,0x34,0xF8,0x00,0x00,0x2C,0x4D,
  0x76,0x00,0x34,0xDC,0x76,0x00,0x34,0xC0,0x75,0x00,0x34,0xA4,0x76,0x00,0x34,0xC0,
  0x76,0x00,0x34,0xDC,0x73,0x00,0x08,0x00,0x03,0x00,0x34,0xF8,0x75,0x00,0x34,0x14,
  0x01,0x00,0x2C,0x4E,0x75,0x00,0x34,0x30,0x75,0x00,0x08,0x78,0x02,0x00,0x34,0x4C,
  0x02,0x00,0x08,0x07,0x02,0x00,0x08,0x7F,0x71,0x00,0x34,0x68,0x75,0x00,0x34,0x84,
  0x76,0x00,0x34,0x68,0x76,0x00,0x34,0x4C,0x76,0x00,0x34,0x30,0x76,0x00,0x34,0x14,
  0x75,0x00,0x34,0xF8,0x00,0x00,0x2C,0x4D,0x01,0x00,0x35,0x44,0x75,0x00,0x34,0xDC,
  0x01,0x00,0x35,0x60,0x73,0x00,0x08,0x00,0x02,0x00,0x34,0xC0,0x01,0x00,0x35,0x7C,
  0x75,0x00,0x34,0xA4,0x01,0x00,0x35,0x98,0x74,0x00,0x34,0xC0,0x01,0x00,0x35,0x7C,
  0x74,0x00,0x08,0x78,0x02,0x00,0x34,0xDC,0x01,0x00,0x35,0x60,0x74,0x00,0x34,0xF8,
  0x01,0x00,0x35,0x44,0x75,0x00,0x34,0x14,0x00,0x00,0x2C,0x4E,0x01,0x00,0x35,0x28,
  0x74,0x00,0x34,0x30,0x01,0x00,0x35,0x0C,0x75,0x00,0x34,0x4C,0x01,0x00,0x35,0xF0,
  0x00,0x00,0x2D,0x4D,0x75,0x00,0x34,0x68,0x01,0x00,0x35,0xD4,0x75,0x00,0x34,0x84,
  0x01,0x00,0x35,0xB8,0x74,0x00,0x34,0x68,0x01,0x00,0x35,0xD4,0x75,0x00,0x34,0x4C,
  0x01,0x00,0x35,0xF0,0x73,0x00,0x08,0x00,0x02,0x00,0x34,0x30,0x01,0x00,0x35,0x0C,
  0x00,0x00,0x2D,0x4E,0x75,0x00,0x34,0x14,0x01,0x00,0x35,0x28,0x74,0x00,0x34,0xF8,
  0x01,0x00,0x2C,0x4D,0x00,0x00,0x35,0x44,0x74,0x00,0x08,0x78,0x05,0x00,0x34,0xDC,
  0x02,0x00,0x35,0x60,0x01,0x00,0x08,0x07,0x6F,0x00,0x34,0xC0,0x01,0x00,0x35,0x7C,
  0x75,0x00,0x34,0xA4,0x01,0x00,0x35,0x98,0x75,0x00,0x34,0xC0,0x01,0x00,0x35,0x7C,
  0x74,0x00,0x34,0xDC,0x01,0x00,0x35,0x60,0x75,0x00,0x34,0xF8,0x01,0x00,0x35,0x44,
  0x75,0x00,0x34,0x14,0x00,0x00,0x2C,0x4E,0x01,0x00,0x35,0x28,0x75,0x00,0x34,0x30,
  0x01,0x00,0x35,0x0C,0x74,0x00,0x34,0x4C,0x01,0x00,0x35,0xF0,0x01,0x00,0x2D,0x4D,
  0x72,0x00,0x08,0x00,0x02,0x00,0x34,0x68,0x01,0x00,0x35,0xD4,0x73,0x00,0x08,0x01,
  0x01,0x00,0x08,0x02,0x00,0x00,0x08,0x03,0x01,0x00,0x08,0x04,0x01,0x00,0x34,0x84,
  0x01,0x00,0x35,0xB8,0x74,0x00,0x34,0x68,0x01,0x00,0x35,0xD4,0x73,0x00,0x28,0x2C,
  0x01,0x00,0x08,0x78,0x01,0x00,0x29,0x51,0x01,0x00,0x08,0x79,0x02,0x00,0x2A,0x3C,
  0x00,0x00,0x08,0x7A,0x02,0x00,0x2B,0x45,0x00,0x00,0x08,0x7B,0x02,0x00,0x34,0x14,
  0x00,0x00,0x2C,0x51,0x00,0x00,0x08,0x7C,0x01,0x00,0x35,0xF0,0x6E,0x00,0x35,0x0C,
  0x00,0x00,0x2D,0x4E,0x75,0x00,0x35,0x28,0x76,0x00,0x35,0x44,0x76,0x00,0x35,0x60,
  0x76,0x00,0x35,0x7C,0x76,0x00,0x35,0x98,0x75,0x00,0x35,0x7C,0x76,0x00,0x35,0x60,
  0x76,0x00,0x35,0x44,0x76,0x00,0x35,0x28,0x75,0x00,0x35,0x0C,0x78,0x00,0x35,0xF0,
  0x00,0x00,0x2D,0x4D,0x74,0x00,0x35,0xD4,0x76,0x00,0x35,0xB8,0x75,0x00,0x35,0xD4,
  0x76,0x00,0x35,0xF0,0x76,0x00,0x35,0x0C,0x00,0x00,0x2D,0x4E,0x73,0x00,0x08,0x00,
  0x03,0x00,0x35,0x28,0x75,0x00,0x35,0x44,0x76,0x00,0x35,0x60,0x76,0x00,0x35,0x7C,
  0x76,0x00,0x35,0x98,0x75,0x00,0x35,0x7C,0x75,0x00,0x08,0x78,0x02,0x00,0x08,0x05,
  0x02,0x00,0x35,0x28,0x00,0x00,0x2D,0x51,0x00,0x00,0x08,0x7D,0x35,0x03,0x34,0x30,
  0x76,0x00,0x34,0x4C,0x73,0x00,0x08,0x00,0x03,0x00,0x34,0x68,0x75,0x00,0x34,0x84,
  0x76,0x00,0x34,0x68,0x75,0x00,0x08,0x78,0x02,0x00,0x34,0x4C,0x04,0x00,0x08,0x7F,
  0x71,0x00,0x34,0x30,0x75,0x00,0x34,0x14,0x76,0x00,0x34,0xF8,0x00,0x00,0x2C,0x50,
  0x76,0x00,0x34,0xDC,0x76,0x00,0x34,0xC0,0x75,0x00,0x34,0xA4,0x76,0x00,0x34,0xC0,
  0x76,0x00,0x34,0xDC,0x73,0x00,0x08,0x00,0x03,0x00,0x34,0xF8,0x75,0x00,0x34,0x14,
  0x01,0x00,0x2C,0x51,0x75,0x00,0x34,0x30,0x75,0x00,0x08,0x78,0x02,0x00,0x34,0x4C,
  0x75,0x00,0x34,0x68,0x76,0x00,0x34,0x84,0x75,0x00,0x34,0x68,0x76,0x00,0x34,0x4C,
  0x76,0x00,0x34,0x30,0x75,0x00,0x08,0x04,0x01,0x00,0x34,0x14,0x75,0x00,0x34,0xF8,
  0x00,0x00,0x2C,0x50,0x01,0x00,0x35,0x44,0x75,0x00,0x34,0xDC,0x01,0x00,0x35,0x60,
  0x72,0x00,0x08,0x00,0x03,0x00,0x34,0xC0,0x01,0x00,0x35,0x7C,0x75,0x00,0x34,0xA4,
  0x01,0x00,0x35,0x98,0x74,0x00,0x34,0xC0,0x02,0x00,0x35,0x7C,0x73,0x00,0x08,0x78,
  0x03,0x00,0x34,0x14,0x01,0x00,0x2C,0x55,0x00,0x00,0x08,0x7C,0x01,0x00,0x35,0x60,
  0x01,0x00,0x08,0x07,0x01,0x00,0x08,0x7F,0x70,0x00,0x35,0x44,0x76,0x00,0x35,0x28,
  0x76,0x00,0x35,0x0C,0x76,0x00,0x35,0xF0,0x00,0x00,0x2D,0x50,0x75,0x00,0x35,0xD4,
  0x76,0x00,0x35,0xB8,0x76,0x00,0x35,0xD4,0x76,0x00,0x35,0xF0,0x73,0x00,0x08,0x00,
  0x03,0x00,0x35,0x0C,0x00,0x00,0x2D,0x51,0x75,0x00,0x35,0x28,0x76,0x00,0x35,0x44,
  0x74,0x00,0x08,0x78,0x03,0x00,0x35,0x60,0x74,0x00,0x35,0x7C,0x76,0x00,0x35,0x98,
  0x76,0x00,0x35,0x7C,0x76,0x00,0x35,0x60,0x76,0x00,0x35,0x44,0x75,0x00,0x35,0x28,
  0x76,0x00,0x35,0x0C,0x76,0x00,0x35,0xF0,0x00,0x00,0x2D,0x50,0x73,0x00,0x08,0x00,
  0x03,0x00,0x35,0xD4,0x75,0x00,0x35,0xB8,0x76,0x00,0x35,0xD4,0x74,0x00,0x08,0x78,
  0x01,0x00,0x08,0x01,0x00,0x00,0x08,0x02,0x01,0x00,0x08,0x03,0x01,0x00,0x08,0x05,
  0x02,0x00,0x35,0x28,0x00,0x00,0x2D,0x55,0x01,0x00,0x08,0x7D,0x01,0x00,0x08,0x07,
  0x32,0x03,0x08,0x04,0x01,0x00,0x34,0x30,0x75,0x00,0x34,0x4C,0x74,0x00,0x08,0x00,
  0x02,0x00,0x34,0x68,0x76,0x00,0x34,0x84,0x76,0x00,0x34,0x68,0x75,0x00,0x28,0x29,
  0x00,0x00,0x08,0x78,0x02,0x00,0x29,0x52,0x00,0x00,0x08,0x79,0x02,0x00,0x2A,0x3E,
  0x00,0x00,0x08,0x7A,0x02,0x00,0x2B,0x48,0x00,0x00,0x08,0x7B,0x02,0x00,0x34,0x14,
  0x00,0x00,0x2C,0x52,0x01,0x00,0x08,0x7C,0x3D,0x08,0x08,0x00,0x78,0x00,0x35,0x44,
  0x76,0x00,0x35,0x60,0x76,0x00,0x35,0x7C,0x76,0x00,0x35,0x98,0x75,0x00,0x35,0x7C,
  0x75,0x00,0x08,0x78,0x02,0x00,0x08,0x05,0x02,0x00,0x35,0x28,0x00,0x00,0x2D,0x52,
  0x00,0x00,0x08,0x7D,0x35,0x03,0x34,0x30,0x76,0x00,0x34,0x4C,0x73,0x00,0x08,0x00,
  0x03,0x00,0x34,0x68,0x75,0x00,0x34,0x84,0x76,0x00,0x34,0x68,0x75,0x00,0x08,0x78,
  0x02,0x00,0x34,0x4C,0x03,0x00,0x76,0x11,0x00,0x00,0x7E,0x0D,0x01,0x00,0x26,0xFC,
  0x00,0x00,0x2E,0x1E,0x01,0x00,0x08,0x7E,0x01,0x00,0x08,0x7F,0x6F,0x00,0x34,0x30,
  0x75,0x00,0x34,0x14,0x76,0x00,0x34,0xF8,0x00,0x00,0x2C,0x51,0x76,0x00,0x34,0xDC,
  0x76,0x00,0x34,0xC0,0x75,0x00,0x34,0xA4,0x02,0x00,0x08,0x06,0x01,0x00,0x2E,0x22,
  0x01,0x00,0x08,0x7E,0x72,0x00,0x34,0xC0,0x76,0x00,0x34,0xDC,0x73,0x00,0x08,0x00,
  0x03,0x00,0x34,0xF8,0x76,0x00,0x34,0x14,0x00,0x00,0x2C,0x52,0x75,0x00,0x34,0x30,
  0x75,0x00,0x08,0x78,0x02,0x00,0x34,0x4C,0x01,0x00,0x08,0x06,0x02,0x00,0x2E,0x28,
  0x00,0x00,0x08,0x7E,0x72,0x00,0x34,0x68,0x76,0x00,0x34,0x84,0x75,0x00,0x34,0x68,
  0x76,0x00,0x34,0x4C,0x76,0x00,0x34,0x30,0x75,0x00,0x34,0x14,0x02,0x00,0x08,0x06,
  0x01,0x00,0x2E,0x2E,0x01,0x00,0x08,0x7E,0x72,0x00,0x34,0xF8,0x00,0x00,0x2C,0x51,
  0x01,0x00,0x35,0x44,0x75,0x00,0x34,0xDC,0x01,0x00,0x35,0x60,0x73,0x00,0x08,0x00,
  0x02,0x00,0x34,0xC0,0x01,0x00,0x35,0x7C,0x75,0x00,0x34,0xA4,0x01,0x00,0x35,0x98,
  0x74,0x00,0x34,0xC0,0x01,0x00,0x35,0x7C,0x74,0x00,0x08,0x78,0x02,0x00,0x34,0xDC,
  0x01,0x00,0x35,0x60,0x01,0x00,0x08,0x06,0x02,0x00,0x2E,0x22,0x00,0x00,0x08,0x7E,
  0x00,0x00,0x08,0x07,0x02,0x00,0x08,0x7F,0x6F,0x00,0x34,0xF8,0x01,0x00,0x35,0x44,
  0x75,0x00,0x34,0x14,0x00,0x00,0x2C,0x52,0x01,0x00,0x35,0x28,0x74,0x00,0x34,0x30,
  0x01,0x00,0x35,0x0C,0x75,0x00,0x34,0x4C,0x01,0x00,0x35,0xF0,0x00,0x00,0x2D,0x51,
  0x75,0x00,0x34,0x68,0x01,0x00,0x35,0xD4,0x75,0x00,0x34,0x84,0x01,0x00,0x35,0xB8,
  0x00,0x00,0x08,0x06,0x02,0x00,0x2E,0x28,0x00,0x00,0x08,0x7E,0x72,0x00,0x34,0x68,
  0x01,0x00,0x35,0xD4,0x75,0x00,0x34,0x4C,0x01,0x00,0x35,0xF0,0x73,0x00,0x08,0x00,
  0x02,0x00,0x34,0x30,0x01,0x00,0x35,0x0C,0x00,0x00,0x2D,0x52,0x75,0x00,0x34,0x14,
  0x01,0x00,0x35,0x28,0x74,0x00,0x34,0xF8,0x01,0x00,0x2C,0x51,0x00,0x00,0x35,0x44,
  0x74,0x00,0x08,0x78,0x02,0x00,0x34,0xDC,0x01,0x00,0x35,0x60,0x01,0x00,0x08,0x06,
  0x02,0x00,0x2E,0x2E,0x00,0x00,0x08,0x7E,0x00,0x00,0x08,0x07,0x02,0x00,0x08,0x7F,
  0x6F,0x00,0x34,0xC0,0x01,0x00,0x35,0x7C,0x75,0x00,0x34,0xA4,0x01,0x00,0x35,0x98,
  0x74,0x00,0x34,0xC0,0x02,0x00,0x35,0x7C,0x74,0x00,0x34,0xDC,0x01,0x00,0x35,0x60,
  0x75,0x00,0x34,0xF8,0x01,0x00,0x35,0x44,0x75,0x00,0x34,0x14,0x00,0x00,0x2C,0x52,
  0x01,0x00,0x35,0x28,0x00,0x00,0x08,0x06,0x02,0x00,0x2E,0x32,0x00,0x00,0x08,0x7E,
  0x72,0x00,0x34,0x30,0x01,0x00,0x35,0x0C,0x75,0x00,0x34,0x4C,0x01,0x00,0x35,0xF0,
  0x00,0x00,0x2D,0x51,0x73,0x00,0x08,0x00,0x02,0x00,0x34,0x68,0x01,0x00,0x35,0xD4,
  0x75,0x00,0x34,0x84,0x01,0x00,0x35,0xB8,0x74,0x00,0x34,0x68,0x02,0x00,0x35,0xD4,
  0x73,0x00,0x28,0x39,0x01,0x00,0x08,0x78,0x02,0x00,0x34,0x4C,0x01,0x00,0x35,0xF0,
  0x01,0x00,0x08,0x06,0x01,0x00,0x2E,0x28,0x00,0x00,0x08,0x7E,0x01,0x00,0x08,0x07,
  0x01,0x00,0x08,0x7F,0x6F,0x00,0x34,0x30,0x01,0x00,0x35,0x0C,0x00,0x00,0x2D,0x52,
  0x75,0x00,0x34,0x14,0x01,0x00,0x35,0x28,0x74,0x00,0x34,0xF8,0x01,0x00,0x2C,0x51,
  0x01,0x00,0x35,0x44,0x75,0x00,0x34,0xDC,0x00,0x00,0x35,0x60,0x75,0x00,0x34,0xC0,
  0x01,0x00,0x35,0x7C,0x75,0x00,0x34,0xA4,0x01,0x00,0x35,0x98,0x01,0x00,0x08,0x06,
  0x01,0x00,0x2E,0x2E,0x01,0x00,0x08,0x7E,0x72,0x00,0x34,0xC0,0x01,0x00,0x35,0x7C,
  0x74,0x00,0x34,0xDC,0x01,0x00,0x35,0x60,0x73,0x00,0x08,0x00,0x02,0x00,0x34,0xF8,
  0x01,0x00,0x35,0x44,0x75,0x00,0x34,0x14,0x00,0x00,0x2C,0x52,0x01,0x00,0x35,0x28,
  0x74,0x00,0x34,0x30,0x02,0x00,0x35,0x0C,0x73,0x00,0x28,0x29,0x01,0x00,0x08,0x78,
  0x02,0x00,0x34,0x4C,0x01,0x00,0x35,0xF0,0x00,0x00,0x2D,0x51,0x01,0x00,0x08,0x06,
  0x01,0x00,0x2E,0x32,0x01,0x00,0x08,0x7E,0x70,0x00,0x34,0x68,0x01,0x00,0x35,0xD4,
  0x75,0x00,0x34,0x84,0x01,0x00,0x35,0xB8,0x75,0x00,0x34,0x68,0x01,0x00,0x35,0xD4,
  0x74,0x00,0x34,0x4C,0x01,0x00,0x35,0xF0,0x75,0x00,0x34,0x30,0x01,0x00,0x35,0x0C,
  0x00,0x00,0x2D,0x52,0x75,0x00,0x34,0x14,0x01,0x00,0x35,0x28,0x01,0x00,0x08,0x06,
  0x01,0x00,0x2E,0x38,0x00,0x00,0x08,0x7E,0x73,0x00,0x34,0xF8,0x00,0x00,0x2C,0x51,
  0x01,0x00,0x35,0x44,0x74,0x00,0x34,0xDC,0x02,0x00,0x35,0x60,0x72,0x00,0x08,0x00,
  0x02,0x00,0x34,0xC0,0x02,0x00,0x35,0x7C,0x74,0x00,0x34,0xA4,0x01,0x00,0x35,0x98,
  0x75,0x00,0x34,0xC0,0x01,0x00,0x35,0x7C,0x74,0x00,0x08,0x78,0x02,0x00,0x34,0xDC,
  0x01,0x00,0x35,0x60,0x01,0x00,0x08,0x06,0x01,0x00,0x2E,0x3E,0x00,0x00,0x08,0x7E,
  0x01,0x00,0x08,0x07,0x01,0x00,0x08,0x7F,0x6F,0x00,0x34,0xF8,0x01,0x00,0x35,0x44,
  0x75,0x00,0x34,0x14,0x00,0x00,0x2C,0x52,0x01,0x00,0x35,0x28,0x75,0x00,0x34,0x30,
  0x01,0x00,0x35,0x0C,0x75,0x00,0x34,0x4C,0x01,0x00,0x35,0xF0,0x00,0x00,0x2D,0x51,
  0x74,0x00,0x34,0x68,0x01,0x00,0x35,0xD4,0x75,0x00,0x34,0x84,0x01,0x00,0x35,0xB8,
  0x01,0x00,0x08,0x06,0x01,0x00,0x2E,0x38,0x01,0x00,0x08,0x7E,0x72,0x00,0x34,0x68,
  0x01,0x00,0x35,0xD4,0x75,0x00,0x34,0x4C,0x01,0x00,0x35,0xF0,0x72,0x00,0x08,0x00,
  0x03,0x00,0x34,0x30,0x01,0x00,0x35,0x0C,0x00,0x00,0x2D,0x52,0x74,0x00,0x34,0x14,
  0x01,0x00,0x35,0x28,0x75,0x00,0x34,0xF8,0x00,0x00,0x2C,0x51,0x01,0x00,0x35,0x44,
  0x74,0x00,0x08,0x78,0x02,0x00,0x34,0xDC,0x01,0x00,0x35,0x60,0x01,0x00,0x08,0x06,
  0x01,0x00,0x2E,0x32,0x01,0x00,0x08,0x7E,0x70,0x00,0x34,0xC0,0x01,0x00,0x35,0x7C,
  0x75,0x00,0x34,0xA4,0x01,0x00,0x35,0x98,0x75,0x00,0x34,0xC0,0x01,0x00,0x35,0x7C,
  0x75,0x00,0x34,0xDC,0x01,0x00,0x35,0x60,0x74,0x00,0x34,0xF8,0x01,0x00,0x35,0x44,
  0x75,0x00,0x34,0x14,0x00,0x00,0x2C,0x52,0x01,0x00,0x35,0x28,0x01,0x00,0x08,0x06,
  0x01,0x00,0x2E,0x2E,0x01,0x00,0x08,0x7E,0x72,0x00,0x34,0x30,0x01,0x00,0x35,0x0C,
  0x75,0x00,0x34,0x4C,0x01,0x00,0x35,0xF0,0x00,0x00,0x2D,0x51,0x72,0x00,0x08,0x00,
  0x03,0x00,0x34,0x68,0x01,0x00,0x35,0xD4,0x74,0x00,0x34,0x84,0x01,0x00,0x35,0xB8,
  0x75,0x00,0x34,0x68,0x01,0x00,0x35,0xD4,0x74,0x00,0x08,0x78,0x02,0x00,0x34,0x4C,
  0x01,0x00,0x35,0xF0,0x01,0x00,0x08,0x06,0x01,0x00,0x2E,0x38,0x01,0x00,0x08,0x7E,
  0x00,0x00,0x08,0x07,0x02,0x00,0x08,0x7F,0x6E,0x00,0x34,0x30,0x02,0x00,0x35,0x0C,
  0x00,0x00,0x2D,0x52,0x74,0x00,0x34,0x14,0x01,0x00,0x35,0x28,0x75,0x00,0x34,0xF8,
  0x00,0x00,0x2C,0x51,0x01,0x00,0x35,0x44,0x75,0x00,0x34,0xDC,0x01,0x00,0x35,0x60,
  0x75,0x00,0x34,0xC0,0x01,0x00,0x35,0x7C,0x74,0x00,0x08,0x04,0x01,0x00,0x34,0xA4,
  0x01,0x00,0x35,0x98,0x00,0x00,0x08,0x06,0x02,0x00,0x2E,0x32,0x00,0x00,0x08,0x7E,
  0x72,0x00,0x34,0xC0,0x01,0x00,0x35,0x7C,0x75,0x00,0x34,0xDC,0x01,0x00,0x35,0x60,
  0x72,0x00,0x08,0x00,0x03,0x00,0x34,0xF8,0x01,0x00,0x35,0x44,0x74,0x00,0x34,0x14,
  0x01,0x00,0x2C,0x52,0x00,0x00,0x35,0x28,0x75,0x00,0x34,0x30,0x01,0x00,0x35,0x0C,
  0x74,0x00,0x08,0x78,0x02,0x00,0x34,0x4C,0x01,0x00,0x35,0xF0,0x01,0x00,0x2D,0x51,
  0x00,0x00,0x08,0x06,0x01,0x00,0x2E,0x2E,0x01,0x00,0x08,0x7E,0x71,0x00,0x34,0x68,
  0x01,0x00,0x35,0xD4,0x74,0x00,0x34,0x84,0x02,0x00,0x35,0xB8,0x74,0x00,0x34,0x68,
  0x01,0x00,0x35,0xD4,0x75,0x00,0x34,0x4C,0x01,0x00,0x35,0xF0,0x75,0x00,0x34,0x30,
  0x01,0x00,0x35,0x0C,0x00,0x00,0x2D,0x52,0x74,0x00,0x34,0x14,0x01,0x00,0x35,0x28,
  0x01,0x00,0x08,0x06,0x02,0x00,0x2E,0x28,0x00,0x00,0x08,0x7E,0x72,0x00,0x34,0xF8,
  0x00,0x00,0x2C,0x51,0x01,0x00,0x35,0x44,0x75,0x00,0x34,0xDC,0x01,0x00,0x35,0x60,
  0x72,0x00,0x08,0x00,0x03,0x00,0x34,0xC0,0x01,0x00,0x35,0x7C,0x74,0x00,0x34,0xA4,
  0x02,0x00,0x35,0x98,0x74,0x00,0x34,0xC0,0x01,0x00,0x35,0x7C,0x74,0x00,0x08,0x78,
  0x04,0x00,0x34,0x14,0x00,0x00,0x2C,0x4E,0x00,0x00,0x08,0x7C,0x01,0x00,0x35,0x60,
  0x01,0x00,0x08,0x06,0x01,0x00,0x2E,0x32,0x01,0x00,0x08,0x7E,0x00,0x00,0x08,0x07,
  0x01,0x00,0x08,0x7F,0x6E,0x00,0x35,0x44,0x76,0x00,0x35,0x28,0x76,0x00,0x35,0x0C,
  0x76,0x00,0x35,0xF0,0x00,0x00,0x2D,0x51,0x75,0x00,0x35,0xD4,0x76,0x00,0x35,0xB8,
  0x01,0x00,0x08,0x06,0x01,0x00,0x2E,0x2E,0x01,0x00,0x08,0x7E,0x73,0x00,0x35,0xD4,
  0x76,0x00,0x35,0xF0,0x73,0x00,0x08,0x00,0x03,0x00,0x35,0x0C,0x00,0x00,0x2D,0x52,
  0x75,0x00,0x35,0x28,0x76,0x00,0x35,0x44,0x74,0x00,0x08,0x78,0x03,0x00,0x35,0x60,
  0x01,0x00,0x08,0x06,0x01,0x00,0x2E,0x28,0x01,0x00,0x08,0x7E,0x71,0x00,0x35,0x7C,
  0x76,0x00,0x35,0x98,0x76,0x00,0x35,0x7C,0x76,0x00,0x35,0x60,0x76,0x00,0x35,0x44,
  0x75,0x00,0x35,0x28,0x01,0x00,0x08,0x06,0x01,0x00,0x2E,0x22,0x01,0x00,0x08,0x7E,
  0x73,0x00,0x35,0x0C,0x76,0x00,0x35,0xF0,0x00,0x00,0x2D,0x51,0x73,0x00,0x08,0x00,
  0x03,0x00,0x35,0xD4,0x75,0x00,0x35,0xB8,0x76,0x00,0x35,0xD4,0x74,0x00,0x08,0x78,
  0x01,0x00,0x08,0x01,0x00,0x00,0x08,0x02,0x01,0x00,0x08,0x03,0x02,0x00,0x08,0x05,
  0x02,0x00,0x35,0x28,0x00,0x00,0x2D,0x4E,0x00,0x00,0x08,0x7D,0x01,0x00,0x08,0x06,
  0x00,0x00,0x08,0x07,0x02,0x00,0x08,0x7F,0x31,0x03,0x34,0x4C,0x76,0x00,0x34,0x84,
  0x73,0x00,0x08,0x00,0x02,0x00,0x34,0xBC,0x76,0x00,0x34,0xF4,0xEA,0x00,0x08,0x78,
  0xD8,0x01,0x34,0xF8,0x62,0x01,0x34,0x30,0x00,0x00,0x2C,0x50,0x75,0x00,0x34,0x68,
  0x74,0x00,0x08,0x00,0x03,0x00,0x34,0xA0,0x75,0x00,0x34,0xD8,0x76,0x00,0x34,0x10,
  0x00,0x00,0x2C,0x51,0x75,0x00,0x28,0x28,0x00,0x00,0x08,0x78,0x02,0x00,0x29,0x51,
  0x00,0x00,0x08,0x79,0x02,0x00,0x2A,0x4C,0x00,0x00,0x08,0x7A,0x02,0x00,0x08,0x7B,
  0x01,0x00,0x34,0x4C,0x03,0x00,0x2E,0x2C,0x00,0x00,0x08,0x7E,0x01,0x00,0x08,0x07,
  0x01,0x00,0x08,0x7F,0x6A,0x00,0x34,0x68,0x76,0x00,0x34,0x84,0x76,0x00,0x34,0x68,
  0x75,0x00,0x34,0x4C,0x76,0x00,0x34,0x30,0x76,0x00,0x34,0x14,0x76,0x00,0x34,0xF8,
  0x00,0x00,0x2C,0x50,0x01,0x00,0x35,0x60,0x75,0x00,0x34,0xDC,0x01,0x00,0x35,0x98,
  0x72,0x00,0x08,0x00,0x03,0x00,0x34,0xC0,0x01,0x00,0x35,0xD0,0x74,0x00,0x34,0xA4,
  0x01,0x00,0x35,0x08,0x01,0x00,0x2D,0x50,0x74,0x00,0x34,0xC0,0x74,0x00,0x08,0x78,
  0x03,0x00,0x34,0xDC,0x74,0x00,0x34,0xF8,0x76,0x00,0x34,0x14,0x00,0x00,0x2C,0x51,
  0x76,0x00,0x34,0x30,0x76,0x00,0x34,0x4C,0x01,0x00,0x35,0x0C,0x74,0x00,0x34,0x68,
  0x76,0x00,0x34,0x84,0x76,0x00,0x34,0x68,0x01,0x00,0x35,0x44,0x75,0x00,0x34,0x4C,
  0x01,0x00,0x35,0x7C,0x72,0x00,0x08,0x00,0x03,0x00,0x34,0x30,0x01,0x00,0x35,0xB4,
  0x74,0x00,0x34,0x14,0x01,0x00,0x35,0xEC,0x75,0x00,0x34,0xF8,0x00,0x00,0x2C,0x50,
  0x01,0x00,0x35,0x24,0x00,0x00,0x2D,0x51,0x74,0x00,0x08,0x78,0x02,0x00,0x34,0xDC,
  0x02,0x00,0x35,0x60,0x01,0x00,0x08,0x07,0x01,0x00,0x08,0x7F,0x70,0x00,0x34,0xC0,
  0x02,0x00,0x35,0x7C,0x74,0x00,0x34,0xA4,0x01,0x00,0x35,0x98,0x75,0x00,0x34,0xC0,
  0x01,0x00,0x35,0x7C,0x74,0x00,0x34,0xDC,0x02,0x00,0x35,0x60,0x74,0x00,0x34,0xF8,
  0x02,0x00,0x35,0x44,0x74,0x00,0x34,0x14,0x00,0x00,0x2C,0x51,0x01,0x00,0x35,0x28,
  0x75,0x00,0x34,0x30,0x01,0x00,0x35,0x0C,0x74,0x00,0x34,0x4C,0x02,0x00,0x35,0xF0,
  0x00,0x00,0x2D,0x50,0x72,0x00,0x08,0x00,0x03,0x00,0x34,0x68,0x01,0x00,0x35,0xD4,
  0x74,0x00,0x34,0x84,0x01,0x00,0x35,0xB8,0x75,0x00,0x34,0x68,0x01,0x00,0x35,0xD4,
  0x74,0x00,0x08,0x78,0x02,0x00,0x34,0x4C,0x01,0x00,0x35,0xF0,0x74,0x00,0x34,0x30,
  0x01,0x00,0x35,0x0C,0x00,0x00,0x2D,0x51,0x74,0x00,0x34,0x14,0x01,0x00,0x35,0x28,
  0x75,0x00,0x34,0xF8,0x00,0x00,0x2C,0x50,0x01,0x00,0x35,0x44,0x75,0x00,0x34,0xDC,
  0x01,0x00,0x35,0x60,0x75,0x00,0x34,0xC0,0x01,0x00,0x35,0x7C,0x74,0x00,0x34,0xA4,
  0x02,0x00,0x35,0x98,0x74,0x00,0x34,0xC0,0x01,0x00,0x35,0x7C,0x75,0x00,0x34,0xDC,
  0x01,0x00,0x35,0x60,0x72,0x00,0x08,0x00,0x03,0x00,0x34,0xF8,0x01,0x00,0x35,0x44,
  0x74,0x00,0x34,0x14,0x00,0x00,0x2C,0x51,0x01,0x00,0x35,0x28,0x75,0x00,0x34,0x30,
  0x01,0x00,0x35,0x0C,0x74,0x00,0x08,0x78,0x02,0x00,0x34,0x4C,0x01,0x00,0x35,0xF0,
  0x00,0x00,0x2D,0x50,0x01,0x00,0x08,0x07,0x02,0x00,0x08,0x7F,0x71,0x00,0x34,0x68,
  0x01,0x00,0x35,0xD4,0x75,0x00,0x34,0x84,0x01,0x00,0x35,0xB8,0x74,0x00,0x34,0x68,
  0x01,0x00,0x35,0xD4,0x75,0x00,0x34,0x4C,0x01,0x00,0x35,0xF0,0x75,0x00,0x34,0x30,
  0x01,0x00,0x35,0x0C,0x00,0x00,0x2D,0x51,0x74,0x00,0x34,0x14,0x02,0x00,0x35,0x28,
  0x74,0x00,0x34,0xF8,0x01,0x00,0x2C,0x50,0x00,0x00,0x35,0x44,0x75,0x00,0x34,0xDC,
  0x02,0x00,0x35,0x60,0x71,0x00,0x08,0x00,0x03,0x00,0x34,0xC0,0x01,0x00,0x35,0x7C,
  0x75,0x00,0x34,0xA4,0x01,0x00,0x35,0x98,0x74,0x00,0x34,0xC0,0x01,0x00,0x35,0x7C,
  0x74,0x00,0x08,0x78,0x02,0x00,0x34,0xDC,0x01,0x00,0x35,0x60,0x74,0x00,0x34,0xF8,
  0x01,0x00,0x35,0x44,0x75,0x00,0x34,0x14,0x00,0x00,0x2C,0x51,0x01,0x00,0x35,0x28,
  0x74,0x00,0x34,0x30,0x01,0x00,0x35,0x0C,0x75,0x00,0x34,0x4C,0x01,0x00,0x35,0xF0,
  0x00,0x00,0x2D,0x50,0x75,0x00,0x34,0x68,0x01,0x00,0x35,0xD4,0x75,0x00,0x34,0x84,
  0x01,0x00,0x35,0xB8,0x74,0x00,0x34,0x68,0x01,0x00,0x35,0xD4,0x75,0x00,0x34,0x4C,
  0x01,0x00,0x35,0xF0,0x73,0x00,0x08,0x00,0x02,0x00,0x34,0x30,0x01,0x00,0x35,0x0C,
  0x00,0x00,0x2D,0x51,0x75,0x00,0x34,0x14,0x01,0x00,0x35,0x28,0x74,0x00,0x34,0xF8,
  0x01,0x00,0x2C,0x50,0x01,0x00,0x35,0x44,0x73,0x00,0x28,0x38,0x00,0x00,0x08,0x78,
  0x03,0x00,0x34,0xDC,0x01,0x00,0x35,0x60,0x01,0x00,0x08,0x07,0x02,0x00,0x08,0x7F,
  0x70,0x00,0x34,0xC0,0x01,0x00,0x35,0x7C,0x75,0x00,0x34,0xA4,0x01,0x00,0x35,0x98,
  0x74,0x00,0x34,0xC0,0x02,0x00,0x35,0x7C,0x74,0x00,0x34,0xDC,0x01,0x00,0x35,0x60,
  0x75,0x00,0x34,0xF8,0x01,0x00,0x35,0x44,0x75,0x00,0x34,0x14,0x00,0x00,0x2C,0x51,
  0x01,0x00,0x35,0x28,0x74,0x00,0x34,0x30,0x02,0x00,0x35,0x0C,0x74,0x00,0x34,0x4C,
  0x01,0x00,0x35,0xF0,0x00,0x00,0x2D,0x50,0x73,0x00,0x08,0x00,0x02,0x00,0x34,0x68,
  0x01,0x00,0x35,0xD4,0x75,0x00,0x34,0x84,0x01,0x00,0x35,0xB8,0x75,0x00,0x34,0x68,
  0x00,0x00,0x35,0xD4,0x74,0x00,0x28,0x28,0x01,0x00,0x08,0x78,0x02,0x00,0x08,0x04,
  0x00,0x00,0x34,0x4C,0x01,0x00,0x35,0xF0,0x73,0x00,0x34,0x30,0x01,0x00,0x35,0x0C,
  0x00,0x00,0x2D,0x51,0x75,0x00,0x34,0x14,0x01,0x00,0x35,0x28,0x75,0x00,0x34,0xF8,
  0x00,0x00,0x2C,0x50,0x01,0x00,0x35,0x44,0x74,0x00,0x34,0xDC,0x01,0x00,0x35,0x60,
  0x75,0x00,0x34,0xC0,0x01,0x00,0x35,0x7C,0x75,0x00,0x34,0xA4,0x01,0x00,0x35,0x98,
  0x75,0x00,0x34,0xC0,0x01,0x00,0x35,0x7C,0x74,0x00,0x34,0xDC,0x01,0x00,0x35,0x60,
  0x73,0x00,0x08,0x00,0x02,0x00,0x34,0xF8,0x01,0x00,0x35,0x44,0x75,0x00,0x34,0x14,
  0x00,0x00,0x2C,0x51,0x01,0x00,0x35,0x28,0x75,0x00,0x34,0x30,0x01,0x00,0x35,0x0C,
  0x73,0x00,0x08,0x78,0x03,0x00,0x34,0x14,0x01,0x00,0x2C,0x48,0x00,0x00,0x08,0x7C,
  0x01,0x00,0x35,0xF0,0x00,0x00,0x2D,0x50,0x01,0x00,0x08,0x06,0x01,0x00,0x2E,0x28,
  0x01,0x00,0x08,0x7E,0x00,0x00,0x08,0x07,0x02,0x00,0x08,0x7F,0x6E,0x00,0x35,0xD4,
  0x75,0x00,0x35,0xB8,0x76,0x00,0x35,0xD4,0x76,0x00,0x35,0xF0,0x76,0x00,0x35,0x0C,
  0x00,0x00,0x2D,0x51,0x75,0x00,0x35,0x28,0x76,0x00,0x35,0x44,0x76,0x00,0x35,0x60,
  0x73,0x00,0x08,0x00,0x03,0x00,0x35,0x7C,0x76,0x00,0x35,0x98,0x75,0x00,0x35,0x7C,
  0x74,0x00,0x08,0x78,0x03,0x00,0x35,0x60,0x75,0x00,0x35,0x44,0x76,0x00,0x35,0x28,
  0x75,0x00,0x35,0x0C,0x76,0x00,0x35,0xF0,0x00,0x00,0x2D,0x50,0x76,0x00,0x35,0xD4,
  0x76,0x00,0x35,0xB8,0x75,0x00,0x35,0xD4,0x76,0x00,0x35,0xF0,0x73,0x00,0x08,0x00,
  0x03,0x00,0x35,0x0C,0x00,0x00,0x2D,0x51,0x76,0x00,0x35,0x28,0x75,0x00,0x35,0x44,
  0x75,0x00,0x28,0x38,0x00,0x00,0x08,0x78,0x02,0x00,0x08,0x05,0x02,0x00,0x35,0x28,
  0x00,0x00,0x2D,0x48,0x00,0x00,0x08,0x7D,0x01,0x00,0x08,0x07,0x02,0x00,0x08,0x7F,
  0x32,0x03,0x34,0x30,0x76,0x00,0x34,0x4C,0x73,0x00,0x08,0x00,0x03,0x00,0x34,0x68,
  0x75,0x00,0x34,0x84,0x76,0x00,0x34,0x68,0x75,0x00,0x28,0x28,0x00,0x00,0x08,0x78,
  0x02,0x00,0x34,0x4C,0x75,0x00,0x34,0x30,0x75,0x00,0x34,0x14,0x76,0x00,0x34,0xF8,
  0x00,0x00,0x2C,0x46,0x76,0x00,0x34,0xDC,0x76,0x00,0x34,0xC0,0x75,0x00,0x08,0x04,
  0x01,0x00,0x34,0xA4,0x75,0x00,0x34,0xC0,0x76,0x00,0x34,0xDC,0x73,0x00,0x08,0x00,
  0x03,0x00,0x34,0xF8,0x75,0x00,0x34,0x14,0x01,0x00,0x2C,0x48,0x76,0x00,0x34,0x30,
  0x74,0x00,0x08,0x78,0x03,0x00,0x34,0x14,0x00,0x00,0x2C,0x51,0x01,0x00,0x08,0x7C,
  0x01,0x00,0x08,0x06,0x01,0x00,0x2E,0x2C,0x00,0x00,0x08,0x7E,0x01,0x00,0x08,0x07,
  0x02,0x00,0x08,0x7F,0x31,0x03,0x35,0x44,0x75,0x00,0x35,0x60,0x73,0x00,0x08,0x00,
  0x04,0x00,0x35,0x7C,0x75,0x00,0x35,0x98,0x76,0x00,0x35,0x7C,0x74,0x00,0x08,0x78,
  0x03,0x00,0x35,0x60,0x74,0x00,0x35,0x44,0x76,0x00,0x35,0x28,0x76,0x00,0x35,0x0C,
  0x76,0x00,0x35,0xF0,0x00,0x00,0x2D,0x46,0x75,0x00,0x35,0xD4,0x76,0x00,0x35,0xB8,
  0x76,0x00,0x35,0xD4,0x76,0x00,0x35,0xF0,0x73,0x00,0x08,0x00,0x03,0x00,0x35,0x0C,
  0x00,0x00,0x2D,0x48,0x75,0x00,0x35,0x28,0x76,0x00,0x35,0x44,0x74,0x00,0x08,0x78,
  0x00,0x00,0x08,0x01,0x01,0x00,0x08,0x02,0x01,0x00,0x08,0x03,0x01,0x00,0x08,0x05,
  0x02,0x00,0x35,0x28,0x00,0x00,0x2D,0x51,0x00,0x00,0x08,0x7D,0x01,0x00,0x08,0x07,
  0x02,0x00,0x08,0x7F,0x31,0x03,0x34,0x30,0x76,0x00,0x34,0x4C,0x74,0x00,0x08,0x00,
  0x02,0x00,0x34,0x68,0x76,0x00,0x34,0x84,0x76,0x00,0x34,0x68,0x74,0x00,0x08,0x78,
  0x02,0x00,0x34,0x4C,0x75,0x00,0x34,0x30,0x76,0x00,0x34,0x14,0x76,0x00,0x34,0xF8,
  0x00,0x00,0x2C,0x50,0x75,0x00,0x34,0xDC,0x76,0x00,0x34,0xC0,0x75,0x00,0x08,0x04,
  0x01,0x00,0x34,0xA4,0x76,0x00,0x34,0xC0,0x75,0x00,0x34,0xDC,0x74,0x00,0x08,0x00,
  0x02,0x00,0x34,0xF8,0x76,0x00,0x34,0x14,0x00,0x00,0x2C,0x51,0x75,0x00,0x34,0x30,
  0x76,0x00,0x28,0x2E,0x00,0x00,0x08,0x78,0x02,0x00,0x29,0x4E,0x00,0x00,0x08,0x79,
  0x02,0x00,0x2A,0x48,0x00,0x00,0x08,0x7A,0x02,0x00,0x2B,0x42,0x01,0x00,0x08,0x7B,
  0x02,0x00,0x34,0x14,0x00,0x00,0x2C,0x52,0x00,0x00,0x08,0x7C,0x01,0x00,0x08,0x06,
  0x02,0x00,0x2E,0x2E,0x00,0x00,0x08,0x7E,0x00,0x00,0x08,0x07,0x02,0x00,0x08,0x7F,
  0x2B,0x03,0x35,0x44,0x76,0x00,0x35,0x60,0x73,0x00,0x08,0x00,0x03,0x00,0x35,0x7C,
  0x76,0x00,0x35,0x98,0x75,0x00,0x35,0x7C,0x74,0x00,0x08,0x78,0x03,0x00,0x35,0x60,
  0x75,0x00,0x35,0x44,0x76,0x00,0x35,0x28,0x75,0x00,0x35,0x0C,0x76,0x00,0x35,0xF0,
  0x00,0x00,0x2D,0x50,0x76,0x00,0x35,0xD4,0x76,0x00,0x35,0xB8,0x75,0x00,0x35,0xD4,
  0x76,0x00,0x35,0xF0,0x73,0x00,0x08,0x00,0x02,0x00,0x08,0x04,0x02,0x00,0x35,0x0C,
  0x00,0x00,0x2D,0x51,0x75,0x00,0x35,0x28,0x75,0x00,0x35,0x44,0x75,0x00,0x08,0x78,
  0x03,0x00,0x2C,0x51,0x00,0x00,0x08,0x7C,0x01,0x00,0x08,0x05,0x01,0x00,0x35,0x28,
  0x00,0x00,0x2D,0x52,0x01,0x00,0x08,0x7D,0x00,0x00,0x08,0x06,0x02,0x00,0x2E,0x2C,
  0x00,0x00,0x08,0x7E,0x00,0x00,0x08,0x07,0x02,0x00,0x08,0x7F,0x18,0x04,0x08,0x00,
  0x78,0x00,0x08,0x04,0xEB,0x00,0x08,0x78,0x03,0x00,0x2C,0x4E,0x00,0x00,0x08,0x7C,
  0x01,0x00,0x08,0x06,0x02,0x00,0x2E,0x28,0x00,0x00,0x08,0x7E,0x1C,0x04,0x08,0x00,
  0x63,0x01,0x08,0x78,0x03,0x00,0x08,0x05,0x01,0x00,0x2D,0x51,0x01,0x00,0x08,0x7D,
  0x02,0x00,0x08,0x07,0x01,0x00,0x08,0x7F,0x1A,0x04,0x08,0x00,0x63,0x01,0x08,0x78,
  0x02,0x00,0x08,0x05,0x02,0x00,0x2D,0x4E,0x00,0x00,0x08,0x7D,0x35,0x03,0x34,0x30,
  0x76,0x00,0x34,0x4C,0x74,0x00,0x08,0x00,0x02,0x00,0x34,0x68,0x75,0x00,0x34,0x84,
  0x76,0x00,0x34,0x68,0x75,0x00,0x08,0x78,0x02,0x00,0x34,0x4C,0x02,0x00,0x08,0x07,
  0x02,0x00,0x08,0x7F,0x71,0x00,0x34,0x30,0x76,0x00,0x34,0x14,0x75,0x00,0x34,0xF8,
  0x01,0x00,0x2C,0x4D,0x75,0x00,0x34,0xDC,0x76,0x00,0x34,0xC0,0x76,0x00,0x34,0xA4,
  0x75,0x00,0x34,0xC0,0x76,0x00,0x34,0xDC,0x74,0x00,0x08,0x00,0x02,0x00,0x34,0xF8,
  0x76,0x00,0x34,0x14,0x00,0x00,0x2C,0x4E,0x76,0x00,0x34,0x30,0x74,0x00,0x08,0x78,
  0x01,0x00,0x08,0x01,0x00,0x00,0x08,0x02,0x01,0x00,0x08,0x03,0x01,0x00,0x34,0x4C,
  0x74,0x00,0x34,0x68,0x76,0x00,0x34,0x84,0x75,0x00,0x34,0x68,0x76,0x00,0x34,0x4C,
  0x76,0x00,0x34,0x30,0x75,0x00,0x08,0x04,0x01,0x00,0x34,0x14,0x76,0x00,0x34,0xF8,
  0x00,0x00,0x2C,0x4D,0x01,0x00,0x35,0x44,0x74,0x00,0x34,0xDC,0x01,0x00,0x35,0x60,
  0x73,0x00,0x08,0x00,0x02,0x00,0x34,0xC0,0x01,0x00,0x35,0x7C,0x75,0x00,0x34,0xA4,
  0x01,0x00,0x35,0x98,0x75,0x00,0x34,0xC0,0x01,0x00,0x35,0x7C,0x73,0x00,0x08,0x78,
  0x02,0x00,0x08,0x79,0x02,0x00,0x08,0x7A,0x01,0x00,0x08,0x7B,0x01,0x00,0x34,0xDC,
  0x01,0x00,0x35,0x60,0x01,0x00,0x08,0x06,0x02,0x00,0x46,0x31,0x00,0x00,0x4E,0x73,
  0x00,0x00,0x56,0x25,0x00,0x00,0x5E,0x41,0x00,0x00,0x66,0x29,0x00,0x00,0x6E,0x1F,
  0x00,0x00,0x76,0x27,0x01,0x00,0x7E,0x00,0x00,0x00,0x86,0x5F,0x00,0x00,0x9E,0x1C,
  0x01,0x00,0xA6,0x08,0x00,0x00,0xAE,0x04,0x00,0x00,0xB6,0x05,0x01,0x00,0xC6,0x01,
  0x00,0x00,0xD6,0x02,0x00,0x00,0xDE,0x02,0x00,0x00,0xE6,0x25,0x01,0x00,0xEE,0x15,
  0x00,0x00,0xF6,0x25,0x00,0x00,0xFE,0x06,0x01,0x00,0x7E,0x0D,0x01,0x00,0x26,0xFA,
  0x00,0x00,0x36,0x2C,0x01,0x00,0x2E,0x4E,0x00,0x00,0x08,0x7E,0x00,0x00,0x08,0x07,
  0x02,0x00,0x47,0x00,0x00,0x00,0x4F,0x70,0x00,0x00,0x57,0x0E,0x01,0x00,0x5F,0x00,
  0x00,0x00,0x67,0x07,0x00,0x00,0x6F,0x13,0x00,0x00,0x77,0x0E,0x00,0x00,0x7F,0x02,
  0x00,0x00,0x87,0x1F,0x01,0x00,0x97,0x1F,0x00,0x00,0x9F,0x1F,0x00,0x00,0xA7,0x01,
  0x01,0x00,0xAF,0x16,0x00,0x00,0xB7,0x0D,0x00,0x00,0xBF,0x14,0x00,0x00,0xC7,0xC0,
  0x00,0x00,0xCF,0x07,0x00,0x00,0xD7,0x4F,0x01,0x00,0xDF,0x54,0x00,0x00,0xE7,0xC5,
  0x00,0x00,0xEF,0x68,0x00,0x00,0xF7,0xFA,0x01,0x00,0xFF,0xF8,0x01,0x00,0x77,0x10,
  0x00,0x00,0x7F,0x04,0x01,0x00,0x27,0xF4,0x00,0x00,0x2F,0x6C,0x01,0x00,0x08,0x7F,
  0x5C,0x00,0x34,0xF8,0x01,0x00,0x35,0x44,0x75,0x00,0x34,0x14,0x00,0x00,0x2C,0x4E,
  0x01,0x00,0x35,0x28,0x75,0x00,0x34,0x30,0x01,0x00,0x35,0x0C,0x74,0x00,0x34,0x4C,
  0x01,0x00,0x35,0xF0,0x01,0x00,0x2D,0x4D,0x74,0x00,0x34,0x68,0x01,0x00,0x35,0xD4,
  0x75,0x00,0x34,0x84,0x01,0x00,0x35,0xB8,0x75,0x00,0x34,0x68,0x01,0x00,0x35,0xD4,
  0x74,0x00,0x34,0x4C,0x01,0x00,0x35,0xF0,0x73,0x00,0x08,0x00,0x02,0x00,0x34,0x30,
  0x02,0x00,0x35,0x0C,0x00,0x00,0x2D,0x4E,0x72,0x00,0x08,0x01,0x01,0x00,0x08,0x02,
  0x01,0x00,0x08,0x03,0x01,0x00,0x34,0x14,0x01,0x00,0x35,0x28,0x74,0x00,0x34,0xF8,
  0x00,0x00,0x2C,0x4D,0x01,0x00,0x35,0x44,0x75,0x00,0x34,0xDC,0x02,0x00,0x35,0x60,
  0x00,0x00,0x08,0x06,0x01,0x00,0x08,0x07,0x72,0x00,0x34,0xC0,0x01,0x00,0x35,0x7C,
  0x75,0x00,0x34,0xA4,0x01,0x00,0x35,0x98,0x75,0x00,0x34,0xC0,0x01,0x00,0x35,0x7C,
  0x74,0x00,0x34,0xDC,0x02,0x00,0x35,0x60,0x74,0x00,0x34,0xF8,0x01,0x00,0x35,0x44,
  0x75,0x00,0x34,0x14,0x00,0x00,0x2C,0x4E,0x01,0x00,0x35,0x28,0x75,0x00,0x34,0x30,
  0x01,0x00,0x35,0x0C,0x74,0x00,0x34,0x4C,0x02,0x00,0x35,0xF0,0x00,0x00,0x2D,0x4D,
  0x74,0x00,0x34,0x68,0x02,0x00,0x35,0xD4,0x74,0x00,0x34,0x84,0x01,0x00,0x35,0xB8,
  0x75,0x00,0x34,0x68,0x01,0x00,0x35,0xD4,0x76,0x00,0x34,0x4C,0x00,0x00,0x08,0x05,
  0x01,0x00,0x35,0xF0,0x03,0x00,0x08,0x7F,0x70,0x00,0x34,0x30,0x01,0x00,0x35,0x0C,
  0x01,0x00,0x2D,0x4E,0x74,0x00,0x34,0x14,0x01,0x00,0x35,0x28,0x75,0x00,0x34,0xF8,
  0x00,0x00,0x2C,0x4D,0x01,0x00,0x35,0x44,0x75,0x00,0x34,0xDC,0x01,0x00,0x35,0x60,
  0x74,0x00,0x34,0xC0,0x01,0x00,0x35,0x7C,0x75,0x00,0x34,0xA4,0x01,0x00,0x35,0x98,
  0x75,0x00,0x34,0xC0,0x01,0x00,0x35,0x7C,0x75,0x00,0x34,0xDC,0x01,0x00,0x35,0x60,
  0x75,0x00,0x34,0xF8,0x01,0x00,0x35,0x44,0x74,0x00,0x34,0x14,0x00,0x00,0x2C,0x4E,
  0x02,0x00,0x35,0x28,0x74,0x00,0x34,0x30,0x01,0x00,0x35,0x0C,0x76,0x00,0x34,0x4C,
  0x01,0x00,0x35,0xF0,0x00,0x00,0x2D,0x4D,0x01,0x00,0x08,0x07,0x72,0x00,0x34,0x68,
  0x02,0x00,0x35,0xD4,0x74,0x00,0x34,0x84,0x01,0x00,0x35,0xB8,0x75,0x00,0x34,0x68,
  0x01,0x00,0x35,0xD4,0x75,0x00,0x34,0x4C,0x01,0x00,0x35,0xF0,0x74,0x00,0x34,0x30,
  0x02,0x00,0x35,0x0C,0x00,0x00,0x2D,0x4E,0x74,0x00,0x34,0x14,0x01,0x00,0x35,0x28,
  0x75,0x00,0x34,0xF8,0x00,0x00,0x2C,0x4D,0x01,0x00,0x35,0x44,0x75,0x00,0x34,0xDC,
  0x01,0x00,0x35,0x60,0x74,0x00,0x34,0xC0,0x02,0x00,0x35,0x7C,0x75,0x00,0x34,0xA4,
  0x01,0x00,0x35,0x98,0x74,0x00,0x34,0xC0,0x01,0x00,0x35,0x7C,0x74,0x00,0x08,0x78,
  0x01,0x00,0x08,0x79,0x02,0x00,0x08,0x7A,0x02,0x00,0x34,0xDC,0x01,0x00,0x35,0x60,
  0x02,0x00,0x08,0x7E,0x6F,0x00,0x34,0xF8,0x01,0x00,0x35,0x44,0x74,0x00,0x34,0x14,
  0x00,0x00,0x2C,0x4E,0x01,0x00,0x35,0x28,0x75,0x00,0x34,0x30,0x01,0x00,0x35,0x0C,
  0x75,0x00,0x34,0x4C,0x01,0x00,0x35,0xF0,0x00,0x00,0x2D,0x4D,0x75,0x00,0x34,0x68,
  0x01,0x00,0x35,0xD4,0x74,0x00,0x34,0x84,0x01,0x00,0x35,0xB8,0x75,0x00,0x34,0x68,
  0x01,0x00,0x35,0xD4,0x75,0x00,0x34,0x4C,0x01,0x00,0x35,0xF0,0x72,0x00,0x08,0x00,
  0x03,0x00,0x34,0x30,0x01,0x00,0x35,0x0C,0x00,0x00,0x2D,0x4E,0x73,0x00,0x08,0x01,
  0x00,0x00,0x08,0x02,0x02,0x00,0x34,0x14,0x01,0x00,0x35,0x28,0x74,0x00,0x34,0xF8,
  0x00,0x00,0x2C,0x4D,0x01,0x00,0x35,0x44,0x74,0x00,0x28,0x2D,0x00,0x00,0x08,0x78,
  0x02,0x00,0x29,0x4D,0x00,0x00,0x08,0x79,0x02,0x00,0x2A,0x46,0x00,0x00,0x08,0x7A,
  0x02,0x00,0x34,0xDC,0x01,0x00,0x35,0x60,0x01,0x00,0x08,0x06,0x01,0x00,0x2E,0x4D,
  0x01,0x00,0x08,0x7E,0x6D,0x00,0x34,0xC0,0x01,0x00,0x35,0x7C,0x74,0x00,0x34,0xA4,
  0x01,0x00,0x35,0x98,0x75,0x00,0x34,0xC0,0x01,0x00,0x35,0x7C,0x75,0x00,0x34,0xDC,
  0x01,0x00,0x35,0x60,0x75,0x00,0x34,0xF8,0x01,0x00,0x35,0x44,0x75,0x00,0x34,0x14,
  0x00,0x00,0x2C,0x4E,0x00,0x00,0x35,0x28,0x75,0x00,0x34,0x30,0x01,0x00,0x35,0x0C,
  0x75,0x00,0x34,0x4C,0x01,0x00,0x35,0xF0,0x00,0x00,0x2D,0x4D,0x73,0x00,0x08,0x00,
  0x02,0x00,0x34,0x68,0x01,0x00,0x35,0xD4,0x73,0x00,0x08,0x01,0x00,0x00,0x08,0x02,
  0x02,0x00,0x34,0x84,0x01,0x00,0x35,0xB8,0x74,0x00,0x34,0x68,0x01,0x00,0x35,0xD4,
  0x74,0x00,0x28,0x2C,0x00,0x00,0x08,0x78,0x02,0x00,0x29,0x4C,0x00,0x00,0x08,0x79,
  0x02,0x00,0x2A,0x45,0x00,0x00,0x08,0x7A,0x02,0x00,0x34,0x4C,0x01,0x00,0x35,0xF0,
  0x01,0x00,0x08,0x06,0x02,0x00,0x2E,0x4C,0x00,0x00,0x08,0x7E,0x6D,0x00,0x34,0x30,
  0x01,0x00,0x35,0x0C,0x00,0x00,0x2D,0x4E,0x74,0x00,0x34,0x14,0x02,0x00,0x35,0x28,
  0x74,0x00,0x34,0xF8,0x01,0x00,0x2C,0x4D,0x00,0x00,0x35,0x44,0x75,0x00,0x34,0xDC,
  0x01,0x00,0x35,0x60,0x75,0x00,0x34,0xC0,0x01,0x00,0x35,0x7C,0x75,0x00,0x34,0xA4,
  0x01,0x00,0x35,0x98,0x74,0x00,0x34,0xC0,0x02,0x00,0x35,0x7C,0x74,0x00,0x34,0xDC,
  0x01,0x00,0x35,0x60,0x73,0x00,0x08,0x00,0x02,0x00,0x34,0xF8,0x01,0x00,0x35,0x44,
  0x73,0x00,0x08,0x01,0x00,0x00,0x08,0x02,0x02,0x00,0x34,0x14,0x01,0x00,0x2C,0x4E,
  0x00,0x00,0x35,0x28,0x74,0x00,0x34,0x30,0x01,0x00,0x35,0x0C,0x74,0x00,0x28,0x29,
  0x01,0x00,0x08,0x78,0x02,0x00,0x29,0x49,0x00,0x00,0x08,0x79,0x02,0x00,0x2A,0x42,
  0x00,0x00,0x08,0x7A,0x02,0x00,0x2B,0x4E,0x00,0x00,0x08,0x7B,0x01,0x00,0x34,0x4C,
  0x01,0x00,0x35,0xF0,0x00,0x00,0x2D,0x4D,0x01,0x00,0x08,0x06,0x02,0x00,0x2E,0x49,
  0x00,0x00,0x08,0x7E,0x6B,0x00,0x34,0x68,0x01,0x00,0x35,0xD4,0x75,0x00,0x34,0x84,
  0x01,0x00,0x35,0xB8,0x74,0x00,0x34,0x68,0x01,0x00,0x35,0xD4,0x75,0x00,0x34,0x4C,
  0x01,0x00,0x35,0xF0,0x75,0x00,0x34,0x30,0x01,0x00,0x35,0x0C,0x00,0x00,0x2D,0x4E,
  0x75,0x00,0x34,0x14,0x01,0x00,0x35,0x28,0x74,0x00,0x34,0xF8,0x00,0x00,0x2C,0x4D,
  0x01,0x00,0x35,0x44,0x75,0x00,0x34,0xDC,0x01,0x00,0x35,0x60,0x75,0x00,0x34,0xC0,
  0x01,0x00,0x35,0x7C,0x75,0x00,0x34,0xA4,0x01,0x00,0x35,0x98,0x74,0x00,0x34,0xC0,
  0x02,0x00,0x35,0x7C,0x78,0x00,0x23,0xBA,0x02,0x00,0x44,0x74,0x00,0x00,0x4C,0x34,
  0x00,0x00,0x54,0x74,0x00,0x00,0x5C,0x34,0x00,0x00,0x64,0x16,0x01,0x00,0x6C,0x17,
  0x00,0x00,0x74,0x00,0x00,0x00,0x7C,0x00,0x00,0x00,0x8C,0x1F,0x00,0x00,0x94,0x12,
  0x00,0x00,0x9C,0x1F,0x02,0x00,0xD4,0x01,0x00,0x00,0xDC,0x01,0x01,0x00,0xE4,0x00,
  0x00,0x00,0xEC,0x00,0x00,0x00,0xF4,0x36,0x00,0x00,0xFC,0x36,0x01,0x00,0x74,0x0A,
  0x01,0x00,0x7C,0x0A,0x00,0x00,0x24,0xEC,0x01,0x00,0x34,0x14,0x00,0x00,0x2C,0x29,
  0x00,0x00,0x08,0x7C,0x01,0x00,0x35,0x60,0x02,0x00,0x26,0x7A,0x00,0x00,0x2E,0x4E,
  0x67,0x00,0x35,0x44,0x75,0x00,0x35,0x28,0x76,0x00,0x35,0x0C,0x76,0x00,0x35,0xF0,
  0x00,0x00,0x2D,0x4D,0x75,0x00,0x35,0xD4,0x76,0x00,0x35,0xB8,0x76,0x00,0x35,0xD4,
  0x76,0x00,0x35,0xF0,0x73,0x00,0x08,0x00,0x03,0x00,0x35,0x0C,0x00,0x00,0x2D,0x4E,
  0x76,0x00,0x35,0x28,0x75,0x00,0x35,0x44,0x74,0x00,0x08,0x78,0x03,0x00,0x35,0x60,
  0x75,0x00,0x35,0x7C,0x76,0x00,0x35,0x98,0x75,0x00,0x35,0x7C,0x76,0x00,0x35,0x60,
  0x76,0x00,0x35,0x44,0x76,0x00,0x35,0x28,0x75,0x00,0x35,0x0C,0x76,0x00,0x35,0xF0,
  0x00,0x00,0x2D,0x4D,0x73,0x00,0x08,0x00,0x03,0x00,0x35,0xD4,0x76,0x00,0x35,0xB8,
  0x75,0x00,0x35,0xD4,0x74,0x00,0x08,0x78,0x04,0x00,0x45,0x74,0x00,0x00,0x4D,0x34,
  0x01,0x00,0x55,0x74,0x00,0x00,0x5D,0x34,0x00,0x00,0x65,0x16,0x00,0x00,0x6D,0x17,
  0x01,0x00,0x75,0x00,0x00,0x00,0x7D,0x00,0x00,0x00,0x8D,0x1F,0x00,0x00,0x95,0x12,
  0x00,0x00,0x9D,0x1F,0x02,0x00,0xD5,0x01,0x00,0x00,0xDD,0x01,0x00,0x00,0xE5,0x00,
  0x00,0x00,0xED,0x00,0x00,0x00,0xF5,0x36,0x01,0x00,0xFD,0x36,0x02,0x00,0x75,0x10,
  0x00,0x00,0x7D,0x10,0x00,0x00,0x25,0xEC,0x01,0x00,0x35,0x28,0x00,0x00,0x2D,0x29,
  0x00,0x00,0x08,0x7D,0x02,0x00,0x47,0x22,0x00,0x00,0x4F,0xA7,0x00,0x00,0x57,0x94,
  0x01,0x00,0x5F,0xB2,0x00,0x00,0x67,0x29,0x00,0x00,0x6F,0x18,0x01,0x00,0x77,0x15,
  0x00,0x00,0x7F,0x00,0x00,0x00,0x87,0x1A,0x00,0x00,0x97,0x1A,0x01,0x00,0x9F,0x1A,
  0x00,0x00,0xA7,0x00,0x00,0x00,0xAF,0x12,0x00,0x00,0xB7,0x04,0x00,0x00,0xBF,0x12,
  0x01,0x00,0xC7,0x40,0x00,0x00,0xCF,0x83,0x00,0x00,0xD7,0xC0,0x00,0x00,0xDF,0x0A,
  0x00,0x00,0xE7,0x02,0x00,0x00,0xEF,0x36,0x01,0x00,0xF7,0x22,0x00,0x00,0xFF,0x18,
  0x01,0x00,0x7F,0x0D,0x01,0x00,0x27,0xFB,0x00,0x00,0x2F,0x3C,0x01,0x00,0x08,0x7F,
  0x24,0x03,0x34,0x28,0x76,0x00,0x34,0x40,0x73,0x00,0x08,0x00,0x03,0x00,0x34,0x58,
  0x75,0x00,0x34,0x70,0x76,0x00,0x34,0x58,0x74,0x00,0x08,0x78,0x03,0x00,0x34,0x40,
  0x74,0x00,0x34,0x28,0x76,0x00,0x34,0x14,0x76,0x00,0x34,0xFC,0x00,0x00,0x2C,0x28,
  0x76,0x00,0x34,0xE4,0x75,0x00,0x34,0xCC,0x76,0x00,0x08,0x04,0x00,0x00,0x34,0xB8,
  0x76,0x00,0x34,0xCC,0x76,0x00,0x34,0xE4,0x73,0x00,0x08,0x00,0x03,0x00,0x34,0xFC,
  0x75,0x00,0x34,0x14,0x00,0x00,0x2C,0x29,0x76,0x00,0x34,0x28,0x75,0x00,0x08,0x78,
  0x03,0x00,0x34,0x14,0x00,0x00,0x2C,0x38,0x00,0x00,0x08,0x7C,0x02,0x00,0x08,0x07,
  0x01,0x00,0x08,0x7F,0x34,0x03,0x35,0x3C,0x75,0x00,0x35,0x54,0x73,0x00,0x08,0x00,
  0x04,0x00,0x35,0x6C,0x75,0x00,0x35,0x84,0x76,0x00,0x35,0x6C,0x74,0x00,0x08,0x78,
  0x03,0x00,0x35,0x54,0x74,0x00,0x35,0x3C,0x76,0x00,0x35,0x28,0x76,0x00,0x35,0x10,
  0x76,0x00,0x35,0xF8,0x00,0x00,0x2D,0x28,0x75,0x00,0x35,0xE0,0x76,0x00,0x35,0xCC,
  0x76,0x00,0x35,0xE0,0x75,0x00,0x35,0xF8,0x73,0x00,0x08,0x00,0x03,0x00,0x35,0x10,
  0x01,0x00,0x2D,0x29,0x75,0x00,0x35,0x28,0x76,0x00,0x35,0x3C,0x74,0x00,0x08,0x78,
  0x02,0x00,0x08,0x05,0x02,0x00,0x35,0x28,0x00,0x00,0x2D,0x38,0x00,0x00,0x08,0x7D,
  0x01,0x00,0x08,0x07,0x02,0x00,0x08,0x7F,0x32,0x03,0x34,0x28,0x76,0x00,0x34,0x40,
  0x74,0x00,0x08,0x00,0x02,0x00,0x34,0x58,0x75,0x00,0x34,0x70,0x76,0x00,0x34,0x58,
  0x75,0x00,0x08,0x78,0x00,0x00,0x08,0x01,0x01,0x00,0x08,0x02,0x01,0x00,0x08,0x03,
  0x01,0x00,0x34,0x40,0x74,0x00,0x34,0x28,0x76,0x00,0x34,0x14,0x75,0x00,0x34,0xFC,
  0x01,0x00,0x2C,0x36,0x75,0x00,0x34,0xE4,0x76,0x00,0x34,0xCC,0x75,0x00,0x08,0x04,
  0x01,0x00,0x34,0xB8,0x75,0x00,0x34,0xCC,0x76,0x00,0x34,0xE4,0x74,0x00,0x08,0x00,
  0x02,0x00,0x34,0xFC,0x76,0x00,0x34,0x14,0x00,0x00,0x2C,0x38,0x76,0x00,0x34,0x28,
  0x74,0x00,0x28,0x2C,0x00,0x00,0x08,0x78,0x02,0x00,0x29,0x45,0x01,0x00,0x08,0x79,
  0x02,0x00,0x2A,0x41,0x00,0x00,0x08,0x7A,0x02,0x00,0x2B,0x4C,0x00,0x00,0x08,0x7B,
  0x02,0x00,0x34,0x14,0x00,0x00,0x2C,0x35,0x00,0x00,0x08,0x7C,0x01,0x00,0x08,0x06,
  0x02,0x00,0x2E,0x4C,0x00,0x00,0x08,0x7E,0x00,0x00,0x08,0x07,0x02,0x00,0x08,0x7F,
  0x2C,0x03,0x35,0x3C,0x76,0x00,0x35,0x54,0x73,0x00,0x08,0x00,0x03,0x00,0x35,0x6C,
  0x75,0x00,0x35,0x84,0x76,0x00,0x35,0x6C,0x74,0x00,0x08,0x78,0x03,0x00,0x35,0x54,
  0x75,0x00,0x35,0x3C,0x76,0x00,0x35,0x28,0x75,0x00,0x35,0x10,0x76,0x00,0x35,0xF8,
  0x00,0x00,0x2D,0x36,0x76,0x00,0x35,0xE0,0x76,0x00,0x35,0xCC,0x75,0x00,0x35,0xE0,
  0x76,0x00,0x35,0xF8,0x73,0x00,0x08,0x00,0x03,0x00,0x35,0x10,0x00,0x00,0x2D,0x38,
  0x76,0x00,0x35,0x28,0x75,0x00,0x35,0x3C,0x74,0x00,0x08,0x78,0x03,0x00,0x08,0x05,
  0x01,0x00,0x35,0x28,0x00,0x00,0x2D,0x35,0x01,0x00,0x08,0x7D,0x01,0x00,0x08,0x07,
  0x01,0x00,0x08,0x7F,0x33,0x03,0x34,0x28,0x75,0x00,0x34,0x40,0x74,0x00,0x08,0x00,
  0x03,0x00,0x34,0x58,0x75,0x00,0x34,0x70,0x76,0x00,0x34,0x58,0x75,0x00,0x08,0x78,
  0x02,0x00,0x34,0x40,0x74,0x00,0x34,0x28,0x76,0x00,0x34,0x14,0x76,0x00,0x34,0xFC,
  0x00,0x00,0x2C,0x34,0x76,0x00,0x34,0xE4,0x75,0x00,0x34,0xCC,0x76,0x00,0x34,0xB8,
  0x76,0x00,0x34,0xCC,0x76,0x00,0x34,0xE4,0x73,0x00,0x08,0x00,0x03,0x00,0x34,0xFC,
  0x75,0x00,0x34,0x14,0x00,0x00,0x2C,0x35,0x76,0x00,0x34,0x28,0x75,0x00,0x08,0x78,
  0x02,0x00,0x34,0x40,0x02,0x00,0x08,0x07,0x01,0x00,0x08,0x7F,0x71,0x00,0x34,0x58,
  0x76,0x00,0x34,0x70,0x76,0x00,0x34,0x58,0x75,0x00,0x34,0x40,0x77,0x00,0x34,0x28,
  0x75,0x00,0x34,0x14,0x76,0x00,0x34,0xFC,0x00,0x00,0x2C,0x34,0x01,0x00,0x35,0x3C,
  0x75,0x00,0x34,0xE4,0x01,0x00,0x35,0x54,0x72,0x00,0x08,0x00,0x03,0x00,0x34,0xCC,
  0x01,0x00,0x35,0x6C,0x74,0x00,0x34,0xB8,0x01,0x00,0x35,0x84,0x75,0x00,0x34,0xCC,
  0x01,0x00,0x35,0x6C,0x74,0x00,0x08,0x78,0x02,0x00,0x34,0xE4,0x01,0x00,0x35,0x54,
  0x74,0x00,0x34,0xFC,0x00,0x00,0x35,0x3C,0x75,0x00,0x34,0x14,0x01,0x00,0x2C,0x35,
  0x00,0x00,0x35,0x28,0x75,0x00,0x34,0x28,0x01,0x00,0x35,0x10,0x75,0x00,0x34,0x40,
  0x01,0x00,0x35,0xF8,0x00,0x00,0x2D,0x34,0x75,0x00,0x34,0x58,0x01,0x00,0x35,0xE0,
  0x74,0x00,0x34,0x70,0x02,0x00,0x35,0xCC,0x74,0x00,0x34,0x58,0x01,0x00,0x35,0xE0,
  0x75,0x00,0x34,0x40,0x01,0x00,0x35,0xF8,0x72,0x00,0x08,0x00,0x03,0x00,0x34,0x28,
  0x01,0x00,0x35,0x10,0x00,0x00,0x2D,0x35,0x74,0x00,0x34,0x14,0x02,0x00,0x35,0x28,
  0x74,0x00,0x34,0xFC,0x00,0x00,0x2C,0x34,0x01,0x00,0x35,0x3C,0x74,0x00,0x08,0x78,
  0x02,0x00,0x34,0xE4,0x01,0x00,0x35,0x54,0x01,0x00,0x08,0x07,0x02,0x00,0x08,0x7F,
  0x71,0x00,0x34,0xCC,0x01,0x00,0x35,0x6C,0x75,0x00,0x34,0xB8,0x01,0x00,0x35,0x84,
  0x74,0x00,0x34,0xCC,0x01,0x00,0x35,0x6C,0x75,0x00,0x34,0xE4,0x01,0x00,0x35,0x54,
  0x75,0x00,0x34,0xFC,0x01,0x00,0x35,0x3C,0x75,0x00,0x34,0x14,0x00,0x00,0x2C,0x35,
  0x01,0x00,0x35,0x28,0x74,0x00,0x34,0x28,0x01,0x00,0x35,0x10,0x75,0x00,0x34,0x40,
  0x01,0x00,0x35,0xF8,0x00,0x00,0x2D,0x34,0x72,0x00,0x08,0x00,0x03,0x00,0x34,0x58,
  0x01,0x00,0x35,0xE0,0x75,0x00,0x34,0x70,0x01,0x00,0x35,0xCC,0x74,0x00,0x34,0x58,
  0x01,0x00,0x35,0xE0,0x74,0x00,0x08,0x78,0x01,0x00,0x08,0x01,0x00,0x00,0x08,0x02,
  0x01,0x00,0x08,0x03,0x01,0x00,0x08,0x04,0x00,0x00,0x34,0x40,0x02,0x00,0x35,0xF8,
  0x72,0x00,0x34,0x28,0x01,0x00,0x35,0x10,0x00,0x00,0x2D,0x35,0x75,0x00,0x34,0x14,
  0x00,0x00,0x35,0x28,0x75,0x00,0x34,0xFC,0x00,0x00,0x2C,0x34,0x01,0x00,0x35,0x3C,
  0x75,0x00,0x34,0xE4,0x01,0x00,0x35,0x54,0x75,0x00,0x34,0xCC,0x01,0x00,0x35,0x6C,
  0x75,0x00,0x34,0xB8,0x01,0x00,0x35,0x84,0x74,0x00,0x34,0xCC,0x01,0x00,0x35,0x6C,
  0x75,0x00,0x34,0xE4,0x01,0x00,0x35,0x54,0x73,0x00,0x08,0x00,0x02,0x00,0x34,0xFC,
  0x01,0x00,0x35,0x3C,0x75,0x00,0x34,0x14,0x00,0x00,0x2C,0x35,0x01,0x00,0x35,0x28,
  0x74,0x00,0x34,0x28,0x02,0x00,0x35,0x10,0x73,0x00,0x28,0x32,0x01,0x00,0x08,0x78,
  0x01,0x00,0x29,0x4C,0x00,0x00,0x08,0x79,0x02,0x00,0x2A,0x48,0x01,0x00,0x08,0x7A,
  0x01,0x00,0x2B,0x52,0x01,0x00,0x08,0x7B,0x02,0x00,0x34,0x14,0x00,0x00,0x2C,0x2C,
  0x00,0x00,0x08,0x7C,0x01,0x00,0x35,0xF8,0x00,0x00,0x2D,0x34,0x01,0x00,0x08,0x06,
  0x01,0x00,0x2E,0x52,0x01,0x00,0x08,0x7E,0x00,0x00,0x08,0x07,0x02,0x00,0x08,0x7F,
  0x68,0x00,0x35,0xE0,0x76,0x00,0x35,0xCC,0x76,0x00,0x35,0xE0,0x76,0x00,0x35,0xF8,
  0x76,0x00,0x35,0x10,0x00,0x00,0x2D,0x35,0x75,0x00,0x35,0x28,0x76,0x00,0x35,0x3C,
  0x76,0x00,0x35,0x54,0x73,0x00,0x08,0x00,0x03,0x00,0x35,0x6C,0x75,0x00,0x35,0x84,
  0x76,0x00,0x35,0x6C,0x74,0x00,0x08,0x78,0x03,0x00,0x35,0x54,0x75,0x00,0x35,0x3C,
  0x75,0x00,0x35,0x28,0x76,0x00,0x35,0x10,0x76,0x00,0x35,0xF8,0x00,0x00,0x2D,0x34,
  0x76,0x00,0x35,0xE0,0x75,0x00,0x35,0xCC,0x76,0x00,0x35,0xE0,0x76,0x00,0x35,0xF8,
  0x73,0x00,0x08,0x00,0x03,0x00,0x35,0x10,0x00,0x00,0x2D,0x35,0x76,0x00,0x35,0x28,
  0x75,0x00,0x35,0x3C,0x74,0x00,0x08,0x78,0x03,0x00,0x08,0x05,0x01,0x00,0x35,0x28,
  0x01,0x00,0x2D,0x2C,0x00,0x00,0x08,0x7D,0x01,0x00,0x08,0x07,0x01,0x00,0x08,0x7F,
  0x33,0x03,0x34,0x28,0x75,0x00,0x34,0x40,0x74,0x00,0x08,0x00,0x03,0x00,0x34,0x58,
  0x75,0x00,0x34,0x70,0x76,0x00,0x34,0x58,0x74,0x00,0x08,0x78,0x03,0x00,0x34,0x40,
  0x74,0x00,0x34,0x28,0x76,0x00,0x34,0x14,0x76,0x00,0x34,0xFC,0x00,0x00,0x2C,0x2A,
  0x76,0x00,0x34,0xE4,0x75,0x00,0x34,0xCC,0x76,0x00,0x08,0x04,0x01,0x00,0x34,0xB8,
  0x75,0x00,0x34,0xCC,0x76,0x00,0x34,0xE4,0x73,0x00,0x08,0x00,0x02,0x00,0x34,0xFC,
  0x76,0x00,0x34,0x14,0x00,0x00,0x2C,0x2C,0x76,0x00,0x34,0x28,0x75,0x00,0x08,0x78,
  0x03,0x00,0x34,0x14,0x00,0x00,0x2C,0x39,0x00,0x00,0x08,0x7C,0x02,0x00,0x08,0x07,
  0x01,0x00,0x08,0x7F,0x34,0x03,0x35,0x3C,0x75,0x00,0x35,0x54,0x73,0x00,0x08,0x00,
  0x03,0x00,0x35,0x6C,0x76,0x00,0x35,0x84,0x76,0x00,0x35,0x6C,0x74,0x00,0x08,0x78,
  0x02,0x00,0x35,0x54,0x75,0x00,0x35,0x3C,0x76,0x00,0x35,0x28,0x76,0x00,0x35,0x10,
  0x75,0x00,0x35,0xF8,0x01,0x00,0x2D,0x2A,0x75,0x00,0x35,0xE0,0x76,0x00,0x35,0xCC,
  0x76,0x00,0x35,0xE0,0x75,0x00,0x35,0xF8,0x73,0x00,0x08,0x00,0x03,0x00,0x35,0x10,
  0x00,0x00,0x2D,0x2C,0x76,0x00,0x35,0x28,0x76,0x00,0x35,0x3C,0x74,0x00,0x08,0x78,
  0x02,0x00,0x08,0x05,0x02,0x00,0x35,0x28,0x00,0x00,0x2D,0x39,0x00,0x00,0x08,0x7D,
  0x01,0x00,0x08,0x07,0x02,0x00,0x08,0x7F,0x32,0x03,0x34,0x28,0x76,0x00,0x34,0x40,
  0x74,0x00,0x08,0x00,0x02,0x00,0x34,0x58,0x76,0x00,0x34,0x70,0x75,0x00,0x34,0x58,
  0x75,0x00,0x08,0x78,0x01,0x00,0x08,0x01,0x00,0x00,0x08,0x02,0x01,0x00,0x08,0x03,
  0x01,0x00,0x34,0x40,0x74,0x00,0x34,0x28,0x76,0x00,0x34,0x14,0x75,0x00,0x34,0xFC,
  0x00,0x00,0x2C,0x38,0x76,0x00,0x34,0xE4,0x76,0x00,0x34,0xCC,0x75,0x00,0x08,0x04,
  0x01,0x00,0x34,0xB8,0x75,0x00,0x34,0xCC,0x76,0x00,0x34,0xE4,0x74,0x00,0x08,0x00,
  0x02,0x00,0x34,0xFC,0x76,0x00,0x34,0x14,0x00,0x00,0x2C,0x39,0x75,0x00,0x34,0x28,
  0x75,0x00,0x28,0x34,0x00,0x00,0x08,0x78,0x02,0x00,0x29,0x4E,0x01,0x00,0x08,0x79,
  0x01,0x00,0x08,0x7A,0x02,0x00,0x2B,0x54,0x00,0x00,0x08,0x7B,0x02,0x00,0x34,0x14,
  0x00,0x00,0x2C,0x38,0x01,0x00,0x08,0x7C,0x01,0x00,0x08,0x06,0x01,0x00,0x2E,0x54,
  0x01,0x00,0x08,0x7E,0x00,0x00,0x08,0x07,0x02,0x00,0x08,0x7F,0x2C,0x03,0x35,0x3C,
  0x76,0x00,0x35,0x54,0x72,0x00,0x08,0x00,0x04,0x00,0x35,0x6C,0x75,0x00,0x35,0x84,
  0x76,0x00,0x35,0x6C,0x74,0x00,0x08,0x78,0x03,0x00,0x35,0x54,0x75,0x00,0x35,0x3C,
  0x75,0x00,0x35,0x28,0x76,0x00,0x35,0x10,0x76,0x00,0x35,0xF8,0x00,0x00,0x2D,0x38,
  0x76,0x00,0x35,0xE0,0x75,0x00,0x35,0xCC,0x76,0x00,0x35,0xE0,0x76,0x00,0x35,0xF8,
  0x73,0x00,0x08,0x00,0x02,0x00,0x08,0x04,0x01,0x00,0x35,0x10,0x00,0x00,0x2D,0x39,
  0x76,0x00,0x35,0x28,0x75,0x00,0x35,0x3C,0x74,0x00,0x08,0x78,0x03,0x00,0x08,0x7C,
  0x01,0x00,0x08,0x05,0x02,0x00,0x35,0x28,0x00,0x00,0x2D,0x38,0x00,0x00,0x08,0x7D,
  0x01,0x00,0x08,0x07,0x02,0x00,0x08,0x7F,0x1A,0x04,0x08,0x00,0x62,0x01,0x08,0x78,
  0x23,0x04,0x08,0x00,0x02,0x00,0x08,0x04,0x61,0x01,0x08,0x78,0x03,0x00,0x2C,0x3C,
  0x00,0x00,0x08,0x7C,0x01,0x00,0x08,0x05,0x01,0x00,0x08,0x7D,0x01,0x00,0x08,0x07,
  0x02,0x00,0x08,0x7F,0x1A,0x04,0x08,0x00,0x63,0x01,0x08,0x78,0x22,0x04,0x08,0x00,
  0x02,0x00,0x08,0x04,0x61,0x01,0x08,0x78,0x03,0x00,0x2C,0x38,0x00,0x00,0x08,0x7C,
  0x01,0x00,0x08,0x05,0x02,0x00,0x2D,0x3C,0x00,0x00,0x08,0x7D,0x01,0x00,0x08,0x07,
  0x02,0x00,0x08,0x7F,0x19,0x04,0x08,0x00,0x63,0x01,0x08,0x78,0x00,0x00,0x08,0x01,
  0x01,0x00,0x08,0x02,0x01,0x00,0x08,0x03,0x21,0x04,0x08,0x00,0x02,0x00,0x08,0x04,
  0x61,0x01,0x28,0x35,0x00,0x00,0x08,0x78,0x02,0x00,0x08,0x79,0x02,0x00,0x2A,0x49,
  0x00,0x00,0x08,0x7A,0x03,0x00,0x2B,0x55,0x00,0x00,0x08,0x7B,0x02,0x00,0x2C,0x39,
  0x00,0x00,0x08,0x7C,0x01,0x00,0x08,0x05,0x01,0x00,0x2D,0x38,0x01,0x00,0x08,0x7D,
  0x00,0x00,0x08,0x06,0x02,0x00,0x2E,0x55,0x00,0x00,0x08,0x7E,0x01,0x00,0x08,0x07,
  0x01,0x00,0x08,0x7F,0x12,0x04,0x08,0x00,0x62,0x01,0x08,0x78,0x23,0x04,0x08,0x00,
  0x62,0x01,0x08,0x78,0x03,0x00,0x08,0x05,0x01,0x00,0x2D,0x39,0x01,0x00,0x08,0x7D,
  0x00,0x00,0x08,0x07,0x02,0x00,0x08,0x7F,0x32,0x03,0x34,0x28,0x76,0x00,0x34,0x40,
  0x74,0x00,0x08,0x00,0x02,0x00,0x34,0x58,0x76,0x00,0x34,0x70,0x75,0x00,0x34,0x58,
  0x75,0x00,0x08,0x78,0x02,0x00,0x34,0x40,0x75,0x00,0x34,0x28,0x76,0x00,0x34,0x14,
  0x76,0x00,0x34,0xFC,0x00,0x00,0x2C,0x38,0x75,0x00,0x34,0xE4,0x76,0x00,0x34,0xCC,
  0x76,0x00,0x08,0x04,0x00,0x00,0x34,0xB8,0x76,0x00,0x34,0xCC,0x76,0x00,0x34,0xE4,
  0x73,0x00,0x08,0x00,0x03,0x00,0x34,0xFC,0x75,0x00,0x34,0x14,0x00,0x00,0x2C,0x39,
  0x76,0x00,0x34,0x28,0x75,0x00,0x08,0x78,0x03,0x00,0x34,0x14,0x00,0x00,0x2C,0x35,
  0x00,0x00,0x08,0x7C,0x02,0x00,0x08,0x07,0x01,0x00,0x08,0x7F,0x33,0x03,0x35,0x3C,
  0x76,0x00,0x35,0x54,0x73,0x00,0x08,0x00,0x03,0x00,0x35,0x6C,0x76,0x00,0x35,0x84,
  0x75,0x00,0x35,0x6C,0x75,0x00,0x08,0x78,0x02,0x00,0x35,0x54,0x75,0x00,0x35,0x3C,
  0x76,0x00,0x35,0x28,0x76,0x00,0x35,0x10,0x75,0x00,0x35,0xF8,0x00,0x00,0x2D,0x38,
  0x76,0x00,0x35,0xE0,0x76,0x00,0x35,0xCC,0x75,0x00,0x35,0xE0,0x76,0x00,0x35,0xF8,
  0x73,0x00,0x08,0x00,0x02,0x00,0x08,0x04,0x02,0x00,0x35,0x10,0x00,0x00,0x2D,0x39,
  0x75,0x00,0x35,0x28,0x76,0x00,0x35,0x3C,0x74,0x00,0x08,0x78,0x05,0x00,0x2C,0x38,
  0x01,0x00,0x08,0x7C,0x00,0x00,0x08,0x05,0x02,0x00,0x35,0x28,0x00,0x00,0x2D,0x35,
  0x00,0x00,0x08,0x7D,0x02,0x00,0x08,0x07,0x02,0x00,0x08,0x7F,0x16,0x04,0x08,0x00,
  0x77,0x00,0x08,0x01,0x00,0x00,0x08,0x02,0x01,0x00,0x08,0x03,0x01,0x00,0x08,0x04,
  0xEA,0x00,0x28,0x30,0x00,0x00,0x08,0x78,0x02,0x00,0x29,0x50,0x01,0x00,0x08,0x79,
  0x01,0x00,0x08,0x7A,0x02,0x00,0x08,0x7B,0x02,0x00,0x2C,0x39,0x00,0x00,0x08,0x7C,
  0x01,0x00,0x08,0x06,0x02,0x00,0x08,0x7E,0x7D,0x05,0x08,0x05,0x01,0x00,0x2D,0x38,
  0x01,0x00,0x08,0x7D,0x01,0x00,0x08,0x07,0x01,0x00,0x08,0x7F,0x1C,0x04,0x08,0x00,
  0x62,0x01,0x08,0x78,0x02,0x00,0x08,0x05,0x02,0x00,0x2D,0x39,0x01,0x00,0x08,0x7D,
  0x35,0x03,0x34,0x28,0x75,0x00,0x34,0x40,0x74,0x00,0x08,0x00,0x02,0x00,0x34,0x58,
  0x76,0x00,0x34,0x70,0x75,0x00,0x34,0x58,0x75,0x00,0x08,0x78,0x02,0x00,0x34,0x40,
  0x03,0x00,0x08,0x07,0x02,0x00,0x08,0x7F,0x70,0x00,0x34,0x28,0x76,0x00,0x34,0x14,
  0x76,0x00,0x34,0xFC,0x00,0x00,0x2C,0x38,0x75,0x00,0x34,0xE4,0x76,0x00,0x34,0xCC,
  0x76,0x00,0x34,0xB8,0x76,0x00,0x34,0xCC,0x75,0x00,0x34,0xE4,0x74,0x00,0x08,0x00,
  0x02,0x00,0x34,0xFC,0x76,0x00,0x34,0x14,0x00,0x00,0x2C,0x39,0x76,0x00,0x34,0x28,
  0x74,0x00,0x08,0x78,0x03,0x00,0x34,0x40,0x74,0x00,0x34,0x58,0x76,0x00,0x34,0x70,
  0x76,0x00,0x34,0x58,0x76,0x00,0x34,0x40,0x75,0x00,0x34,0x28,0x76,0x00,0x08,0x04,
  0x00,0x00,0x34,0x14,0x76,0x00,0x34,0xFC,0x00,0x00,0x2C,0x38,0x01,0x00,0x35,0x3C,
  0x75,0x00,0x34,0xE4,0x01,0x00,0x35,0x54,0x72,0x00,0x08,0x00,0x03,0x00,0x34,0xCC,
  0x01,0x00,0x35,0x6C,0x74,0x00,0x34,0xB8,0x01,0x00,0x35,0x84,0x75,0x00,0x34,0xCC,
  0x01,0x00,0x35,0x6C,0x73,0x00,0x08,0x78,0x04,0x00,0x34,0x14,0x00,0x00,0x2C,0x39,
  0x00,0x00,0x08,0x7C,0x01,0x00,0x35,0x54,0x01,0x00,0x08,0x07,0x02,0x00,0x08,0x7F,
  0x70,0x00,0x35,0x3C,0x76,0x00,0x35,0x28,0x75,0x00,0x35,0x10,0x76,0x00,0x35,0xF8,
  0x00,0x00,0x2D,0x38,0x76,0x00,0x35,0xE0,0x76,0x00,0x35,0xCC,0x75,0x00,0x35,0xE0,
  0x76,0x00,0x35,0xF8,0x73,0x00,0x08,0x00,0x03,0x00,0x35,0x10,0x00,0x00,0x2D,0x39,
  0x75,0x00,0x08,0x04,0x01,0x00,0x35,0x28,0x75,0x00,0x35,0x3C,0x75,0x00,0x08,0x78,
  0x03,0x00,0x2C,0x38,0x00,0x00,0x08,0x7C,0x01,0x00,0x35,0x54,0x73,0x00,0x35,0x6C,
  0x76,0x00,0x35,0x84,0x76,0x00,0x35,0x6C,0x75,0x00,0x35,0x54,0x76,0x00,0x35,0x3C,
  0x76,0x00,0x35,0x28,0x75,0x00,0x35,0x10,0x76,0x00,0x35,0xF8,0x00,0x00,0x2D,0x38,
  0x73,0x00,0x08,0x00,0x03,0x00,0x35,0xE0,0x75,0x00,0x08,0x04,0x01,0x00,0x35,0xCC,
  0x76,0x00,0x35,0xE0,0x74,0x00,0x08,0x78,0x00,0x00,0x08,0x01,0x01,0x00,0x08,0x02,
  0x01,0x00,0x08,0x03,0x02,0x00,0x2C,0x35,0x00,0x00,0x08,0x7C,0x01,0x00,0x08,0x05,
  0x01,0x00,0x35,0x28,0x00,0x00,0x2D,0x39,0x01,0x00,0x08,0x7D,0x01,0x00,0x08,0x07,
  0x01,0x00,0x08,0x7F,0x19,0x04,0x08,0x00,0x78,0x00,0x08,0x04,0xEB,0x00,0x28,0x2C,
  0x00,0x00,0x08,0x78,0x02,0x00,0x29,0x4C,0x01,0x00,0x08,0x79,0x01,0x00,0x2A,0x45,
  0x01,0x00,0x08,0x7A,0x01,0x00,0x2B,0x52,0x01,0x00,0x08,0x7B,0x02,0x00,0x08,0x7C,
  0x00,0x00,0x08,0x05,0x02,0x00,0x2D,0x38,0x00,0x00,0x08,0x7D,0x00,0x00,0x08,0x06,
  0x02,0x00,0x2E,0x52,0x00,0x00,0x08,0x7E,0x7B,0x05,0x08,0x05,0x01,0x00,0x2D,0x35,
  0x01,0x00,0x08,0x7D,0x01,0x00,0x08,0x07,0x01,0x00,0x08,0x7F,0x1C,0x04,0x08,0x00,
  0x00,0x00,0x08,0x01,0x01,0x00,0x08,0x02,0x01,0x00,0x08,0x03,0x60,0x01,0x08,0x78,
  0x02,0x00,0x08,0x79,0x01,0x00,0x08,0x7A,0x02,0x00,0x08,0x7B,0x01,0x00,0x08,0x05,
  0x02,0x00,0x08,0x7D,0x00,0x00,0x08,0x06,0x02,0x00,0x08,0x7E,0x30,0x03,0x34,0x28,
  0x75,0x00,0x34,0x40,0x74,0x00,0x08,0x00,0x02,0x00,0x34,0x58,0x74,0x00,0x08,0x01,
  0x01,0x00,0x08,0x02,0x00,0x00,0x08,0x03,0x02,0x00,0x34,0x70,0x75,0x00,0x34,0x58,
  0x74,0x00,0x28,0x3C,0x00,0x00,0x08,0x78,0x02,0x00,0x08,0x79,0x02,0x00,0x08,0x7A,
  0x02,0x00,0x08,0x7B,0x00,0x00,0x34,0x40,0x02,0x00,0x08,0x06,0x02,0x00,0x08,0x7E,
  0x00,0x00,0x08,0x07,0x02,0x00,0x08,0x7F,0x6B,0x00,0x34,0x28,0x76,0x00,0x34,0x14,
  0x76,0x00,0x34,0xFC,0x00,0x00,0x2C,0x34,0x75,0x00,0x34,0xE4,0x76,0x00,0x34,0xCC,
  0x76,0x00,0x34,0xB8,0x76,0x00,0x34,0xCC,0x75,0x00,0x34,0xE4,0x74,0x00,0x08,0x00,
  0x02,0x00,0x34,0xFC,0x74,0x00,0x08,0x01,0x01,0x00,0x08,0x02,0x00,0x00,0x08,0x03,
  0x02,0x00,0x34,0x14,0x00,0x00,0x2C,0x35,0x75,0x00,0x34,0x28,0x74,0x00,0x28,0x2C,
  0x01,0x00,0x08,0x78,0x03,0x00,0x34,0x40,0x01,0x00,0x08,0x06,0x72,0x00,0x34,0x58,
  0x76,0x00,0x34,0x70,0x76,0x00,0x34,0x58,0x76,0x00,0x34,0x40,0x75,0x00,0x34,0x28,
  0x76,0x00,0x34,0x14,0x76,0x00,0x34,0xFC,0x00,0x00,0x2C,0x34,0x01,0x00,0x35,0x3C,
  0x74,0x00,0x34,0xE4,0x01,0x00,0x35,0x54,0x73,0x00,0x08,0x00,0x03,0x00,0x34,0xCC,
  0x01,0x00,0x35,0x6C,0x74,0x00,0x34,0xB8,0x01,0x00,0x35,0x84,0x75,0x00,0x34,0xCC,
  0x01,0x00,0x35,0x6C,0x74,0x00,0x28,0x39,0x00,0x00,0x08,0x78,0x02,0x00,0x08,0x79,
  0x01,0x00,0x08,0x7A,0x02,0x00,0x08,0x7B,0x01,0x00,0x34,0xE4,0x01,0x00,0x35,0x54,
  0x02,0x00,0x08,0x7E,0x00,0x00,0x08,0x07,0x02,0x00,0x08,0x7F,0x6B,0x00,0x34,0xFC,
  0x02,0x00,0x35,0x3C,0x74,0x00,0x34,0x14,0x00,0x00,0x2C,0x35,0x01,0x00,0x35,0x28,
  0x75,0x00,0x34,0x28,0x01,0x00,0x35,0x10,0x75,0x00,0x34,0x40,0x01,0x00,0x35,0xF8,
  0x00,0x00,0x2D,0x34,0x74,0x00,0x34,0x58,0x01,0x00,0x35,0xE0,0x75,0x00,0x34,0x70,
  0x01,0x00,0x35,0xCC,0x75,0x00,0x34,0x58,0x01,0x00,0x35,0xE0,0x75,0x00,0x34,0x40,
  0x01,0x00,0x35,0xF8,0x72,0x00,0x08,0x00,0x03,0x00,0x34,0x28,0x01,0x00,0x35,0x10,
  0x00,0x00,0x2D,0x35,0x72,0x00,0x08,0x01,0x01,0x00,0x08,0x02,0x01,0x00,0x08,0x03,
  0x01,0x00,0x34,0x14,0x01,0x00,0x35,0x28,0x74,0x00,0x34,0xFC,0x00,0x00,0x2C,0x34,
  0x01,0x00,0x35,0x3C,0x73,0x00,0x28,0x3C,0x01,0x00,0x08,0x78,0x02,0x00,0x08,0x79,
  0x01,0x00,0x08,0x7A,0x02,0x00,0x08,0x7B,0x01,0x00,0x34,0xE4,0x01,0x00,0x35,0x54,
  0x00,0x00,0x08,0x06,0x02,0x00,0x08,0x7E,0x6E,0x00,0x34,0xCC,0x00,0x00,0x35,0x6C,
  0x75,0x00,0x34,0xB8,0x01,0x00,0x35,0x84,0x75,0x00,0x34,0xCC,0x01,0x00,0x35,0x6C,
  0x75,0x00,0x34,0xE4,0x01,0x00,0x35,0x54,0x75,0x00,0x34,0xFC,0x00,0x00,0x35,0x3C,
  0x75,0x00,0x34,0x14,0x00,0x00,0x2C,0x35,0x01,0x00,0x35,0x28,0x76,0x00,0x34,0x28,
  0x01,0x00,0x35,0x10,0x74,0x00,0x34,0x40,0x01,0x00,0x35,0xF8,0x00,0x00,0x2D,0x34,
  0x72,0x00,0x08,0x00,0x03,0x00,0x34,0x58,0x01,0x00,0x35,0xE0,0x73,0x00,0x08,0x01,
  0x00,0x00,0x08,0x02,0x01,0x00,0x08,0x03,0x01,0x00,0x34,0x70,0x01,0x00,0x35,0xCC,
  0x74,0x00,0x34,0x58,0x01,0x00,0x35,0xE0,0x74,0x00,0x28,0x2C,0x00,0x00,0x08,0x78,
  0x03,0x00,0x34,0x40,0x01,0x00,0x35,0xF8,0x01,0x00,0x08,0x06,0x01,0x00,0x08,0x07,
  0x01,0x00,0x08,0x7F,0x70,0x00,0x34,0x28,0x01,0x00,0x35,0x10,0x00,0x00,0x2D,0x35,
  0x74,0x00,0x34,0x14,0x02,0x00,0x35,0x28,0x74,0x00,0x34,0xFC,0x00,0x00,0x2C,0x34,
  0x01,0x00,0x35,0x3C,0x75,0x00,0x34,0xE4,0x01,0x00,0x35,0x54,0x75,0x00,0x34,0xCC,
  0x01,0x00,0x35,0x6C,0x74,0x00,0x34,0xB8,0x01,0x00,0x35,0x84,0x75,0x00,0x34,0xCC,
  0x01,0x00,0x35,0x6C,0x75,0x00,0x34,0xE4,0x01,0x00,0x35,0x54,0x72,0x00,0x08,0x00,
  0x03,0x00,0x34,0xFC,0x01,0x00,0x35,0x3C,0x75,0x00,0x34,0x14,0x00,0x00,0x2C,0x35,
  0x01,0x00,0x35,0x28,0x74,0x00,0x34,0x28,0x01,0x00,0x35,0x10,0x74,0x00,0x08,0x78,
  0x02,0x00,0x08,0x79,0x01,0x00,0x08,0x7A,0x02,0x00,0x2B,0x51,0x00,0x00,0x08,0x7B,
  0x00,0x00,0x08,0x04,0x01,0x00,0x34,0x40,0x01,0x00,0x35,0xF8,0x01,0x00,0x2D,0x34,
  0x01,0x00,0x2E,0x51,0x01,0x00,0x08,0x7E,0x6D,0x00,0x34,0x58,0x01,0x00,0x35,0xE0,
  0x75,0x00,0x34,0x70,0x01,0x00,0x35,0xCC,0x74,0x00,0x34,0x58,0x01,0x00,0x35,0xE0,
  0x75,0x00,0x34,0x40,0x01,0x00,0x35,0xF8,0x75,0x00,0x34,0x28,0x01,0x00,0x35,0x10,
  0x00,0x00,0x2D,0x35,0x74,0x00,0x34,0x14,0x01,0x00,0x35,0x28,0x75,0x00,0x34,0xFC,
  0x00,0x00,0x2C,0x34,0x01,0x00,0x35,0x3C,0x75,0x00,0x34,0xE4,0x01,0x00,0x35,0x54,
  0x72,0x00,0x08,0x00,0x03,0x00,0x34,0xCC,0x01,0x00,0x35,0x6C,0x75,0x00,0x34,0xB8,
  0x01,0x00,0x35,0x84,0x74,0x00,0x34,0xCC,0x01,0x00,0x35,0x6C,0x74,0x00,0x08,0x78,
  0x02,0x00,0x34,0xE4,0x01,0x00,0x35,0x54,0x02,0x00,0x08,0x07,0x01,0x00,0x08,0x7F,
  0x71,0x00,0x34,0xFC,0x01,0x00,0x35,0x3C,0x75,0x00,0x34,0x14,0x00,0x00,0x2C,0x35,
  0x01,0x00,0x35,0x28,0x74,0x00,0x34,0x28,0x01,0x00,0x35,0x10,0x75,0x00,0x34,0x40,
  0x01,0x00,0x35,0xF8,0x00,0x00,0x2D,0x34,0x75,0x00,0x34,0x58,0x01,0x00,0x35,0xE0,
  0x75,0x00,0x34,0x70,0x01,0x00,0x35,0xCC,0x74,0x00,0x34,0x58,0x01,0x00,0x35,0xE0,
  0x75,0x00,0x34,0x40,0x01,0x00,0x35,0xF8,0x73,0x00,0x08,0x00,0x00,0x00,0x08,0x01,
  0x01,0x00,0x08,0x02,0x01,0x00,0x08,0x03,0x01,0x00,0x34,0x28,0x01,0x00,0x35,0x10,
  0x00,0x00,0x2D,0x35,0x74,0x00,0x34,0x14,0x01,0x00,0x35,0x28,0x74,0x00,0x34,0xFC,
  0x01,0x00,0x2C,0x34,0x00,0x00,0x35,0x3C,0x74,0x00,0x08,0x78,0x02,0x00,0x08,0x79,
  0x01,0x00,0x08,0x7A,0x02,0x00,0x08,0x7B,0x01,0x00,0x34,0xE4,0x01,0x00,0x35,0x54,
  0x01,0x00,0x08,0x06,0x01,0x00,0x08,0x7E,0x6E,0x00,0x34,0xCC,0x01,0x00,0x35,0x6C,
  0x75,0x00,0x34,0xB8,0x01,0x00,0x35,0x84,0x74,0x00,0x34,0xCC,0x01,0x00,0x35,0x6C,
  0x75,0x00,0x34,0xE4,0x01,0x00,0x35,0x54,0x75,0x00,0x34,0xFC,0x01,0x00,0x35,0x3C,
  0x75,0x00,0x34,0x14,0x00,0x00,0x2C,0x35,0x01,0x00,0x35,0x28,0x74,0x00,0x34,0x28,
  0x02,0x00,0x35,0x10,0x74,0x00,0x34,0x40,0x01,0x00,0x35,0xF8,0x00,0x00,0x2D,0x34,
  0x73,0x00,0x08,0x00,0x02,0x00,0x34,0x58,0x01,0x00,0x35,0xE0,0x73,0x00,0x08,0x01,
  0x01,0x00,0x08,0x02,0x00,0x00,0x08,0x03,0x02,0x00,0x34,0x70,0x01,0x00,0x35,0xCC,
  0x73,0x00,0x34,0x58,0x02,0x00,0x35,0xE0,0x73,0x00,0x08,0x78,0x02,0x00,0x08,0x79,
  0x01,0x00,0x08,0x7A,0x02,0x00,0x08,0x7B,0x01,0x00,0x34,0x40,0x01,0x00,0x08,0x05,
  0x01,0x00,0x35,0xF8,0x00,0x00,0x08,0x06,0x02,0x00,0x08,0x7E,0x00,0x00,0x08,0x07,
  0x02,0x00,0x08,0x7F,0x6B,0x00,0x34,0x28,0x01,0x00,0x35,0x10,0x00,0x00,0x2D,0x35,
  0x75,0x00,0x34,0x14,0x00,0x00,0x35,0x28,0x76,0x00,0x34,0xFC,0x00,0x00,0x2C,0x34,
  0x01,0x00,0x35,0x3C,0x74,0x00,0x34,0xE4,0x01,0x00,0x35,0x54,0x75,0x00,0x34,0xCC,
  0x01,0x00,0x35,0x6C,0x75,0x00,0x34,0xB8,0x01,0x00,0x35,0x84,0x75,0x00,0x34,0xCC,
  0x01,0x00,0x35,0x6C,0x74,0x00,0x34,0xE4,0x01,0x00,0x35,0x54,0x73,0x00,0x08,0x00,
  0x02,0x00,0x34,0xFC,0x01,0x00,0x35,0x3C,0x75,0x00,0x34,0x14,0x00,0x00,0x2C,0x35,
  0x01,0x00,0x35,0x28,0x75,0x00,0x34,0x28,0x01,0x00,0x35,0x10,0x73,0x00,0x08,0x78,
  0x03,0x00,0x34,0x40,0x01,0x00,0x35,0xF8,0x00,0x00,0x2D,0x34,0x73,0x00,0x34,0x58,
  0x01,0x00,0x35,0xE0,0x75,0x00,0x34,0x70,0x01,0x00,0x35,0xCC,0x75,0x00,0x34,0x58,
  0x01,0x00,0x35,0xE0,0x74,0x00,0x34,0x40,0x01,0x00,0x35,0xF8,0x75,0x00,0x34,0x28,
  0x01,0x00,0x35,0x10,0x00,0x00,0x2D,0x35,0x75,0x00,0x34,0x14,0x01,0x00,0x35,0x28,
  0x75,0x00,0x34,0xFC,0x00,0x00,0x2C,0x34,0x01,0x00,0x35,0x3C,0x74,0x00,0x34,0xE4,
  0x02,0x00,0x35,0x54,0x72,0x00,0x08,0x00,0x02,0x00,0x34,0xCC,0x02,0x00,0x35,0x6C,
  0x74,0x00,0x34,0xB8,0x01,0x00,0x35,0x84,0x75,0x00,0x34,0xCC,0x01,0x00,0x35,0x6C,
  0x74,0x00,0x08,0x78,0x02,0x00,0x34,0xE4,0x00,0x00,0x35,0x54,0x02,0x00,0x08,0x07,
  0x72,0x00,0x34,0xFC,0x01,0x00,0x35,0x3C,0x75,0x00,0x34,0x14,0x00,0x00,0x2C,0x35,
  0x01,0x00,0x35,0x28,0x75,0x00,0x34,0x28,0x01,0x00,0x35,0x10,0x75,0x00,0x34,0x40,
  0x01,0x00,0x35,0xF8,0x00,0x00,0x2D,0x34,0x74,0x00,0x34,0x58,0x01,0x00,0x35,0xE0,
  0x75,0x00,0x34,0x70,0x01,0x00,0x35,0xCC,0x75,0x00,0x34,0x58,0x01,0x00,0x35,0xE0,
  0x75,0x00,0x34,0x40,0x01,0x00,0x35,0xF8,0x72,0x00,0x08,0x00,0x03,0x00,0x34,0x28,
  0x01,0x00,0x35,0x10,0x00,0x00,0x2D,0x35,0x74,0x00,0x34,0x14,0x01,0x00,0x35,0x28,
  0x75,0x00,0x34,0xFC,0x00,0x00,0x2C,0x34,0x01,0x00,0x35,0x3C,0x73,0x00,0x08,0x78,
  0x03,0x00,0x34,0xE4,0x01,0x00,0x35,0x54,0x73,0x00,0x34,0xCC,0x01,0x00,0x35,0x6C,
  0x75,0x00,0x34,0xB8,0x01,0x00,0x35,0x84,0x75,0x00,0x34,0xCC,0x01,0x00,0x35,0x6C,
  0x75,0x00,0x34,0xE4,0x01,0x00,0x35,0x54,0x74,0x00,0x34,0xFC,0x01,0x00,0x35,0x3C,
  0x75,0x00,0x34,0x14,0x00,0x00,0x2C,0x35,0x01,0x00,0x35,0x28,0x75,0x00,0x34,0x28,
  0x01,0x00,0x35,0x10,0x75,0x00,0x34,0x40,0x01,0x00,0x35,0xF8,0x00,0x00,0x2D,0x34,
  0x72,0x00,0x08,0x00,0x02,0x00,0x34,0x58,0x02,0x00,0x35,0xE0,0x74,0x00,0x34,0x70,
  0x01,0x00,0x35,0xCC,0x75,0x00,0x34,0x58,0x01,0x00,0x35,0xE0,0x74,0x00,0x08,0x78,
  0x02,0x00,0x34,0x40,0x01,0x00,0x35,0xF8,0x73,0x00,0x34,0x28,0x02,0x00,0x35,0x10,
  0x00,0x00,0x2D,0x35,0x74,0x00,0x34,0x14,0x01,0x00,0x35,0x28,0x75,0x00,0x34,0xFC,
  0x00,0x00,0x2C,0x34,0x01,0x00,0x35,0x3C,0x75,0x00,0x34,0xE4,0x01,0x00,0x35,0x54,
  0x74,0x00,0x34,0xCC,0x02,0x00,0x35,0x6C,0x75,0x00,0x34,0xB8,0x01,0x00,0x35,0x84,
  0x74,0x00,0x34,0xCC,0x01,0x00,0x35,0x6C,0x75,0x00,0x34,0xE4,0x01,0x00,0x35,0x54,
  0x72,0x00,0x08,0x00,0x03,0x00,0x34,0xFC,0x01,0x00,0x35,0x3C,0x74,0x00,0x34,0x14,
  0x01,0x00,0x2C,0x35,0x00,0x00,0x35,0x28,0x75,0x00,0x34,0x28,0x01,0x00,0x35,0x10,
  0x74,0x00,0x08,0x78,0x02,0x00,0x34,0x40,0x01,0x00,0x35,0xF8,0x00,0x00,0x2D,0x34,
  0x74,0x00,0x34,0x58,0x01,0x00,0x35,0xE0,0x74,0x00,0x34,0x70,0x02,0x00,0x35,0xCC,
  0x72,0x00,0x08,0x01,0x01,0x00,0x08,0x02,0x01,0x00,0x08,0x03,0x01,0x00,0x34,0x58,
  0x01,0x00,0x35,0xE0,0x74,0x00,0x34,0x40,0x01,0x00,0x35,0xF8,0x75,0x00,0x34,0x28,
  0x01,0x00,0x35,0x10,0x00,0x00,0x2D,0x35,0x74,0x00,0x34,0x14,0x02,0x00,0x35,0x28,
  0x74,0x00,0x34,0xFC,0x00,0x00,0x2C,0x34,0x01,0x00,0x35,0x3C,0x75,0x00,0x34,0xE4,
  0x01,0x00,0x35,0x54,0x72,0x00,0x08,0x00,0x03,0x00,0x34,0xCC,0x01,0x00,0x35,0x6C,
  0x74,0x00,0x34,0xB8,0x02,0x00,0x35,0x84,0x74,0x00,0x34,0xCC,0x01,0x00,0x35,0x6C,
  0x74,0x00,0x28,0x29,0x00,0x00,0x08,0x78,0x02,0x00,0x29,0x49,0x01,0x00,0x08,0x79,
  0x02,0x00,0x2A,0x42,0x00,0x00,0x08,0x7A,0x02,0x00,0x2B,0x4E,0x00,0x00,0x08,0x7B,
  0x02,0x00,0x34,0x14,0x01,0x00,0x2C,0x29,0x00,0x00,0x08,0x7C,0x01,0x00,0x35,0x54,
  0x00,0x00,0x08,0x06,0x02,0x00,0x2E,0x4E,0x00,0x00,0x08,0x7E,0x6A,0x00,0x35,0x3C,
  0x76,0x00,0x35,0x28,0x76,0x00,0x35,0x10,0x76,0x00,0x35,0xF8,0x00,0x00,0x2D,0x34,
  0x75,0x00,0x35,0xE0,0x76,0x00,0x35,0xCC,0x76,0x00,0x35,0xE0,0x76,0x00,0x35,0xF8,
  0x72,0x00,0x08,0x00,0x04,0x00,0x35,0x10,0x00,0x00,0x2D,0x35,0x75,0x00,0x35,0x28,
  0x76,0x00,0x35,0x3C,0x74,0x00,0x08,0x78,0x03,0x00,0x35,0x54,0x74,0x00,0x35,0x6C,
  0x76,0x00,0x35,0x84,0x76,0x00,0x35,0x6C,0x76,0x00,0x35,0x54,0x75,0x00,0x35,0x3C,
  0x76,0x00,0x35,0x28,0x76,0x00,0x35,0x10,0x76,0x00,0x35,0xF8,0x00,0x00,0x2D,0x34,
  0x73,0x00,0x08,0x00,0x03,0x00,0x35,0xE0,0x75,0x00,0x35,0xCC,0x76,0x00,0x35,0xE0,
  0x74,0x00,0x08,0x78,0x04,0x00,0x35,0x28,0x00,0x00,0x2D,0x29,0x01,0x00,0x08,0x7D,
  0x34,0x03,0x34,0x28,0x76,0x00,0x34,0x40,0x74,0x00,0x08,0x00,0x02,0x00,0x34,0x58,
  0x76,0x00,0x34,0x70,0x76,0x00,0x34,0x58,0x74,0x00,0x08,0x78,0x03,0x00,0x34,0x40,
  0x74,0x00,0x34,0x28,0x76,0x00,0x34,0x14,0x76,0x00,0x34,0xFC,0x00,0x00,0x2C,0x28,
  0x75,0x00,0x34,0xE4,0x76,0x00,0x34,0xCC,0x75,0x00,0x08,0x04,0x01,0x00,0x34,0xB8,
  0x76,0x00,0x34,0xCC,0x75,0x00,0x34,0xE4,0x74,0x00,0x08,0x00,0x02,0x00,0x34,0xFC,
  0x76,0x00,0x34,0x14,0x00,0x00,0x2C,0x29,0x76,0x00,0x34,0x28,0x74,0x00,0x08,0x78,
  0x04,0x00,0x34,0x14,0x00,0x00,0x2C,0x38,0x00,0x00,0x08,0x7C,0x03,0x00,0x08,0x7F,
  0x33,0x03,0x35,0x3C,0x76,0x00,0x35,0x54,0x73,0x00,0x08,0x00,0x03,0x00,0x35,0x6C,
  0x76,0x00,0x35,0x84,0x75,0x00,0x35,0x6C,0x74,0x00,0x08,0x78,0x03,0x00,0x35,0x54,
  0x75,0x00,0x35,0x3C,0x76,0x00,0x35,0x28,0x75,0x00,0x35,0x10,0x76,0x00,0x35,0xF8,
  0x00,0x00,0x2D,0x28,0x76,0x00,0x35,0xE0,0x76,0x00,0x35,0xCC,0x76,0x00,0x35,0xE0,
  0x75,0x00,0x35,0xF8,0x73,0x00,0x08,0x00,0x03,0x00,0x35,0x10,0x00,0x00,0x2D,0x29,
  0x76,0x00,0x35,0x28,0x75,0x00,0x35,0x3C,0x75,0x00,0x08,0x78,0x02,0x00,0x08,0x05,
  0x02,0x00,0x35,0x28,0x00,0x00,0x2D,0x38,0x00,0x00,0x08,0x7D,0x01,0x00,0x08,0x07,
  0x02,0x00,0x08,0x7F,0x32,0x03,0x34,0x28,0x76,0x00,0x34,0x40,0x73,0x00,0x08,0x00,
  0x03,0x00,0x34,0x58,0x75,0x00,0x34,0x70,0x76,0x00,0x34,0x58,0x75,0x00,0x08,0x78,
  0x00,0x00,0x08,0x01,0x01,0x00,0x08,0x02,0x01,0x00,0x08,0x03,0x01,0x00,0x34,0x40,
  0x74,0x00,0x34,0x28,0x75,0x00,0x34,0x14,0x76,0x00,0x34,0xFC,0x00,0x00,0x2C,0x36,
  0x76,0x00,0x34,0xE4,0x76,0x00,0x34,0xCC,0x75,0x00,0x08,0x04,0x00,0x00,0x34,0xB8,
  0x76,0x00,0x34,0xCC,0x76,0x00,0x34,0xE4,0x73,0x00,0x08,0x00,0x03,0x00,0x34,0xFC,
  0x75,0x00,0x34,0x14,0x01,0x00,0x2C,0x38,0x75,0x00,0x34,0x28,0x75,0x00,0x28,0x2C,
  0x00,0x00,0x08,0x78,0x02,0x00,0x29,0x45,0x00,0x00,0x08,0x79,0x02,0x00,0x2A,0x41,
  0x00,0x00,0x08,0x7A,0x02,0x00,0x2B,0x4C,0x00,0x00,0x08,0x7B,0x02,0x00,0x34,0x14,
  0x01,0x00,0x2C,0x35,0x00,0x00,0x08,0x7C,0x01,0x00,0x08,0x06,0x01,0x00,0x2E,0x4C,
  0x01,0x00,0x08,0x7E,0x00,0x00,0x08,0x07,0x02,0x00,0x08,0x7F,0x2C,0x03,0x35,0x3C,
  0x76,0x00,0x35,0x54,0x72,0x00,0x08,0x00,0x04,0x00,0x35,0x6C,0x75,0x00,0x35,0x84,
  0x76,0x00,0x35,0x6C,0x74,0x00,0x08,0x78,0x03,0x00,0x35,0x54,0x74,0x00,0x35,0x3C,
  0x76,0x00,0x35,0x28,0x76,0x00,0x35,0x10,0x76,0x00,0x35,0xF8,0x00,0x00,0x2D,0x36,
  0x75,0x00,0x35,0xE0,0x76,0x00,0x35,0xCC,0x76,0x00,0x35,0xE0,0x76,0x00,0x35,0xF8,
  0x73,0x00,0x08,0x00,0x03,0x00,0x35,0x10,0x00,0x00,0x2D,0x38,0x75,0x00,0x35,0x28,
  0x76,0x00,0x35,0x3C,0x74,0x00,0x08,0x78,0x02,0x00,0x08,0x05,0x02,0x00,0x35,0x28,
  0x00,0x00,0x2D,0x35,0x01,0x00,0x08,0x7D,0x00,0x00,0x08,0x07,0x02,0x00,0x08,0x7F,
  0x32,0x03,0x34,0x28,0x76,0x00,0x34,0x40,0x73,0x00,0x08,0x00,0x03,0x00,0x34,0x58,
  0x76,0x00,0x34,0x70,0x76,0x00,0x34,0x58,0x74,0x00,0x08,0x78,0x02,0x00,0x34,0x40,
  0x75,0x00,0x34,0x28,0x76,0x00,0x34,0x14,0x76,0x00,0x34,0xFC,0x00,0x00,0x2C,0x34,
  0x75,0x00,0x34,0xE4,0x76,0x00,0x34,0xCC,0x76,0x00,0x34,0xB8,0x76,0x00,0x34,0xCC,
  0x75,0x00,0x34,0xE4,0x74,0x00,0x08,0x00,0x02,0x00,0x34,0xFC,0x76,0x00,0x34,0x14,
  0x00,0x00,0x2C,0x35,0x76,0x00,0x34,0x28,0x74,0x00,0x08,0x78,0x03,0x00,0x34,0x40,
  0x01,0x00,0x08,0x07,0x02,0x00,0x08,0x7F,0x71,0x00,0x34,0x58,0x76,0x00,0x34,0x70,
  0x76,0x00,0x34,0x58,0x76,0x00,0x34,0x40,0x75,0x00,0x34,0x28,0x76,0x00,0x34,0x14,
  0x76,0x00,0x34,0xFC,0x00,0x00,0x2C,0x34,0x01,0x00,0x35,0x3C,0x74,0x00,0x34,0xE4,
  0x02,0x00,0x35,0x54,0x72,0x00,0x08,0x00,0x03,0x00,0x34,0xCC,0x01,0x00,0x35,0x6C,
  0x74,0x00,0x34,0xB8,0x01,0x00,0x35,0x84,0x75,0x00,0x34,0xCC,0x01,0x00,0x35,0x6C,
  0x73,0x00,0x08,0x78,0x03,0x00,0x34,0xE4,0x01,0x00,0x35,0x54,0x73,0x00,0x34,0xFC,
  0x01,0x00,0x35,0x3C,0x75,0x00,0x34,0x14,0x00,0x00,0x2C,0x35,0x01,0x00,0x35,0x28,
  0x75,0x00,0x34,0x28,0x01,0x00,0x35,0x10,0x75,0x00,0x34,0x40,0x01,0x00,0x35,0xF8,
  0x00,0x00,0x2D,0x34,0x74,0x00,0x34,0x58,0x01,0x00,0x35,0xE0,0x75,0x00,0x34,0x70,
  0x01,0x00,0x35,0xCC,0x75,0x00,0x34,0x58,0x01,0x00,0x35,0xE0,0x75,0x00,0x34,0x40,
  0x01,0x00,0x35,0xF8,0x72,0x00,0x08,0x00,0x03,0x00,0x34,0x28,0x01,0x00,0x35,0x10,
  0x00,0x00,0x2D,0x35,0x74,0x00,0x34,0x14,0x01,0x00,0x35,0x28,0x75,0x00,0x34,0xFC,
  0x00,0x00,0x2C,0x34,0x01,0x00,0x35,0x3C,0x74,0x00,0x08,0x78,0x02,0x00,0x34,0xE4,
  0x01,0x00,0x35,0x54,0x01,0x00,0x08,0x07,0x02,0x00,0x08,0x7F,0x70,0x00,0x34,0xCC,
  0x01,0x00,0x35,0x6C,0x75,0x00,0x34,0xB8,0x01,0x00,0x35,0x84,0x75,0x00,0x34,0xCC,
  0x01,0x00,0x35,0x6C,0x75,0x00,0x34,0xE4,0x01,0x00,0x35,0x54,0x74,0x00,0x34,0xFC,
  0x02,0x00,0x35,0x3C,0x74,0x00,0x34,0x14,0x01,0x00,0x2C,0x35,0x00,0x00,0x35,0x28,
  0x75,0x00,0x34,0x28,0x01,0x00,0x35,0x10,0x75,0x00,0x34,0x40,0x01,0x00,0x35,0xF8,
  0x00,0x00,0x2D,0x34,0x72,0x00,0x08,0x00,0x03,0x00,0x34,0x58,0x01,0x00,0x35,0xE0,
  0x74,0x00,0x34,0x70,0x01,0x00,0x35,0xCC,0x75,0x00,0x34,0x58,0x01,0x00,0x35,0xE0,
  0x74,0x00,0x08,0x78,0x00,0x00,0x08,0x01,0x01,0x00,0x08,0x02,0x01,0x00,0x08,0x03,
  0x00,0x00,0x08,0x04,0x01,0x00,0x34,0x40,0x01,0x00,0x35,0xF8,0x73,0x00,0x34,0x28,
  0x00,0x00,0x35,0x10,0x01,0x00,0x2D,0x35,0x74,0x00,0x34,0x14,0x01,0x00,0x35,0x28,
  0x75,0x00,0x34,0xFC,0x00,0x00,0x2C,0x34,0x01,0x00,0x35,0x3C,0x75,0x00,0x34,0xE4,
  0x01,0x00,0x35,0x54,0x75,0x00,0x34,0xCC,0x01,0x00,0x35,0x6C,0x74,0x00,0x34,0xB8,
  0x01,0x00,0x35,0x84,0x75,0x00,0x34,0xCC,0x01,0x00,0x35,0x6C,0x75,0x00,0x34,0xE4,
  0x01,0x00,0x35,0x54,0x72,0x00,0x08,0x00,0x03,0x00,0x34,0xFC,0x01,0x00,0x35,0x3C,
  0x74,0x00,0x34,0x14,0x00,0x00,0x2C,0x35,0x01,0x00,0x35,0x28,0x75,0x00,0x34,0x28,
  0x01,0x00,0x35,0x10,0x74,0x00,0x28,0x32,0x00,0x00,0x08,0x78,0x02,0x00,0x29,0x4C,
  0x00,0x00,0x08,0x79,0x02,0x00,0x2A,0x48,0x00,0x00,0x08,0x7A,0x02,0x00,0x2B,0x52,
  0x00,0x00,0x08,0x7B,0x02,0x00,0x34,0x14,0x01,0x00,0x2C,0x2C,0x00,0x00,0x08,0x7C,
  0x01,0x00,0x35,0xF8,0x00,0x00,0x2D,0x34,0x00,0x00,0x08,0x06,0x02,0x00,0x2E,0x52,
  0x00,0x00,0x08,0x7E,0x01,0x00,0x08,0x07,0x01,0x00,0x08,0x7F,0x69,0x00,0x35,0xE0,
  0x76,0x00,0x35,0xCC,0x76,0x00,0x35,0xE0,0x75,0x00,0x35,0xF8,0x76,0x00,0x35,0x10,
  0x00,0x00,0x2D,0x35,0x76,0x00,0x35,0x28,0x76,0x00,0x35,0x3C,0x75,0x00,0x35,0x54,
  0x73,0x00,0x08,0x00,0x04,0x00,0x35,0x6C,0x75,0x00,0x35,0x84,0x76,0x00,0x35,0x6C,
  0x74,0x00,0x08,0x78,0x03,0x00,0x35,0x54,0x74,0x00,0x35,0x3C,0x76,0x00,0x35,0x28,
  0x76,0x00,0x35,0x10,0x76,0x00,0x35,0xF8,0x00,0x00,0x2D,0x34,0x75,0x00,0x35,0xE0,
  0x76,0x00,0x35,0xCC,0x76,0x00,0x35,0xE0,0x76,0x00,0x35,0xF8,0x73,0x00,0x08,0x00,
  0x03,0x00,0x35,0x10,0x00,0x00,0x2D,0x35,0x75,0x00,0x35,0x28,0x76,0x00,0x35,0x3C,
  0x74,0x00,0x08,0x78,0x02,0x00,0x08,0x05,0x02,0x00,0x35,0x28,0x00,0x00,0x2D,0x2C,
  0x01,0x00,0x08,0x7D,0x00,0x00,0x08,0x07,0x02,0x00,0x08,0x7F,0x32,0x03,0x34,0x28,
  0x76,0x00,0x34,0x40,0x73,0x00,0x08,0x00,0x03,0x00,0x34,0x58,0x76,0x00,0x34,0x70,
  0x75,0x00,0x34,0x58,0x75,0x00,0x08,0x78,0x02,0x00,0x34,0x40,0x75,0x00,0x34,0x28,
  0x76,0x00,0x34,0x14,0x76,0x00,0x34,0xFC,0x00,0x00,0x2C,0x2A,0x75,0x00,0x34,0xE4,
  0x76,0x00,0x34,0xCC,0x75,0x00,0x08,0x04,0x01,0x00,0x34,0xB8,0x76,0x00,0x34,0xCC,
  0x75,0x00,0x34,0xE4,0x73,0x00,0x08,0x00,0x03,0x00,0x34,0xFC,0x76,0x00,0x34,0x14,
  0x00,0x00,0x2C,0x2C,0x76,0x00,0x34,0x28,0x74,0x00,0x08,0x78,0x04,0x00,0x34,0x14,
  0x00,0x00,0x2C,0x39,0x00,0x00,0x08,0x7C,0x01,0x00,0x08,0x07,0x02,0x00,0x08,0x7F,
  0x33,0x03,0x35,0x3C,0x76,0x00,0x35,0x54,0x73,0x00,0x08,0x00,0x03,0x00,0x35,0x6C,
  0x76,0x00,0x35,0x84,0x75,0x00,0x35,0x6C,0x74,0x00,0x08,0x78,0x03,0x00,0x35,0x54,
  0x75,0x00,0x35,0x3C,0x76,0x00,0x35,0x28,0x75,0x00,0x35,0x10,0x76,0x00,0x35,0xF8,
  0x00,0x00,0x2D,0x2A,0x76,0x00,0x35,0xE0,0x76,0x00,0x35,0xCC,0x75,0x00,0x35,0xE0,
  0x76,0x00,0x35,0xF8,0x73,0x00,0x08,0x00,0x03,0x00,0x35,0x10,0x00,0x00,0x2D,0x2C,
  0x76,0x00,0x35,0x28,0x75,0x00,0x35,0x3C,0x74,0x00,0x08,0x78,0x03,0x00,0x08,0x05,
  0x02,0x00,0x35,0x28,0x00,0x00,0x2D,0x39,0x00,0x00,0x08,0x7D,0x01,0x00,0x08,0x07,
  0x02,0x00,0x08,0x7F,0x32,0x03,0x34,0x28,0x76,0x00,0x34,0x40,0x73,0x00,0x08,0x00,
  0x03,0x00,0x34,0x58,0x75,0x00,0x34,0x70,0x76,0x00,0x34,0x58,0x75,0x00,0x08,0x78,
  0x00,0x00,0x08,0x01,0x01,0x00,0x08,0x02,0x01,0x00,0x08,0x03,0x01,0x00,0x34,0x40,
  0x74,0x00,0x34,0x28,0x75,0x00,0x34,0x14,0x76,0x00,0x34,0xFC,0x00,0x00,0x2C,0x38,
  0x76,0x00,0x34,0xE4,0x76,0x00,0x34,0xCC,0x75,0x00,0x08,0x04,0x01,0x00,0x34,0xB8,
  0x75,0x00,0x34,0xCC,0x76,0x00,0x34,0xE4,0x73,0x00,0x08,0x00,0x03,0x00,0x34,0xFC,
  0x75,0x00,0x34,0x14,0x00,0x00,0x2C,0x39,0x76,0x00,0x34,0x28,0x75,0x00,0x28,0x34,
  0x00,0x00,0x08,0x78,0x02,0x00,0x29,0x4E,0x00,0x00,0x08,0x79,0x02,0x00,0x08,0x7A,
  0x02,0x00,0x2B,0x54,0x00,0x00,0x08,0x7B,0x02,0x00,0x34,0x14,0x00,0x00,0x2C,0x38,
  0x01,0x00,0x08,0x7C,0x01,0x00,0x08,0x06,0x01,0x00,0x2E,0x54,0x00,0x00,0x08,0x7E,
  0x01,0x00,0x08,0x07,0x02,0x00,0x08,0x7F,0x2C,0x03,0x35,0x3C,0x75,0x00,0x35,0x54,
  0x73,0x00,0x08,0x00,0x03,0x00,0x35,0x6C,0x76,0x00,0x35,0x84,0x76,0x00,0x35,0x6C,
  0x74,0x00,0x08,0x78,0x03,0x00,0x35,0x54,0x74,0x00,0x35,0x3C,0x76,0x00,0x35,0x28,
  0x76,0x00,0x35,0x10,0x76,0x00,0x35,0xF8,0x00,0x00,0x2D,0x38,0x75,0x00,0x35,0xE0,
  0x76,0x00,0x35,0xCC,0x76,0x00,0x35,0xE0,0x76,0x00,0x35,0xF8,0x72,0x00,0x08,0x00,
  0x03,0x00,0x08,0x04,0x01,0x00,0x35,0x10,0x00,0x00,0x2D,0x39,0x75,0x00,0x35,0x28,
  0x76,0x00,0x35,0x3C,0x74,0x00,0x08,0x78,0x03,0x00,0x08,0x7C,0x01,0x00,0x08,0x05,
  0x01,0x00,0x35,0x28,0x01,0x00,0x2D,0x38,0x00,0x00,0x08,0x7D,0x01,0x00,0x08,0x07,
  0x02,0x00,0x08,0x7F,0x19,0x04,0x08,0x00,0x63,0x01,0x08,0x78,0x23,0x04,0x08,0x00,
  0x02,0x00,0x08,0x04,0x60,0x01,0x08,0x78,0x03,0x00,0x2C,0x39,0x01,0x00,0x08,0x7C,
  0x00,0x00,0x08,0x05,0x02,0x00,0x08,0x7D,0x01,0x00,0x08,0x07,0x02,0x00,0x08,0x7F,
  0x1A,0x04,0x08,0x00,0x62,0x01,0x08,0x78,0x23,0x04,0x08,0x00,0x02,0x00,0x08,0x04,
  0x61,0x01,0x08,0x78,0x03,0x00,0x2C,0x3C,0x00,0x00,0x08,0x7C,0x00,0x00,0x08,0x05,
  0x02,0x00,0x2D,0x39,0x01,0x00,0x08,0x7D,0x00,0x00,0x08,0x07,0x02,0x00,0x08,0x7F,
  0x1A,0x04,0x08,0x00,0x63,0x01,0x08,0x78,0x00,0x00,0x08,0x01,0x01,0x00,0x08,0x02,
  0x01,0x00,0x08,0x03,0x20,0x04,0x08,0x00,0x03,0x00,0x08,0x04,0x60,0x01,0x28,0x35,
  0x00,0x00,0x08,0x78,0x02,0x00,0x08,0x79,0x02,0x00,0x2A,0x49,0x00,0x00,0x08,0x7A,
  0x02,0x00,0x2B,0x55,0x01,0x00,0x08,0x7B,0x02,0x00,0x08,0x7C,0x00,0x00,0x08,0x05,
  0x02,0x00,0x2D,0x3C,0x00,0x00,0x08,0x7D,0x00,0x00,0x08,0x06,0x02,0x00,0x2E,0x55,
  0x00,0x00,0x08,0x7E,0x01,0x00,0x08,0x07,0x02,0x00,0x08,0x7F,0x12,0x04,0x08,0x00,
  0x63,0x01,0x08,0x78,0x23,0x04,0x08,0x00,0x02,0x00,0x08,0x04,0x60,0x01,0x08,0x78,
  0x03,0x00,0x2C,0x39,0x01,0x00,0x08,0x7C,0x00,0x00,0x08,0x05,0x02,0x00,0x08,0x7D,
  0x01,0x00,0x08,0x07,0x01,0x00,0x08,0x7F,0x1B,0x04,0x08,0x00,0x77,0x00,0x08,0x04,
  0xEB,0x00,0x08,0x78,0x04,0x00,0x2C,0x2E,0x00,0x00,0x08,0x7C,0x1F,0x04,0x08,0x00,
  0x62,0x01,0x08,0x78,0x03,0x00,0x08,0x05,0x02,0x00,0x2D,0x39,0x00,0x00,0x08,0x7D,
  0x01,0x00,0x08,0x07,0x02,0x00,0x08,0x7F,0x1B,0x04,0x08,0x00,0x62,0x01,0x08,0x78,
  0x03,0x00,0x08,0x05,0x01,0x00,0x2D,0x2E,0x01,0x00,0x08,0x7D,0x35,0x03,0x34,0x28,
  0x76,0x00,0x34,0x40,0x73,0x00,0x08,0x00,0x02,0x00,0x34,0x58,0x76,0x00,0x34,0x70,
  0x76,0x00,0x34,0x58,0x75,0x00,0x08,0x78,0x02,0x00,0x34,0x40,0x02,0x00,0x08,0x07,
  0x02,0x00,0x08,0x7F,0x70,0x00,0x34,0x28,0x76,0x00,0x34,0x14,0x76,0x00,0x34,0xFC,
  0x00,0x00,0x2C,0x2D,0x76,0x00,0x34,0xE4,0x75,0x00,0x34,0xCC,0x76,0x00,0x34,0xB8,
  0x76,0x00,0x34,0xCC,0x76,0x00,0x34,0xE4,0x73,0x00,0x08,0x00,0x03,0x00,0x34,0xFC,
  0x75,0x00,0x34,0x14,0x00,0x00,0x2C,0x2E,0x76,0x00,0x34,0x28,0x74,0x00,0x08,0x78,
  0x01,0x00,0x08,0x01,0x01,0x00,0x08,0x02,0x00,0x00,0x08,0x03,0x02,0x00,0x34,0x40,
  0x73,0x00,0x34,0x58,0x76,0x00,0x34,0x70,0x76,0x00,0x34,0x58,0x76,0x00,0x34,0x40,
  0x75,0x00,0x34,0x28,0x76,0x00,0x34,0x14,0x76,0x00,0x34,0xFC,0x00,0x00,0x2C,0x2D,
  0x01,0x00,0x35,0x3C,0x75,0x00,0x34,0xE4,0x01,0x00,0x35,0x54,0x72,0x00,0x08,0x00,
  0x03,0x00,0x34,0xCC,0x01,0x00,0x35,0x6C,0x74,0x00,0x34,0xB8,0x02,0x00,0x35,0x84,
  0x74,0x00,0x34,0xCC,0x01,0x00,0x35,0x6C,0x74,0x00,0x28,0x2C,0x00,0x00,0x08,0x78,
  0x02,0x00,0x29,0x51,0x00,0x00,0x08,0x79,0x02,0x00,0x2A,0x4C,0x00,0x00,0x08,0x7A,
  0x02,0x00,0x08,0x7B,0x01,0x00,0x34,0xE4,0x01,0x00,0x35,0x54,0x00,0x00,0x08,0x06,
  0x02,0x00,0x08,0x7E,0x00,0x00,0x08,0x07,0x02,0x00,0x08,0x7F,0x6B,0x00,0x34,0xFC,
  0x01,0x00,0x35,0x3C,0x74,0x00,0x34,0x14,0x00,0x00,0x2C,0x2E,0x01,0x00,0x35,0x28,
  0x75,0x00,0x34,0x28,0x01,0x00,0x35,0x10,0x75,0x00,0x34,0x40,0x01,0x00,0x35,0xF8,
  0x00,0x00,0x2D,0x2D,0x75,0x00,0x34,0x58,0x01,0x00,0x35,0xE0,0x74,0x00,0x34,0x70,
  0x01,0x00,0x35,0xCC,0x75,0x00,0x34,0x58,0x01,0x00,0x35,0xE0,0x75,0x00,0x34,0x40,
  0x01,0x00,0x35,0xF8,0x72,0x00,0x08,0x00,0x03,0x00,0x34,0x28,0x01,0x00,0x35,0x10,
  0x00,0x00,0x2D,0x2E,0x74,0x00,0x34,0x14,0x01,0x00,0x35,0x28,0x75,0x00,0x34,0xFC,
  0x00,0x00,0x2C,0x2D,0x01,0x00,0x35,0x3C,0x74,0x00,0x08,0x78,0x02,0x00,0x34,0xE4,
  0x01,0x00,0x35,0x54,0x74,0x00,0x34,0xCC,0x01,0x00,0x35,0x6C,0x74,0x00,0x34,0xB8,
  0x02,0x00,0x35,0x84,0x74,0x00,0x34,0xCC,0x01,0x00,0x35,0x6C,0x75,0x00,0x34,0xE4,
  0x01,0x00,0x35,0x54,0x75,0x00,0x34,0xFC,0x01,0x00,0x35,0x3C,0x74,0x00,0x34,0x14,
  0x01,0x00,0x2C,0x2E,0x00,0x00,0x35,0x28,0x75,0x00,0x34,0x28,0x01,0x00,0x35,0x10,
  0x76,0x00,0x34,0x40,0x01,0x00,0x35,0xF8,0x00,0x00,0x2D,0x2D,0x72,0x00,0x08,0x00,
  0x02,0x00,0x34,0x58,0x01,0x00,0x35,0xE0,0x74,0x00,0x34,0x70,0x02,0x00,0x35,0xCC,
  0x74,0x00,0x34,0x58,0x01,0x00,0x35,0xE0,0x74,0x00,0x08,0x78,0x02,0x00,0x34,0x40,
  0x01,0x00,0x35,0xF8,0x01,0x00,0x08,0x07,0x02,0x00,0x08,0x7F,0x71,0x00,0x34,0x28,
  0x01,0x00,0x35,0x10,0x00,0x00,0x2D,0x2E,0x75,0x00,0x34,0x14,0x01,0x00,0x35,0x28,
  0x74,0x00,0x34,0xFC,0x00,0x00,0x2C,0x2D,0x01,0x00,0x35,0x3C,0x75,0x00,0x34,0xE4,
  0x01,0x00,0x35,0x54,0x75,0x00,0x34,0xCC,0x01,0x00,0x35,0x6C,0x75,0x00,0x34,0xB8,
  0x01,0x00,0x35,0x84,0x74,0x00,0x34,0xCC,0x01,0x00,0x35,0x6C,0x75,0x00,0x34,0xE4,
  0x01,0x00,0x35,0x54,0x72,0x00,0x08,0x00,0x03,0x00,0x34,0xFC,0x01,0x00,0x35,0x3C,
  0x75,0x00,0x34,0x14,0x00,0x00,0x2C,0x2E,0x01,0x00,0x35,0x28,0x74,0x00,0x34,0x28,
  0x01,0x00,0x35,0x10,0x74,0x00,0x08,0x78,0x02,0x00,0x08,0x04,0x01,0x00,0x34,0x40,
  0x01,0x00,0x35,0xF8,0x00,0x00,0x2D,0x2D,0x73,0x00,0x34,0x58,0x01,0x00,0x35,0xE0,
  0x75,0x00,0x34,0x70,0x01,0x00,0x35,0xCC,0x74,0x00,0x34,0x58,0x01,0x00,0x35,0xE0,
  0x75,0x00,0x34,0x40,0x01,0x00,0x35,0xF8,0x75,0x00,0x34,0x28,0x01,0x00,0x35,0x10,
  0x00,0x00,0x2D,0x2E,0x75,0x00,0x34,0x14,0x00,0x00,0x35,0x28,0x75,0x00,0x34,0xFC,
  0x00,0x00,0x2C,0x2D,0x02,0x00,0x35,0x3C,0x74,0x00,0x34,0xE4,0x01,0x00,0x35,0x54,
  0x73,0x00,0x08,0x00,0x02,0x00,0x34,0xCC,0x01,0x00,0x35,0x6C,0x75,0x00,0x34,0xB8,
  0x01,0x00,0x35,0x84,0x74,0x00,0x34,0xCC,0x02,0x00,0x35,0x6C,0x73,0x00,0x08,0x78,
  0x03,0x00,0x34,0x14,0x00,0x00,0x2C,0x35,0x01,0x00,0x08,0x7C,0x01,0x00,0x35,0x54,
  0x01,0x00,0x08,0x07,0x02,0x00,0x08,0x7F,0x70,0x00,0x35,0x3C,0x75,0x00,0x35,0x28,
  0x76,0x00,0x35,0x10,0x76,0x00,0x35,0xF8,0x00,0x00,0x2D,0x2D,0x76,0x00,0x35,0xE0,
  0x75,0x00,0x35,0xCC,0x76,0x00,0x35,0xE0,0x76,0x00,0x35,0xF8,0x73,0x00,0x08,0x00,
  0x03,0x00,0x35,0x10,0x00,0x00,0x2D,0x2E,0x75,0x00,0x35,0x28,0x76,0x00,0x35,0x3C,
  0x74,0x00,0x08,0x78,0x03,0x00,0x35,0x54,0x75,0x00,0x35,0x6C,0x75,0x00,0x35,0x84,
  0x76,0x00,0x35,0x6C,0x76,0x00,0x35,0x54,0x76,0x00,0x35,0x3C,0x76,0x00,0x35,0x28,
  0x75,0x00,0x35,0x10,0x76,0x00,0x35,0xF8,0x00,0x00,0x2D,0x2D,0x73,0x00,0x08,0x00,
  0x03,0x00,0x35,0xE0,0x76,0x00,0x35,0xCC,0x75,0x00,0x35,0xE0,0x74,0x00,0x08,0x78,
  0x03,0x00,0x08,0x05,0x01,0x00,0x35,0x28,0x01,0x00,0x2D,0x35,0x00,0x00,0x08,0x7D,
  0x01,0x00,0x08,0x07,0x02,0x00,0x08,0x7F,0x32,0x03,0x34,0x28,0x76,0x00,0x34,0x40,
  0x73,0x00,0x08,0x00,0x03,0x00,0x34,0x58,0x75,0x00,0x34,0x70,0x76,0x00,0x34,0x58,
  0x74,0x00,0x08,0x78,0x01,0x00,0x08,0x01,0x01,0x00,0x08,0x02,0x01,0x00,0x08,0x03,
  0x01,0x00,0x34,0x40,0x73,0x00,0x34,0x28,0x76,0x00,0x34,0x14,0x76,0x00,0x34,0xFC,
  0x00,0x00,0x2C,0x34,0x76,0x00,0x34,0xE4,0x76,0x00,0x34,0xCC,0x75,0x00,0x08,0x04,
  0x00,0x00,0x34,0xB8,0x76,0x00,0x34,0xCC,0x76,0x00,0x34,0xE4,0x73,0x00,0x08,0x00,
  0x03,0x00,0x34,0xFC,0x75,0x00,0x34,0x14,0x00,0x00,0x2C,0x35,0x76,0x00,0x34,0x28,
  0x75,0x00,0x28,0x32,0x00,0x00,0x08,0x78,0x02,0x00,0x29,0x4C,0x01,0x00,0x08,0x79,
  0x01,0x00,0x2A,0x45,0x01,0x00,0x08,0x7A,0x02,0x00,0x2B,0x52,0x00,0x00,0x08,0x7B,
  0x02,0x00,0x34,0x14,0x01,0x00,0x08,0x7C,0x01,0x00,0x08,0x06,0x01,0x00,0x2E,0x52,
  0x01,0x00,0x08,0x7E,0x00,0x00,0x08,0x07,0x02,0x00,0x08,0x7F,0x2A,0x03,0x35,0x3C,
  0x76,0x00,0x35,0x54,0x73,0x00,0x08,0x00,0x03,0x00,0x35,0x6C,0x76,0x00,0x35,0x84,
  0x76,0x00,0x35,0x6C,0x74,0x00,0x08,0x78,0x02,0x00,0x35,0x54,0x75,0x00,0x35,0x3C,
  0x76,0x00,0x35,0x28,0x76,0x00,0x35,0x10,0x75,0x00,0x35,0xF8,0x01,0x00,0x2D,0x34,
  0x75,0x00,0x35,0xE0,0x76,0x00,0x35,0xCC,0x76,0x00,0x35,0xE0,0x75,0x00,0x35,0xF8,
  0x74,0x00,0x08,0x00,0x02,0x00,0x35,0x10,0x01,0x00,0x2D,0x35,0x75,0x00,0x35,0x28,
  0x76,0x00,0x35,0x3C,0x74,0x00,0x08,0x78,0x02,0x00,0x08,0x05,0x02,0x00,0x35,0x28,
  0x00,0x00,0x08,0x7D,0x01,0x00,0x08,0x07,0x02,0x00,0x08,0x7F,0x31,0x03,0x08,0x02,
  0x01,0x00,0x08,0x04,0x01,0x00,0x34,0x28,0x75,0x00,0x34,0x40,0x74,0x00,0x08,0x00,
  0x02,0x00,0x34,0x58,0x76,0x00,0x34,0x70,0x75,0x00,0x34,0x58,0x75,0x00,0x08,0x78,
  0x02,0x00,0x2A,0x48,0x01,0x00,0x08,0x7A,0x02,0x00,0x34,0x14,0x00,0x00,0x2C,0x32,
  0x01,0x00,0x08,0x7C,0x1D,0x04,0x08,0x00,0x62,0x01,0x08,0x78,0x05,0x00,0x08,0x07,
  0x02,0x00,0x08,0x7F,0x33,0x03,0x35,0x3C,0x76,0x00,0x35,0x54,0x73,0x00,0x08,0x00,
  0x03,0x00,0x35,0x6C,0x75,0x00,0x35,0x84,0x76,0x00,0x35,0x6C,0x74,0x00,0x08,0x78,
  0x02,0x00,0x08,0x05,0x02,0x00,0x35,0x28,0x00,0x00,0x2D,0x32,0x01,0x00,0x08,0x7D,
  0x35,0x03,0x34,0x28,0x75,0x00,0x34,0x40,0x74,0x00,0x08,0x00,0x02,0x00,0x34,0x58,
  0x76,0x00,0x34,0x70,0x76,0x00,0x34,0x58,0x74,0x00,0x08,0x78,0x03,0x00,0x34,0x40,
  0x02,0x00,0x08,0x07,0x02,0x00,0x08,0x7F,0x70,0x00,0x34,0x28,0x76,0x00,0x34,0x14,
  0x76,0x00,0x34,0xFC,0x00,0x00,0x2C,0x31,0x75,0x00,0x34,0xE4,0x76,0x00,0x34,0xCC,
  0x76,0x00,0x34,0xB8,0x76,0x00,0x34,0xCC,0x75,0x00,0x34,0xE4,0x74,0x00,0x08,0x00,
  0x03,0x00,0x34,0xFC,0x75,0x00,0x34,0x14,0x00,0x00,0x2C,0x32,0x76,0x00,0x34,0x28,
  0x74,0x00,0x08,0x78,0x03,0x00,0x34,0x40,0x74,0x00,0x34,0x58,0x76,0x00,0x34,0x70,
  0x76,0x00,0x34,0x58,0x76,0x00,0x34,0x40,0x75,0x00,0x34,0x28,0x76,0x00,0x08,0x04,
  0x00,0x00,0x34,0x14,0x76,0x00,0x34,0xFC,0x00,0x00,0x2C,0x31,0x01,0x00,0x35,0x3C,
  0x75,0x00,0x34,0xE4,0x01,0x00,0x35,0x54,0x72,0x00,0x08,0x00,0x03,0x00,0x34,0xCC,
  0x01,0x00,0x35,0x6C,0x74,0x00,0x34,0xB8,0x01,0x00,0x35,0x84,0x75,0x00,0x34,0xCC,
  0x01,0x00,0x35,0x6C,0x74,0x00,0x08,0x78,0x05,0x00,0x34,0xE4,0x01,0x00,0x35,0x54,
  0x01,0x00,0x08,0x06,0x01,0x00,0x08,0x07,0x02,0x00,0x47,0x00,0x00,0x00,0x4F,0x70,
  0x01,0x00,0x57,0x0E,0x00,0x00,0x5F,0x00,0x00,0x00,0x67,0x07,0x00,0x00,0x6F,0x13,
  0x00,0x00,0x77,0x0E,0x00,0x00,0x7F,0x02,0x00,0x00,0x87,0x1F,0x01,0x00,0x97,0x1F,
  0x00,0x00,0x9F,0x1F,0x01,0x00,0xA7,0x01,0x00,0x00,0xAF,0x16,0x00,0x00,0xB7,0x0D,
  0x00,0x00,0xBF,0x14,0x00,0x00,0xC7,0xC0,0x00,0x00,0xCF,0x07,0x00,0x00,0xD7,0x4F,
  0x01,0x00,0xDF,0x54,0x00,0x00,0xE7,0xC5,0x00,0x00,0xEF,0x68,0x00,0x00,0xF7,0xFA,
  0x01,0x00,0xFF,0xF8,0x01,0x00,0x77,0x13,0x00,0x00,0x7F,0x07,0x01,0x00,0x27,0xF4,
  0x00,0x00,0x2F,0x6C,0x01,0x00,0x08,0x7F,0x64,0x00,0x34,0xFC,0x02,0x00,0x35,0x3C,
  0x74,0x00,0x34,0x14,0x00,0x00,0x2C,0x32,0x01,0x00,0x35,0x28,0x75,0x00,0x34,0x28,
  0x01,0x00,0x35,0x10,0x75,0x00,0x34,0x40,0x01,0x00,0x35,0xF8,0x00,0x00,0x2D,0x31,
  0x74,0x00,0x34,0x58,0x01,0x00,0x35,0xE0,0x75,0x00,0x34,0x70,0x01,0x00,0x35,0xCC,
  0x75,0x00,0x34,0x58,0x01,0x00,0x35,0xE0,0x75,0x00,0x34,0x40,0x01,0x00,0x35,0xF8,
  0x72,0x00,0x08,0x00,0x03,0x00,0x34,0x28,0x01,0x00,0x35,0x10,0x00,0x00,0x2D,0x32,
  0x74,0x00,0x34,0x14,0x01,0x00,0x35,0x28,0x75,0x00,0x34,0xFC,0x00,0x00,0x2C,0x31,
  0x01,0x00,0x35,0x3C,0x74,0x00,0x08,0x78,0x02,0x00,0x34,0xE4,0x01,0x00,0x35,0x54,
  0x73,0x00,0x34,0xCC,0x02,0x00,0x35,0x6C,0x74,0x00,0x34,0xB8,0x01,0x00,0x35,0x84,
  0x75,0x00,0x34,0xCC,0x01,0x00,0x35,0x6C,0x75,0x00,0x34,0xE4,0x01,0x00,0x35,0x54,
  0x75,0x00,0x34,0xFC,0x01,0x00,0x35,0x3C,0x74,0x00,0x34,0x14,0x00,0x00,0x2C,0x32,
  0x01,0x00,0x35,0x28,0x75,0x00,0x34,0x28,0x01,0x00,0x35,0x10,0x75,0x00,0x34,0x40,
  0x01,0x00,0x35,0xF8,0x00,0x00,0x2D,0x31,0x72,0x00,0x08,0x00,0x03,0x00,0x34,0x58,
  0x01,0x00,0x35,0xE0,0x74,0x00,0x34,0x70,0x01,0x00,0x35,0xCC,0x75,0x00,0x34,0x58,
  0x01,0x00,0x35,0xE0,0x74,0x00,0x08,0x78,0x02,0x00,0x34,0x40,0x01,0x00,0x08,0x05,
  0x01,0x00,0x35,0xF8,0x01,0x00,0x08,0x07,0x02,0x00,0x08,0x7F,0x70,0x00,0x34,0x28,
  0x01,0x00,0x35,0x10,0x00,0x00,0x2D,0x32,0x74,0x00,0x34,0x14,0x01,0x00,0x35,0x28,
  0x75,0x00,0x34,0xFC,0x00,0x00,0x2C,0x31,0x01,0x00,0x35,0x3C,0x75,0x00,0x34,0xE4,
  0x01,0x00,0x35,0x54,0x75,0x00,0x34,0xCC,0x01,0x00,0x35,0x6C,0x74,0x00,0x34,0xB8,
  0x02,0x00,0x35,0x84,0x74,0x00,0x34,0xCC,0x01,0x00,0x35,0x6C,0x75,0x00,0x34,0xE4,
  0x01,0x00,0x35,0x54,0x72,0x00,0x08,0x00,0x03,0x00,0x34,0xFC,0x01,0x00,0x35,0x3C,
  0x74,0x00,0x34,0x14,0x01,0x00,0x2C,0x32,0x01,0x00,0x35,0x28,0x74,0x00,0x34,0x28,
  0x01,0x00,0x35,0x10,0x74,0x00,0x08,0x78,0x02,0x00,0x34,0x40,0x01,0x00,0x35,0xF8,
  0x00,0x00,0x2D,0x31,0x74,0x00,0x34,0x58,0x01,0x00,0x35,0xE0,0x75,0x00,0x34,0x70,
  0x01,0x00,0x35,0xCC,0x74,0x00,0x34,0x58,0x01,0x00,0x35,0xE0,0x75,0x00,0x34,0x40,
  0x01,0x00,0x35,0xF8,0x75,0x00,0x34,0x28,0x01,0x00,0x35,0x10,0x00,0x00,0x2D,0x32,
  0x75,0x00,0x34,0x14,0x01,0x00,0x35,0x28,0x74,0x00,0x34,0xFC,0x00,0x00,0x2C,0x31,
  0x01,0x00,0x35,0x3C,0x75,0x00,0x34,0xE4,0x01,0x00,0x35,0x54,0x73,0x00,0x08,0x00,
  0x02,0x00,0x34,0xCC,0x01,0x00,0x35,0x6C,0x75,0x00,0x34,0xB8,0x01,0x00,0x35,0x84,
  0x74,0x00,0x34,0xCC,0x01,0x00,0x35,0x6C,0x74,0x00,0x08,0x78,0x05,0x00,0x34,0xE4,
  0x01,0x00,0x35,0x54,0x01,0x00,0x08,0x07,0x02,0x00,0x08,0x7F,0x6E,0x00,0x34,0xFC,
  0x01,0x00,0x35,0x3C,0x75,0x00,0x34,0x14,0x00,0x00,0x2C,0x32,0x01,0x00,0x35,0x28,
  0x74,0x00,0x34,0x28,0x02,0x00,0x35,0x10,0x74,0x00,0x34,0x40,0x01,0x00,0x35,0xF8,
  0x00,0x00,0x2D,0x31,0x75,0x00,0x34,0x58,0x01,0x00,0x35,0xE0,0x75,0x00,0x34,0x70,
  0x01,0x00,0x35,0xCC,0x74,0x00,0x34,0x58,0x02,0x00,0x35,0xE0,0x74,0x00,0x34,0x40,
  0x01,0x00,0x35,0xF8,0x73,0x00,0x08,0x00,0x02,0x00,0x34,0x28,0x01,0x00,0x35,0x10,
  0x01,0x00,0x2D,0x32,0x74,0x00,0x34,0x14,0x01,0x00,0x35,0x28,0x75,0x00,0x34,0xFC,
  0x00,0x00,0x2C,0x31,0x01,0x00,0x35,0x3C,0x73,0x00,0x08,0x78,0x02,0x00,0x34,0xE4,
  0x02,0x00,0x35,0x54,0x73,0x00,0x34,0xCC,0x01,0x00,0x35,0x6C,0x75,0x00,0x34,0xB8,
  0x01,0x00,0x35,0x84,0x75,0x00,0x34,0xCC,0x00,0x00,0x35,0x6C,0x75,0x00,0x34,0xE4,
  0x01,0x00,0x35,0x54,0x75,0x00,0x34,0xFC,0x01,0x00,0x35,0x3C,0x75,0x00,0x34,0x14,
  0x00,0x00,0x2C,0x32,0x01,0x00,0x35,0x28,0x75,0x00,0x34,0x28,0x01,0x00,0x35,0x10,
  0x74,0x00,0x34,0x40,0x01,0x00,0x35,0xF8,0x01,0x00,0x2D,0x31,0x72,0x00,0x08,0x00,
  0x02,0x00,0x34,0x58,0x02,0x00,0x35,0xE0,0x74,0x00,0x34,0x70,0x01,0x00,0x35,0xCC,
  0x75,0x00,0x34,0x58,0x01,0x00,0x35,0xE0,0x73,0x00,0x08,0x78,0x03,0x00,0x34,0x40,
  0x01,0x00,0x35,0xF8,0x01,0x00,0x08,0x07,0x02,0x00,0x08,0x7F,0x70,0x00,0x34,0x28,
  0x01,0x00,0x35,0x10,0x00,0x00,0x2D,0x32,0x75,0x00,0x34,0x14,0x01,0x00,0x35,0x28,
  0x75,0x00,0x34,0xFC,0x00,0x00,0x2C,0x31,0x01,0x00,0x35,0x3C,0x74,0x00,0x34,0xE4,
  0x02,0x00,0x35,0x54,0x74,0x00,0x34,0xCC,0x01,0x00,0x35,0x6C,0x75,0x00,0x34,0xB8,
  0x01,0x00,0x35,0x84,0x73,0x00,0x08,0x01,0x01,0x00,0x08,0x02,0x00,0x00,0x08,0x03,
  0x02,0x00,0x34,0xCC,0x01,0x00,0x35,0x6C,0x73,0x00,0x34,0xE4,0x02,0x00,0x35,0x54,
  0x72,0x00,0x08,0x00,0x03,0x00,0x34,0xFC,0x01,0x00,0x35,0x3C,0x74,0x00,0x34,0x14,
  0x00,0x00,0x2C,0x32,0x01,0x00,0x35,0x28,0x75,0x00,0x34,0x28,0x01,0x00,0x35,0x10,
  0x74,0x00,0x08,0x78,0x03,0x00,0x34,0x40,0x01,0x00,0x35,0xF8,0x00,0x00,0x2D,0x31,
  0x72,0x00,0x34,0x58,0x01,0x00,0x35,0xE0,0x75,0x00,0x34,0x70,0x01,0x00,0x35,0xCC,
  0x75,0x00,0x34,0x58,0x01,0x00,0x35,0xE0,0x75,0x00,0x34,0x40,0x01,0x00,0x35,0xF8,
  0x74,0x00,0x34,0x28,0x01,0x00,0x35,0x10,0x01,0x00,0x2D,0x32,0x74,0x00,0x34,0x14,
  0x01,0x00,0x35,0x28,0x75,0x00,0x34,0xFC,0x00,0x00,0x2C,0x31,0x01,0x00,0x35,0x3C,
  0x75,0x00,0x34,0xE4,0x01,0x00,0x35,0x54,0x74,0x00,0x34,0xCC,0x01,0x00,0x35,0x6C,
  0x75,0x00,0x34,0xB8,0x02,0x00,0x35,0x84,0x74,0x00,0x34,0xCC,0x01,0x00,0x35,0x6C,
  0x76,0x00,0x34,0xE4,0x02,0x00,0x35,0x54,0x01,0x00,0x08,0x07,0x71,0x00,0x34,0xFC,
  0x02,0x00,0x35,0x3C,0x74,0x00,0x34,0x14,0x00,0x00,0x2C,0x32,0x01,0x00,0x35,0x28,
  0x75,0x00,0x34,0x28,0x01,0x00,0x35,0x10,0x75,0x00,0x34,0x40,0x01,0x00,0x35,0xF8,
  0x00,0x00,0x2D,0x31,0x74,0x00,0x34,0x58,0x01,0x00,0x35,0xE0,0x75,0x00,0x34,0x70,
  0x01,0x00,0x35,0xCC,0x75,0x00,0x34,0x58,0x01,0x00,0x35,0xE0,0x75,0x00,0x34,0x40,
  0x01,0x00,0x35,0xF8,0x72,0x00,0x08,0x00,0x03,0x00,0x34,0x28,0x01,0x00,0x35,0x10,
  0x00,0x00,0x2D,0x32,0x74,0x00,0x34,0x14,0x01,0x00,0x35,0x28,0x75,0x00,0x34,0xFC,
  0x00,0x00,0x2C,0x31,0x01,0x00,0x35,0x3C,0x74,0x00,0x08,0x78,0x02,0x00,0x34,0xE4,
  0x03,0x00,0x35,0x54,0x72,0x00,0x34,0xCC,0x00,0x00,0x35,0x6C,0x75,0x00,0x34,0xB8,
  0x01,0x00,0x35,0x84,0x75,0x00,0x34,0xCC,0x01,0x00,0x35,0x6C,0x75,0x00,0x34,0xE4,
  0x01,0x00,0x35,0x54,0x75,0x00,0x34,0xFC,0x01,0x00,0x35,0x3C,0x74,0x00,0x34,0x14,
  0x00,0x00,0x2C,0x32,0x01,0x00,0x35,0x28,0x75,0x00,0x34,0x28,0x01,0x00,0x35,0x10,
  0x75,0x00,0x34,0x40,0x01,0x00,0x35,0xF8,0x00,0x00,0x2D,0x31,0x72,0x00,0x08,0x00,
  0x03,0x00,0x34,0x58,0x01,0x00,0x35,0xE0,0x74,0x00,0x34,0x70,0x02,0x00,0x35,0xCC,
  0x74,0x00,0x34,0x58,0x01,0x00,0x35,0xE0,0x74,0x00,0x08,0x78,0x02,0x00,0x34,0x40,
  0x01,0x00,0x35,0xF8,0x74,0x00,0x34,0x28,0x01,0x00,0x35,0x10,0x00,0x00,0x2D,0x32,
  0x74,0x00,0x34,0x14,0x01,0x00,0x35,0x28,0x75,0x00,0x34,0xFC,0x00,0x00,0x2C,0x31,
  0x01,0x00,0x35,0x3C,0x75,0x00,0x34,0xE4,0x01,0x00,0x35,0x54,0x75,0x00,0x34,0xCC,
  0x01,0x00,0x35,0x6C,0x74,0x00,0x34,0xB8,0x02,0x00,0x35,0x84,0x74,0x00,0x34,0xCC,
  0x01,0x00,0x35,0x6C,0x75,0x00,0x34,0xE4,0x01,0x00,0x35,0x54,0x72,0x00,0x08,0x00,
  0x03,0x00,0x34,0xFC,0x01,0x00,0x35,0x3C,0x75,0x00,0x34,0x14,0x00,0x00,0x2C,0x32,
  0x01,0x00,0x35,0x28,0x74,0x00,0x34,0x28,0x01,0x00,0x35,0x10,0x74,0x00,0x08,0x78,
  0x02,0x00,0x34,0x40,0x02,0x00,0x35,0xF8,0x00,0x00,0x2D,0x31,0x73,0x00,0x34,0x58,
  0x01,0x00,0x35,0xE0,0x75,0x00,0x34,0x70,0x00,0x00,0x35,0xCC,0x75,0x00,0x34,0x58,
  0x01,0x00,0x35,0xE0,0x75,0x00,0x34,0x40,0x01,0x00,0x35,0xF8,0x75,0x00,0x34,0x28,
  0x01,0x00,0x35,0x10,0x00,0x00,0x2D,0x32,0x75,0x00,0x34,0x14,0x01,0x00,0x35,0x28,
  0x74,0x00,0x34,0xFC,0x00,0x00,0x2C,0x31,0x01,0x00,0x35,0x3C,0x75,0x00,0x34,0xE4,
  0x01,0x00,0x35,0x54,0x73,0x00,0x08,0x00,0x02,0x00,0x34,0xCC,0x01,0x00,0x35,0x6C,
  0x75,0x00,0x34,0xB8,0x01,0x00,0x35,0x84,0x74,0x00,0x34,0xCC,0x02,0x00,0x35,0x6C,
  0x73,0x00,0x08,0x78,0x03,0x00,0x44,0x75,0x01,0x00,0x4C,0x73,0x00,0x00,0x54,0x32,
  0x00,0x00,0x5C,0x31,0x00,0x00,0x64,0x14,0x00,0x00,0x6C,0x00,0x01,0x00,0x7C,0x00,
  0x00,0x00,0x8C,0x14,0x00,0x00,0x94,0x14,0x01,0x00,0x9C,0x14,0x01,0x00,0xD4,0x00,
  0x00,0x00,0xDC,0x00,0x00,0x00,0xE4,0x07,0x00,0x00,0xEC,0x07,0x01,0x00,0xF4,0x07,
  0x00,0x00,0xFC,0x07,0x01,0x00,0x6C,0x0A,0x01,0x00,0x74,0x14,0x00,0x00,0x7C,0x0A,
  0x00,0x00,0x24,0xEE,0x01,0x00,0x34,0x14,0x00,0x00,0x2C,0x4C,0x00,0x00,0x08,0x7C,
  0x01,0x00,0x35,0x54,0x6B,0x00,0x35,0x3C,0x76,0x00,0x35,0x28,0x76,0x00,0x35,0x10,
  0x76,0x00,0x35,0xF8,0x00,0x00,0x2D,0x31,0x75,0x00,0x35,0xE0,0x76,0x00,0x35,0xCC,
  0x76,0x00,0x35,0xE0,0x76,0x00,0x35,0xF8,0x72,0x00,0x08,0x00,0x04,0x00,0x35,0x10,
  0x00,0x00,0x2D,0x32,0x75,0x00,0x35,0x28,0x76,0x00,0x35,0x3C,0x74,0x00,0x08,0x78,
  0x03,0x00,0x35,0x54,0x75,0x00,0x35,0x6C,0x76,0x00,0x35,0x84,0x75,0x00,0x35,0x6C,
  0x76,0x00,0x35,0x54,0x76,0x00,0x35,0x3C,0x75,0x00,0x35,0x28,0x76,0x00,0x35,0x10,
  0x76,0x00,0x35,0xF8,0x00,0x00,0x2D,0x31,0x73,0x00,0x08,0x00,0x03,0x00,0x35,0xE0,
  0x75,0x00,0x35,0xCC,0x76,0x00,0x35,0xE0,0x74,0x00,0x08,0x78,0x04,0x00,0x45,0x75,
  0x00,0x00,0x4D,0x73,0x00,0x00,0x55,0x32,0x01,0x00,0x5D,0x31,0x00,0x00,0x65,0x14,
  0x00,0x00,0x6D,0x00,0x01,0x00,0x75,0x0A,0x00,0x00,0x7D,0x00,0x00,0x00,0x8D,0x14,
  0x00,0x00,0x95,0x14,0x00,0x00,0x9D,0x14,0x02,0x00,0xD5,0x00,0x00,0x00,0xDD,0x00,
  0x00,0x00,0xE5,0x07,0x00,0x00,0xED,0x07,0x00,0x00,0xF5,0x07,0x01,0x00,0xFD,0x07,
  0x01,0x00,0x6D,0x18,0x00,0x00,0x75,0x22,0x01,0x00,0x7D,0x18,0x00,0x00,0x25,0xEE,
  0x00,0x00,0x35,0x28,0x01,0x00,0x2D,0x4C,0x00,0x00,0x08,0x7D,0x2E,0x03,0x34,0x30,
  0x75,0x00,0x34,0x4C,0x74,0x00,0x08,0x00,0x03,0x00,0x34,0x68,0x75,0x00,0x34,0x84,
  0x76,0x00,0x34,0x68,0x75,0x00,0x08,0x78,0x02,0x00,0x34,0x4C,0x74,0x00,0x34,0x30,
  0x76,0x00,0x34,0x14,0x76,0x00,0x34,0xF8,0x00,0x00,0x2C,0x4A,0x76,0x00,0x34,0xDC,
  0x75,0x00,0x34,0xC0,0x76,0x00,0x34,0xA4,0x76,0x00,0x34,0xC0,0x76,0x00,0x34,0xDC,
  0x73,0x00,0x08,0x00,0x03,0x00,0x34,0xF8,0x75,0x00,0x34,0x14,0x00,0x00,0x2C,0x4C,
  0x76,0x00,0x34,0x30,0x75,0x00,0x08,0x78,0x02,0x00,0x34,0x4C,0x74,0x00,0x34,0x68,
  0x77,0x00,0x34,0x84,0x75,0x00,0x34,0x68,0x76,0x00,0x34,0x4C,0x75,0x00,0x34,0x30,
  0x76,0x00,0x34,0x14,0x76,0x00,0x34,0xF8,0x00,0x00,0x2C,0x4A,0x01,0x00,0x35,0x44,
  0x75,0x00,0x34,0xDC,0x01,0x00,0x35,0x60,0x72,0x00,0x08,0x00,0x03,0x00,0x34,0xC0,
  0x01,0x00,0x35,0x7C,0x74,0x00,0x34,0xA4,0x01,0x00,0x35,0x98,0x75,0x00,0x34,0xC0,
  0x01,0x00,0x35,0x7C,0x74,0x00,0x08,0x78,0x02,0x00,0x34,0xDC,0x01,0x00,0x35,0x60,
  0x74,0x00,0x34,0xF8,0x00,0x00,0x35,0x44,0x75,0x00,0x34,0x14,0x00,0x00,0x2C,0x4C,
  0x01,0x00,0x35,0x28,0x75,0x00,0x34,0x30,0x01,0x00,0x35,0x0C,0x75,0x00,0x34,0x4C,
  0x01,0x00,0x35,0xF0,0x00,0x00,0x2D,0x4A,0x75,0x00,0x34,0x68,0x01,0x00,0x35,0xD4,
  0x74,0x00,0x34,0x84,0x01,0x00,0x35,0xB8,0x75,0x00,0x34,0x68,0x01,0x00,0x35,0xD4,
  0x75,0x00,0x34,0x4C,0x01,0x00,0x35,0xF0,0x72,0x00,0x08,0x00,0x03,0x00,0x34,0x30,
  0x01,0x00,0x35,0x0C,0x00,0x00,0x2D,0x4C,0x74,0x00,0x34,0x14,0x02,0x00,0x35,0x28,
  0x74,0x00,0x34,0xE4,0x00,0x00,0x2C,0x4A,0x01,0x00,0x35,0x44,0x74,0x00,0x08,0x78,
  0x02,0x00,0x34,0xB4,0x01,0x00,0x35,0x60,0x74,0x00,0x34,0x84,0x01,0x00,0x35,0x7C,
  0x74,0x00,0x34,0x54,0x02,0x00,0x35,0x98,0x74,0x00,0x34,0x5C,0x01,0x00,0x35,0x7C,
  0x75,0x00,0x34,0x64,0x01,0x00,0x35,0x60,0x75,0x00,0x34,0x6C,0x01,0x00,0x35,0x44,
  0x74,0x00,0x34,0x74,0x02,0x00,0x35,0x28,0x74,0x00,0x34,0x7C,0x01,0x00,0x35,0x0C,
  0x76,0x00,0x34,0x84,0x01,0x00,0x35,0xF0,0x00,0x00,0x2D,0x4A,0x71,0x00,0x08,0x00,
  0x03,0x00,0x34,0x8C,0x01,0x00,0x35,0xD4,0x75,0x00,0x34,0x94,0x01,0x00,0x35,0xB8,
  0x74,0x00,0x34,0x68,0x01,0x00,0x35,0xD4,0x74,0x00,0x08,0x78,0x03,0x00,0x34,0x38,
  0x01,0x00,0x35,0xF0,0x73,0x00,0x34,0x08,0x01,0x00,0x35,0x0C,0x00,0x00,0x2D,0x4C,
  0x75,0x00,0x34,0xD8,0x00,0x00,0x2C,0x49,0x01,0x00,0x35,0x28,0x74,0x00,0x34,0xA8,
  0x01,0x00,0x35,0x44,0x75,0x00,0x34,0x78,0x01,0x00,0x35,0x60,0x75,0x00,0x34,0x48,
  0x01,0x00,0x35,0x7C,0x75,0x00,0x34,0x18,0x01,0x00,0x35,0x98,0x74,0x00,0x34,0x20,
  0x01,0x00,0x35,0x7C,0x75,0x00,0x34,0x28,0x01,0x00,0x35,0x60,0x73,0x00,0x08,0x00,
  0x02,0x00,0x34,0x30,0x01,0x00,0x35,0x44,0x75,0x00,0x34,0x38,0x01,0x00,0x35,0x28,
  0x74,0x00,0x34,0x40,0x02,0x00,0x35,0xF8,0x00,0x00,0x2D,0x4A,0x73,0x00,0x08,0x78,
  0x03,0x00,0x34,0x4C,0x01,0x00,0x35,0xC8,0x73,0x00,0x34,0x68,0x01,0x00,0x35,0x98,
  0x74,0x00,0x34,0x84,0x02,0x00,0x35,0x68,0x74,0x00,0x34,0x68,0x02,0x00,0x35,0x70,
  0x74,0x00,0x34,0x4C,0x01,0x00,0x35,0x78,0x74,0x00,0x08,0x04,0x01,0x00,0x34,0x30,
  0x01,0x00,0x35,0x80,0x76,0x00,0x34,0x14,0x00,0x00,0x2C,0x46,0x00,0x00,0x08,0x7C,
  0x01,0x00,0x35,0x88,0x74,0x00,0x35,0x90,0x76,0x00,0x35,0x98,0x72,0x00,0x08,0x00,
  0x04,0x00,0x35,0xA0,0x75,0x00,0x35,0xA8,0x75,0x00,0x08,0x04,0x01,0x00,0x35,0x7C,
  0x74,0x00,0x08,0x78,0x04,0x00,0x2C,0x45,0x00,0x00,0x08,0x7C,0x01,0x00,0x35,0x4C,
  0x73,0x00,0x35,0x1C,0x75,0x00,0x35,0xEC,0x01,0x00,0x2D,0x49,0x75,0x00,0x35,0xBC,
  0x76,0x00,0x35,0x8C,0x75,0x00,0x08,0x04,0x01,0x00,0x35,0x5C,0x76,0x00,0x2C,0x42,
  0x00,0x00,0x08,0x7C,0x01,0x00,0x35,0x2C,0x74,0x00,0x35,0x34,0x76,0x00,0x35,0x3C,
  0x73,0x00,0x08,0x00,0x03,0x00,0x35,0x44,0x75,0x00,0x35,0x4C,0x75,0x00,0x08,0x04,
  0x01,0x00,0x35,0x54,0x74,0x00,0x08,0x78,0x03,0x00,0x2C,0x46,0x01,0x00,0x08,0x7C,
  0x02,0x00,0x35,0x60,0x72,0x00,0x35,0x7C,0x75,0x00,0x35,0x98,0x76,0x00,0x35,0x7C,
  0x76,0x00,0x35,0x60,0x75,0x00,0x08,0x04,0x01,0x00,0x35,0x44,0x76,0x00,0x2C,0x45,
  0x00,0x00,0x08,0x7C,0x01,0x00,0x08,0x05,0x01,0x00,0x35,0x28,0x00,0x00,0x2D,0x46,
  0x01,0x00,0x08,0x7D,0x5B,0x01,0x08,0x00,0xED,0x00,0x08,0x04,0x76,0x00,0x08,0x78,
  0x03,0x00,0x2C,0x42,0x00,0x00,0x08,0x7C,0x01,0x00,0x08,0x05,0x01,0x00,0x2D,0x45,
  0x01,0x00,0x08,0x7D,0x47,0x02,0x08,0x04,0x77,0x00,0x2C,0x40,0x00,0x00,0x08,0x7C,
  0x01,0x00,0x08,0x05,0x02,0x00,0x2D,0x42,0x00,0x00,0x08,0x7D,0x5B,0x01,0x08,0x00,
  0xED,0x00,0x08,0x04,0x76,0x00,0x08,0x78,0x04,0x00,0x2C,0x42,0x00,0x00,0x08,0x7C,
  0x01,0x00,0x08,0x05,0x01,0x00,0x2D,0x46,0x01,0x00,0x08,0x7D,0xBC,0x02,0x08,0x05,
  0x02,0x00,0x2D,0x45,0x00,0x00,0x08,0x7D,0x5D,0x01,0x08,0x00,0x63,0x01,0x08,0x78,
  0x02,0x00,0x08,0x05,0x02,0x00,0x2D,0x42,0x00,0x00,0x08,0x7D,0xBF,0x02,0x08,0x05,
  0x02,0x00,0x2D,0x40,0x00,0x00,0x08,0x7D,0x5D,0x01,0x08,0x00,0x63,0x01,0x08,0x78,
  0x02,0x00,0x08,0x05,0x02,0x00,0x2D,0x42,0x00,0x00,0x08,0x7D,0x5E,0x01,0x34,0xF8,
  0x00,0x00,0x2C,0x41,0x76,0x00,0x34,0xE0,0x76,0x00,0x34,0xC4,0x75,0x00,0x34,0xAC,
  0x76,0x00,0x34,0xB0,0xE9,0x00,0x08,0x00,0x03,0x00,0x34,0xB4,0xEB,0x00,0x34,0x80,
  0x75,0x00,0x08,0x78,0x03,0x00,0x34,0x4C,0x74,0x00,0x34,0x30,0x75,0x00,0x34,0x14,
  0x76,0x00,0x34,0xF8,0x00,0x00,0x2C,0x40,0x76,0x00,0x34,0xDC,0x76,0x00,0x34,0xC0,
  0x76,0x00,0x34,0xA4,0x75,0x00,0x08,0x04,0x01,0x00,0x34,0xC0,0x76,0x00,0x34,0x14,
  0x00,0x00,0x08,0x7C,0x73,0x00,0x08,0x00,0x62,0x01,0x08,0x78,0x62,0x01,0x08,0x04,
  0x01,0x00,0x35,0x0C,0x76,0x00,0x2C,0x3E,0x00,0x00,0x08,0x7C,0x01,0x00,0x35,0xF4,
  0x00,0x00,0x2D,0x41,0x74,0x00,0x35,0xD8,0x76,0x00,0x35,0xC0,0x76,0x00,0x35,0xC4,
  0xE9,0x00,0x08,0x00,0x03,0x00,0x35,0xC8,0xEA,0x00,0x08,0x04,0x01,0x00,0x35,0x94,
  0x74,0x00,0x08,0x78,0x04,0x00,0x2C,0x40,0x00,0x00,0x08,0x7C,0x02,0x00,0x35,0x60,
  0x71,0x00,0x35,0x44,0x76,0x00,0x35,0x28,0x76,0x00,0x35,0x0C,0x76,0x00,0x35,0xF0,
  0x00,0x00,0x2D,0x40,0x76,0x00,0x35,0xD4,0x75,0x00,0x35,0xB8,0x76,0x00,0x35,0xD4,
  0x75,0x00,0x08,0x05,0x02,0x00,0x35,0x28,0x00,0x00,0x08,0x7D,0x72,0x00,0x08,0x00,
  0x63,0x01,0x08,0x78,0xD7,0x01,0x08,0x05,0x02,0x00,0x2D,0x3E,0x00,0x00,0x08,0x7D,
  0x49,0x02,0x08,0x00,0x62,0x01,0x08,0x78,0x03,0x00,0x08,0x05,0x02,0x00,0x2D,0x40,
  0x00,0x00,0x08,0x7D,0x5E,0x01,0x34,0xF8,0x00,0x00,0x2C,0x3E,0x75,0x00,0x34,0xE0,
  0x76,0x00,0x34,0xC4,0x76,0x00,0x34,0xAC,0x76,0x00,0x34,0xB0,0xE9,0x00,0x08,0x00,
  0x03,0x00,0x34,0xB4,0xEB,0x00,0x34,0x80,0x75,0x00,0x08,0x78,0x03,0x00,0x34,0x4C,
  0x73,0x00,0x34,0x30,0x76,0x00,0x34,0x14,0x76,0x00,0x34,0xF8,0x00,0x00,0x2C,0x3D,
  0x76,0x00,0x34,0xDC,0x75,0x00,0x34,0xC0,0x76,0x00,0x34,0xA4,0x75,0x00,0x08,0x04,
  0x01,0x00,0x34,0xC0,0x77,0x00,0x34,0x14,0x00,0x00,0x08,0x7C,0x72,0x00,0x08,0x00,
  0x63,0x01,0x08,0x78,0x61,0x01,0x08,0x04,0x01,0x00,0x35,0x0C,0x77,0x00,0x2C,0x3C,
  0x00,0x00,0x08,0x7C,0x01,0x00,0x35,0xF4,0x00,0x00,0x2D,0x3E,0x74,0x00,0x35,0xD8,
  0x76,0x00,0x35,0xC0,0x76,0x00,0x35,0xC4,0xE8,0x00,0x08,0x00,0x03,0x00,0x35,0xC8,
  0xEB,0x00,0x08,0x04,0x01,0x00,0x35,0x94,0x74,0x00,0x08,0x78,0x04,0x00,0x35,0x60,
  0x73,0x00,0x35,0x44,0x76,0x00,0x35,0x28,0x76,0x00,0x35,0x0C,0x75,0x00,0x35,0xF0,
  0x00,0x00,0x2D,0x3D,0x76,0x00,0x35,0xD4,0x76,0x00,0x35,0xB8,0x76,0x00,0x35,0xD4,
  0x76,0x00,0x08,0x05,0x01,0x00,0x35,0x28,0x01,0x00,0x08,0x7D,0x70,0x00,0x08,0x00,
  0x63,0x01,0x08,0x78,0xD8,0x01,0x08,0x05,0x02,0x00,0x2D,0x3C,0x00,0x00,0x08,0x7D,
  0x49,0x02,0x08,0x00,0xED,0x00,0x34,0x30,0x75,0x00,0x28,0x36,0x00,0x00,0x08,0x78,
  0x04,0x00,0x34,0x14,0x00,0x00,0x2C,0x42,0x00,0x00,0x08,0x7C,0x01,0x00,0x08,0x05,
  0x34,0x03,0x08,0x04,0x77,0x00,0x2C,0x45,0x00,0x00,0x08,0x7C,0x73,0x00,0x08,0x00,
  0x62,0x01,0x08,0x78,0x62,0x01,0x08,0x04,0x77,0x00,0x2C,0x46,0x01,0x00,0x08,0x7C,
  0x4A,0x02,0x08,0x00,0xEC,0x00,0x08,0x04,0x01,0x00,0x35,0x44,0x74,0x00,0x28,0x39,
  0x00,0x00,0x08,0x78,0x04,0x00,0x2C,0x49,0x00,0x00,0x08,0x7C,0x02,0x00,0x35,0x28,
  0x00,0x00,0x2D,0x42,0x01,0x00,0x08,0x7D,0x32,0x03,0x08,0x04,0x77,0x00,0x2C,0x46,
  0x00,0x00,0x08,0x7C,0x01,0x00,0x08,0x05,0x02,0x00,0x2D,0x45,0x00,0x00,0x08,0x7D,
  0x70,0x00,0x08,0x00,0x62,0x01,0x28,0x32,0x01,0x00,0x08,0x78,0x61,0x01,0x08,0x04,
  0x78,0x00,0x2C,0x45,0x00,0x00,0x08,0x7C,0x00,0x00,0x08,0x05,0x02,0x00,0x2D,0x46,
  0x00,0x00,0x08,0x7D,0x34,0x03,0x08,0x04,0x79,0x00,0x2C,0x46,0x01,0x00,0x08,0x7C,
  0x00,0x00,0x08,0x05,0x02,0x00,0x2D,0x49,0x00,0x00,0x08,0x7D,0x47,0x02,0x08,0x04,
  0x77,0x00,0x2C,0x4C,0x00,0x00,0x08,0x7C,0xEB,0x00,0x08,0x05,0x01,0x00,0x2D,0x46,
  0x01,0x00,0x08,0x7D,0x71,0x00,0x08,0x00,0xED,0x00,0x08,0x04,0x76,0x00,0x08,0x78,
  0x03,0x00,0x2C,0x49,0x00,0x00,0x08,0x7C,0xD5,0x01,0x08,0x05,0x02,0x00,0x2D,0x45,
  0x00,0x00,0x08,0x7D,0x73,0x00,0x08,0x04,0x77,0x00,0x2C,0x45,0x01,0x00,0x08,0x7C,
  0x5D,0x01,0x08,0x00,0xED,0x00,0x08,0x04,0x76,0x00,0x08,0x78,0x03,0x00,0x2C,0x49,
  0x00,0x00,0x08,0x7C,0x01,0x00,0x08,0x05,0x02,0x00,0x2D,0x46,0x00,0x00,0x08,0x7D,
  0x47,0x02,0x08,0x04,0x77,0x00,0x2C,0x46,0x01,0x00,0x08,0x7C,0x00,0x00,0x08,0x05,
  0x02,0x00,0x2D,0x4C,0x00,0x00,0x08,0x7D,0x5B,0x01,0x08,0x00,0xEE,0x00,0x08,0x04,
  0x75,0x00,0x08,0x78,0x03,0x00,0x2C,0x42,0x00,0x00,0x08,0x7C,0x01,0x00,0x08,0x05,
  0x02,0x00,0x2D,0x49,0x00,0x00,0x08,0x7D,0x47,0x02,0x08,0x04,0x77,0x00,0x2C,0x46,
  0x01,0x00,0x08,0x7C,0x00,0x00,0x08,0x05,0x02,0x00,0x2D,0x45,0x00,0x00,0x08,0x7D,
  0x5B,0x01,0x08,0x00,0xEE,0x00,0x08,0x04,0x75,0x00,0x08,0x78,0x03,0x00,0x2C,0x45,
  0x01,0x00,0x08,0x7C,0x00,0x00,0x08,0x05,0x02,0x00,0x2D,0x49,0x00,0x00,0x08,0x7D,
  0x47,0x02,0x08,0x04,0x78,0x00,0x2C,0x40,0x00,0x00,0x08,0x7C,0x00,0x00,0x08,0x05,
  0x02,0x00,0x2D,0x46,0x00,0x00,0x08,0x7D,0x5B,0x01,0x08,0x00,0xEE,0x00,0x08,0x04,
  0x75,0x00,0x08,0x78,0x03,0x00,0x2C,0x45,0x01,0x00,0x08,0x7C,0x00,0x00,0x08,0x05,
  0x02,0x00,0x2D,0x42,0x00,0x00,0x08,0x7D,0x47,0x02,0x08,0x04,0x78,0x00,0x2C,0x42,
  0x00,0x00,0x08,0x7C,0x00,0x00,0x08,0x05,0x02,0x00,0x2D,0x46,0x00,0x00,0x08,0x7D,
  0x5C,0x01,0x08,0x00,0xED,0x00,0x08,0x04,0x75,0x00,0x08,0x78,0x04,0x00,0x2C,0x45,
  0x00,0x00,0x08,0x7C,0x00,0x00,0x08,0x05,0x02,0x00,0x2D,0x45,0x00,0x00,0x08,0x7D,
  0x48,0x02,0x08,0x04,0x77,0x00,0x2C,0x48,0x00,0x00,0x08,0x7C,0x01,0x00,0x08,0x05,
  0x01,0x00,0x2D,0x40,0x01,0x00,0x08,0x7D,0x5B,0x01,0x08,0x00,0xED,0x00,0x08,0x04,
  0x75,0x00,0x08,0x78,0x04,0x00,0x2C,0x49,0x00,0x00,0x08,0x7C,0x00,0x00,0x08,0x05,
  0x02,0x00,0x2D,0x45,0x01,0x00,0x08,0x7D,0x47,0x02,0x08,0x04,0x77,0x00,0x2C,0x4A,
  0x00,0x00,0x08,0x7C,0x01,0x00,0x08,0x05,0x02,0x00,0x2D,0x42,0x00,0x00,0x08,0x7D,
  0x5B,0x01,0x08,0x00,0xED,0x00,0x08,0x04,0x76,0x00,0x08,0x78,0x03,0x00,0x2C,0x4C,
  0x00,0x00,0x08,0x7C,0x01,0x00,0x08,0x05,0x01,0x00,0x2D,0x45,0x01,0x00,0x08,0x7D,
  0xBD,0x02,0x08,0x05,0x02,0x00,0x2D,0x48,0x00,0x00,0x08,0x7D,0x73,0x00,0x08,0x04,
  0x78,0x00,0x2C,0x52,0x00,0x00,0x08,0x7C,0x72,0x00,0x08,0x00,0x63,0x01,0x08,0x78,
  0x02,0x00,0x08,0x05,0x02,0x00,0x2D,0x49,0x00,0x00,0x08,0x7D,0x5D,0x01,0x08,0x04,
  0x78,0x00,0x2C,0x55,0x01,0x00,0x08,0x7C,0xE9,0x00,0x08,0x05,0x02,0x00,0x2D,0x4A,
  0x00,0x00,0x08,0x7D,0x5D,0x01,0x08,0x00,0xEE,0x00,0x34,0x94,0x00,0x00,0x2C,0x56,
  0x75,0x00,0x08,0x78,0x03,0x00,0x34,0x14,0x00,0x00,0x2C,0x59,0x00,0x00,0x08,0x05,
  0x02,0x00,0x2D,0x4C,0x01,0x00,0x08,0x7D,0xAA,0x03,0x08,0x05,0x01,0x00,0x2D,0x52,
  0x00,0x00,0x08,0x7D,0x71,0x00,0x08,0x00,0x63,0x01,0x08,0x78,0xD8,0x01,0x08,0x05,
  0x02,0x00,0x2D,0x55,0x00,0x00,0x08,0x7D,0x48,0x02,0x08,0x00,0xEE,0x00,0x34,0x30,
  0x01,0x00,0x35,0xA8,0x00,0x00,0x2D,0x56,0x74,0x00,0x08,0x78,0x03,0x00,0x34,0x4C,
  0x02,0x00,0x35,0x28,0x00,0x00,0x2D,0x59,0x72,0x00,0x34,0x68,0x75,0x00,0x34,0x84,
  0x76,0x00,0x34,0x68,0x76,0x00,0x34,0x4C,0x76,0x00,0x34,0x30,0x75,0x00,0x34,0x14,
  0x76,0x00,0x08,0x04,0x01,0x00,0x34,0xF8,0x00,0x00,0x2C,0x58,0x76,0x00,0x34,0x14,
  0x00,0x00,0x2C,0x52,0x00,0x00,0x08,0x7C,0x72,0x00,0x08,0x00,0x63,0x01,0x08,0x78,
  0x62,0x01,0x08,0x04,0x77,0x00,0x2C,0x55,0x01,0x00,0x08,0x7C,0x49,0x02,0x08,0x00,
  0xED,0x00,0x08,0x04,0x01,0x00,0x35,0x44,0x74,0x00,0x08,0x78,0x04,0x00,0x2C,0x56,
  0x00,0x00,0x08,0x7C,0x02,0x00,0x35,0x60,0x72,0x00,0x35,0x7C,0x75,0x00,0x35,0x98,
  0x76,0x00,0x35,0x7C,0x76,0x00,0x35,0x60,0x76,0x00,0x35,0x44,0x75,0x00,0x35,0x28,
  0x76,0x00,0x35,0x0C,0x75,0x00,0x08,0x05,0x02,0x00,0x35,0x28,0x00,0x00,0x2D,0x52,
  0x01,0x00,0x08,0x7D,0x71,0x00,0x08,0x00,0x62,0x01,0x08,0x78,0xD9,0x01,0x08,0x05,
  0x01,0x00,0x2D,0x55,0x01,0x00,0x08,0x7D,0x48,0x02,0x08,0x00,0x02,0x00,0x34,0xD4,
  0x01,0x00,0x2C,0x55,0x75,0x00,0x34,0x94,0x76,0x00,0x34,0x54,0x74,0x00,0x08,0x78,
  0x04,0x00,0x34,0x14,0x01,0x00,0x08,0x05,0x02,0x00,0x2D,0x56,0x00,0x00,0x08,0x7D,
  0x47,0x02,0x08,0x04,0x77,0x00,0x2C,0x52,0x00,0x00,0x08,0x7C,0x5E,0x01,0x08,0x00,
  0xED,0x00,0x08,0x04,0x76,0x00,0x08,0x78,0x03,0x00,0x2C,0x50,0x00,0x00,0x08,0x7C,
  0x4A,0x02,0x08,0x04,0x77,0x00,0x2C,0x4E,0x00,0x00,0x08,0x7C,0x5E,0x01,0x08,0x00,
  0x03,0x00,0x35,0xE8,0x00,0x00,0x2D,0x55,0x76,0x00,0x35,0xA8,0x75,0x00,0x08,0x04,
  0x01,0x00,0x35,0x68,0x74,0x00,0x08,0x78,0x03,0x00,0x2C,0x52,0x00,0x00,0x08,0x7C,
  0x02,0x00,0x35,0x28,0x48,0x02,0x08,0x04,0x77,0x00,0x2C,0x50,0x01,0x00,0x08,0x7C,
  0x00,0x00,0x08,0x05,0x02,0x00,0x2D,0x52,0x00,0x00,0x08,0x7D,0x5B,0x01,0x08,0x00,
  0xEE,0x00,0x08,0x04,0x75,0x00,0x08,0x78,0x03,0x00,0x2C,0x4E,0x00,0x00,0x08,0x7C,
  0x01,0x00,0x08,0x05,0x02,0x00,0x2D,0x50,0x00,0x00,0x08,0x7D,0x47,0x02,0x08,0x04,
  0x77,0x00,0x2C,0x4C,0x01,0x00,0x08,0x7C,0x00,0x00,0x08,0x05,0x02,0x00,0x2D,0x4E,
  0x00,0x00,0x08,0x7D,0x5B,0x01,0x08,0x00,0xEE,0x00,0x08,0x04,0x75,0x00,0x08,0x78,
  0x03,0x00,0x2C,0x50,0x01,0x00,0x08,0x7C,0x00,0x00,0x08,0x05,0x02,0x00,0x2D,0x52,
  0x00,0x00,0x08,0x7D,0x47,0x02,0x08,0x04,0x78,0x00,0x2C,0x4E,0x00,0x00,0x08,0x7C,
  0x00,0x00,0x08,0x05,0x02,0x00,0x2D,0x50,0x00,0x00,0x08,0x7D,0x5B,0x01,0x08,0x00,
  0xEE,0x00,0x08,0x04,0x75,0x00,0x08,0x78,0x03,0x00,0x2C,0x4C,0x01,0x00,0x08,0x7C,
  0x00,0x00,0x08,0x05,0x02,0x00,0x2D,0x4E,0x00,0x00,0x08,0x7D,0x47,0x02,0x08,0x04,
  0x77,0x00,0x2C,0x49,0x01,0x00,0x08,0x7C,0x00,0x00,0x08,0x05,0x02,0x00,0x2D,0x4C,
  0x00,0x00,0x08,0x7D,0x5C,0x01,0x08,0x00,0xED,0x00,0x08,0x04,0x75,0x00,0x08,0x78,
  0x04,0x00,0x2C,0x4C,0x00,0x00,0x08,0x7C,0x00,0x00,0x08,0x05,0x02,0x00,0x2D,0x50,
  0x01,0x00,0x08,0x7D,0xBD,0x02,0x08,0x05,0x02,0x00,0x2D,0x4E,0x00,0x00,0x08,0x7D,
  0x73,0x00,0x08,0x04,0x77,0x00,0x2C,0x50,0x01,0x00,0x08,0x7C,0x72,0x00,0x08,0x00,
  0x62,0x01,0x08,0x78,0x03,0x00,0x08,0x05,0x02,0x00,0x2D,0x4C,0x00,0x00,0x08,0x7D,
  0x5D,0x01,0x08,0x04,0x77,0x00,0x2C,0x59,0x01,0x00,0x08,0x7C,0xEA,0x00,0x08,0x05,
  0x01,0x00,0x2D,0x49,0x01,0x00,0x08,0x7D,0x5D,0x01,0x08,0x00,0xED,0x00,0x08,0x04,
  0x75,0x00,0x08,0x78,0x04,0x00,0x2C,0x49,0x00,0x00,0x08,0x7C,0x01,0x00,0x08,0x05,
  0x01,0x00,0x2D,0x4C,0x01,0x00,0x08,0x7D,0x32,0x03,0x08,0x04,0x78,0x00,0x2C,0x4E,
  0x00,0x00,0x08,0x7C,0x00,0x00,0x08,0x05,0x02,0x00,0x2D,0x50,0x00,0x00,0x08,0x7D,
  0x70,0x00,0x08,0x00,0x63,0x01,0x08,0x78,0x61,0x01,0x08,0x04,0x78,0x00,0x2C,0x58,
  0x00,0x00,0x08,0x7C,0x00,0x00,0x08,0x05,0x02,0x00,0x2D,0x59,0x01,0x00,0x08,0x7D,
  0x46,0x02,0x08,0x00,0xED,0x00,0x08,0x04,0x76,0x00,0x08,0x78,0x03,0x00,0x2C,0x4C,
  0x00,0x00,0x08,0x7C,0x01,0x00,0x08,0x05,0x02,0x00,0x2D,0x49,0x00,0x00,0x08,0x7D,
  0x33,0x03,0x08,0x04,0x78,0x00,0x2C,0x50,0x00,0x00,0x08,0x7C,0x00,0x00,0x08,0x05,
  0x02,0x00,0x2D,0x4E,0x00,0x00,0x08,0x7D,0x6F,0x00,0x08,0x00,0x63,0x01,0x08,0x78,
  0x62,0x01,0x08,0x04,0x77,0x00,0x2C,0x59,0x00,0x00,0x08,0x7C,0x00,0x00,0x08,0x05,
  0x02,0x00,0x2D,0x58,0x01,0x00,0x08,0x7D,0x46,0x02,0x08,0x00,0xEE,0x00,0x08,0x04,
  0x75,0x00,0x08,0x78,0x04,0x00,0x2C,0x5C,0x00,0x00,0x08,0x7C,0x01,0x00,0x08,0x05,
  0x02,0x00,0x2D,0x4C,0x00,0x00,0x08,0x7D,0xA8,0x03,0x08,0x05,0x02,0x00,0x2D,0x50,
  0x00,0x00,0x08,0x7D,0x71,0x00,0x08,0x00,0x63,0x01,0x08,0x78,0xD8,0x01,0x08,0x05,
  0x02,0x00,0x2D,0x59,0x00,0x00,0x08,0x7D,0x48,0x02,0x08,0x00,0x63,0x01,0x08,0x78,
  0x02,0x00,0x08,0x05,0x03,0x00,0x2D,0x5C,0x00,0x00,0x08,0x7D,0xBF,0x02,0x34,0x54,
  0x00,0x00,0x2C,0x5A,0x76,0x00,0x34,0xB0,0x00,0x00,0x2C,0x59,0x75,0x00,0x34,0x0C,
  0x74,0x00,0x08,0x00,0x02,0x00,0x34,0x68,0x00,0x00,0x2C,0x58,0x76,0x00,0x34,0xC4,
  0x00,0x00,0x2C,0x56,0x75,0x00,0x34,0xE8,0x01,0x00,0x2C,0x55,0x75,0x00,0x28,0x2E,
  0x00,0x00,0x08,0x78,0x03,0x00,0x79,0x00,0x05,0x00,0x79,0x0A,0x00,0x00,0x21,0x7A,
  0x01,0x00,0x29,0x3E,0x01,0x00,0x08,0x79,0x03,0x00,0x7A,0x00,0x04,0x00,0x7A,0x0A,
  0x01,0x00,0x2A,0x38,0x00,0x00,0x08,0x7A,0x03,0x00,0x43,0x31,0x00,0x00,0x4B,0x73,
  0x00,0x00,0x53,0x25,0x00,0x00,0x5B,0x41,0x01,0x00,0x63,0x29,0x00,0x00,0x6B,0x1F,
  0x00,0x00,0x73,0x27,0x00,0x00,0x7B,0x00,0x00,0x00,0x83,0x5F,0x01,0x00,0x8B,0x1F,
  0x00,0x00,0x93,0x1F,0x00,0x00,0x9B,0x1C,0x00,0x00,0xA3,0x08,0x00,0x00,0xAB,0x04,
  0x01,0x00,0xB3,0x05,0x00,0x00,0xBB,0x0A,0x00,0x00,0xC3,0x01,0x00,0x00,0xCB,0x00,
  0x00,0x00,0xD3,0x02,0x01,0x00,0xDB,0x02,0x00,0x00,0xE3,0x25,0x00,0x00,0xEB,0x15,
  0x00,0x00,0xF3,0x25,0x00,0x00,0xFB,0x06,0x01,0x00,0x3B,0x00,0x01,0x00,0x7B,0x0A,
  0x01,0x00,0x33,0x2C,0x00,0x00,0x2B,0x3E,0x00,0x00,0x08,0x7B,0x01,0x00,0x34,0x0C,
  0x59,0x00,0x34,0x30,0x00,0x00,0x2C,0x54,0x76,0x00,0x34,0x54,0x00,0x00,0x2C,0x52,
  0x76,0x00,0x34,0x78,0x00,0x00,0x2C,0x51,0x75,0x00,0x34,0x9C,0x00,0x00,0x2C,0x50,
  0x76,0x00,0x34,0xC0,0x00,0x00,0x2C,0x4E,0x76,0x00,0x34,0xE4,0x00,0x00,0x2C,0x4D,
  0x76,0x00,0x34,0x40,0x75,0x00,0x34,0x9C,0x01,0x00,0x2C,0x4C,0x76,0x00,0x6C,0x12,
  0x00,0x00,0x74,0x1C,0x01,0x00,0x7C,0x12,0x00,0x00,0x34,0xF8,0x00,0x00,0x2C,0x4A,
  0x74,0x00,0x34,0x14,0x00,0x00,0x2C,0x4C,0x75,0x00,0x08,0x04,0x01,0x00,0x34,0x30,
  0x77,0x00,0x44,0x74,0x00,0x00,0x4C,0x34,0x01,0x00,0x54,0x74,0x00,0x00,0x5C,0x34,
  0x00,0x00,0x64,0x16,0x00,0x00,0x6C,0x17,0x00,0x00,0x74,0x00,0x01,0x00,0x7C,0x00,
  0x00,0x00,0x8C,0x1F,0x00,0x00,0x94,0x12,0x00,0x00,0x9C,0x1F,0x02,0x00,0xD4,0x01,
  0x00,0x00,0xDC,0x01,0x00,0x00,0xE4,0x00,0x01,0x00,0xEC,0x00,0x00,0x00,0xF4,0x36,
  0x00,0x00,0xFC,0x36,0x01,0x00,0x74,0x10,0x00,0x00,0x7C,0x10,0x01,0x00,0x24,0xEC,
  0x00,0x00,0x34,0x14,0x01,0x00,0x2C,0x18,0x00,0x00,0x08,0x7C,0x56,0x01,0x08,0x01,
  0x01,0x00,0x08,0x02,0x00,0x00,0x08,0x03,0x62,0x01,0x35,0x68,0x00,0x00,0x2D,0x5A,
  0x76,0x00,0x35,0xC4,0x00,0x00,0x2D,0x59,0x76,0x00,0x35,0x20,0x73,0x00,0x08,0x00,
  0x03,0x00,0x35,0x7C,0x00,0x00,0x2D,0x58,0x76,0x00,0x35,0xD8,0x00,0x00,0x2D,0x56,
  0x75,0x00,0x35,0xFC,0x01,0x00,0x2D,0x55,0x74,0x00,0x08,0x78,0x01,0x00,0x08,0x79,
  0x02,0x00,0x08,0x7A,0x02,0x00,0x08,0x7B,0x01,0x00,0x35,0x20,0x71,0x00,0x35,0x44,
  0x00,0x00,0x2D,0x54,0x76,0x00,0x35,0x68,0x00,0x00,0x2D,0x52,0x75,0x00,0x35,0x8C,
  0x01,0x00,0x2D,0x51,0x75,0x00,0x35,0xB0,0x00,0x00,0x2D,0x50,0x76,0x00,0x35,0xD4,
  0x00,0x00,0x2D,0x4E,0x76,0x00,0x35,0xF8,0x00,0x00,0x2D,0x4D,0x73,0x00,0x08,0x01,
  0x00,0x00,0x08,0x02,0x01,0x00,0x08,0x03,0x02,0x00,0x35,0x54,0x75,0x00,0x35,0xB0,
  0x00,0x00,0x2D,0x4C,0x73,0x00,0x08,0x00,0x04,0x00,0x6D,0x20,0x00,0x00,0x75,0x2A,
  0x00,0x00,0x7D,0x20,0x01,0x00,0x35,0x0C,0x74,0x00,0x35,0x28,0x75,0x00,0x35,0x44,
  0x75,0x00,0x08,0x78,0x01,0x00,0x08,0x79,0x02,0x00,0x08,0x7A,0x02,0x00,0x08,0x7B,
  0x00,0x00,0x08,0x05,0x02,0x00,0x45,0x74,0x00,0x00,0x4D,0x34,0x01,0x00,0x55,0x74,
  0x00,0x00,0x5D,0x34,0x00,0x00,0x65,0x16,0x00,0x00,0x6D,0x17,0x00,0x00,0x75,0x00,
  0x01,0x00,0x7D,0x00,0x00,0x00,0x8D,0x1F,0x00,0x00,0x95,0x12,0x00,0x00,0x9D,0x1F,
  0x02,0x00,0xD5,0x01,0x00,0x00,0xDD,0x01,0x00,0x00,0xE5,0x00,0x00,0x00,0xED,0x00,
  0x00,0x00,0xF5,0x36,0x01,0x00,0xFD,0x36,0x01,0x00,0x75,0x10,0x00,0x00,0x7D,0x10,
  0x01,0x00,0x25,0xEC,0x01,0x00,0x35,0x28,0x00,0x00,0x2D,0x18,0x00,0x00,0x08,0x7D,
  0x28,0x03,0x08,0x01,0x01,0x00,0x08,0x02,0x01,0x00,0x08,0x03,0x01,0x00,0x34,0x28,
  0x75,0x00,0x34,0x40,0x73,0x00,0x08,0x00,0x03,0x00,0x34,0x58,0x75,0x00,0x34,0x70,
  0x76,0x00,0x34,0x58,0x75,0x00,0x08,0x78,0x01,0x00,0x08,0x79,0x02,0x00,0x08,0x7A,
  0x02,0x00,0x08,0x7B,0x01,0x00,0x34,0x40,0x70,0x00,0x34,0x28,0x76,0x00,0x34,0x14,
  0x76,0x00,0x34,0xFC,0x00,0x00,0x2C,0x16,0x76,0x00,0x34,0xE4,0x76,0x00,0x34,0xCC,
  0x75,0x00,0x34,0xB8,0x74,0x00,0x08,0x01,0x01,0x00,0x08,0x02,0x01,0x00,0x08,0x03,
  0x01,0x00,0x34,0xCC,0x75,0x00,0x34,0xE4,0x73,0x00,0x08,0x00,0x03,0x00,0x34,0xFC,
  0x75,0x00,0x34,0x14,0x00,0x00,0x2C,0x18,0x76,0x00,0x34,0x28,0x75,0x00,0x08,0x78,
  0x01,0x00,0x29,0x42,0x01,0x00,0x08,0x79,0x02,0x00,0x2A,0x3C,0x00,0x00,0x08,0x7A,
  0x02,0x00,0x2B,0x42,0x00,0x00,0x08,0x7B,0x01,0x00,0x34,0x40,0x6F,0x00,0x34,0x58,
  0x76,0x00,0x34,0x70,0x76,0x00,0x34,0x58,0x76,0x00,0x34,0x40,0x76,0x00,0x34,0x28,
  0x75,0x00,0x34,0x14,0x76,0x00,0x34,0xFC,0x00,0x00,0x2C,0x16,0x01,0x00,0x35,0x3C,
  0x75,0x00,0x34,0xE4,0x01,0x00,0x35,0x54,0x72,0x00,0x08,0x00,0x03,0x00,0x34,0xCC,
  0x01,0x00,0x35,0x6C,0x74,0x00,0x34,0xB8,0x01,0x00,0x35,0x84,0x75,0x00,0x34,0xCC,
  0x01,0x00,0x35,0x6C,0x74,0x00,0x08,0x78,0x02,0x00,0x34,0xE4,0x01,0x00,0x35,0x54,
  0x74,0x00,0x34,0xFC,0x01,0x00,0x35,0x3C,0x75,0x00,0x34,0x14,0x00,0x00,0x2C,0x18,
  0x01,0x00,0x35,0x28,0x72,0x00,0x08,0x01,0x01,0x00,0x08,0x02,0x01,0x00,0x08,0x03,
  0x01,0x00,0x34,0x28,0x01,0x00,0x35,0x10,0x74,0x00,0x34,0x40,0x01,0x00,0x35,0xF8,
  0x00,0x00,0x2D,0x16,0x75,0x00,0x34,0x58,0x01,0x00,0x35,0xE0,0x75,0x00,0x34,0x70,
  0x01,0x00,0x35,0xCC,0x74,0x00,0x34,0x58,0x01,0x00,0x35,0xE0,0x75,0x00,0x34,0x40,
  0x01,0x00,0x35,0xF8,0x72,0x00,0x08,0x00,0x03,0x00,0x34,0x28,0x01,0x00,0x35,0x10,
  0x00,0x00,0x2D,0x18,0x75,0x00,0x34,0x14,0x01,0x00,0x35,0x28,0x74,0x00,0x34,0xFC,
  0x00,0x00,0x2C,0x16,0x01,0x00,0x35,0x3C,0x74,0x00,0x08,0x78,0x03,0x00,0x34,0xE4,
  0x01,0x00,0x35,0x54,0x73,0x00,0x34,0xCC,0x01,0x00,0x35,0x6C,0x74,0x00,0x34,0xB8,
  0x02,0x00,0x35,0x84,0x74,0x00,0x34,0xCC,0x02,0x00,0x35,0x6C,0x74,0x00,0x34,0xE4,
  0x01,0x00,0x35,0x54,0x75,0x00,0x34,0xFC,0x01,0x00,0x35,0x3C,0x75,0x00,0x34,0x14,
  0x00,0x00,0x2C,0x18,0x01,0x00,0x35,0x28,0x75,0x00,0x34,0x28,0x01,0x00,0x35,0x10,
  0x74,0x00,0x34,0x40,0x01,0x00,0x35,0xF8,0x00,0x00,0x2D,0x16,0x73,0x00,0x08,0x00,
  0x02,0x00,0x34,0x58,0x01,0x00,0x35,0xE0,0x75,0x00,0x34,0x70,0x01,0x00,0x35,0xCC,
  0x74,0x00,0x34,0x58,0x01,0x00,0x35,0xE0,0x74,0x00,0x08,0x78,0x02,0x00,0x29,0x3E,
  0x00,0x00,0x08,0x79,0x02,0x00,0x2A,0x38,0x00,0x00,0x08,0x7A,0x02,0x00,0x2B,0x3E,
  0x00,0x00,0x08,0x7B,0x01,0x00,0x34,0x40,0x01,0x00,0x35,0xF8,0x6F,0x00,0x34,0x28,
  0x01,0x00,0x35,0x10,0x00,0x00,0x2D,0x18,0x75,0x00,0x34,0x14,0x01,0x00,0x35,0x28,
  0x75,0x00,0x34,0xFC,0x00,0x00,0x2C,0x16,0x00,0x00,0x35,0x3C,0x75,0x00,0x34,0xE4,
  0x01,0x00,0x35,0x54,0x75,0x00,0x34,0xCC,0x01,0x00,0x35,0x6C,0x75,0x00,0x34,0xB8,
  0x01,0x00,0x35,0x84,0x75,0x00,0x34,0xCC,0x01,0x00,0x35,0x6C,0x74,0x00,0x34,0xE4,
  0x01,0x00,0x35,0x54,0x73,0x00,0x08,0x00,0x02,0x00,0x34,0xFC,0x01,0x00,0x35,0x3C,
  0x75,0x00,0x34,0x14,0x00,0x00,0x2C,0x18,0x01,0x00,0x35,0x28,0x75,0x00,0x34,0x28,
  0x01,0x00,0x35,0x10,0x74,0x00,0x08,0x78,0x02,0x00,0x34,0x40,0x01,0x00,0x35,0xF8,
  0x00,0x00,0x2D,0x16,0x73,0x00,0x34,0x58,0x01,0x00,0x35,0xE0,0x75,0x00,0x34,0x70,
  0x01,0x00,0x35,0xCC,0x72,0x00,0x08,0x01,0x02,0x00,0x08,0x02,0x00,0x00,0x08,0x03,
  0x01,0x00,0x34,0x58,0x01,0x00,0x35,0xE0,0x74,0x00,0x34,0x40,0x02,0x00,0x35,0xF8,
  0x74,0x00,0x34,0x28,0x01,0x00,0x35,0x10,0x00,0x00,0x2D,0x18,0x75,0x00,0x34,0x14,
  0x01,0x00,0x35,0x28,0x75,0x00,0x34,0xFC,0x00,0x00,0x2C,0x16,0x01,0x00,0x35,0x3C,
  0x74,0x00,0x34,0xE4,0x01,0x00,0x35,0x54,0x73,0x00,0x08,0x00,0x03,0x00,0x34,0xCC,
  0x00,0x00,0x35,0x6C,0x75,0x00,0x34,0xB8,0x01,0x00,0x35,0x84,0x75,0x00,0x34,0xCC,
  0x01,0x00,0x35,0x6C,0x73,0x00,0x08,0x78,0x02,0x00,0x08,0x79,0x02,0x00,0x08,0x7A,
  0x01,0x00,0x08,0x7B,0x01,0x00,0x34,0xE4,0x01,0x00,0x35,0x54,0x70,0x00,0x34,0xFC,
  0x01,0x00,0x35,0x3C,0x75,0x00,0x34,0x14,0x00,0x00,0x2C,0x18,0x01,0x00,0x35,0x28,
  0x75,0x00,0x34,0x28,0x01,0x00,0x35,0x10,0x74,0x00,0x34,0x40,0x01,0x00,0x35,0xF8,
  0x01,0x00,0x2D,0x16,0x74,0x00,0x34,0x58,0x01,0x00,0x35,0xE0,0x75,0x00,0x34,0x70,
  0x01,0x00,0x35,0xCC,0x73,0x00,0x08,0x01,0x01,0x00,0x08,0x02,0x00,0x00,0x08,0x03,
  0x02,0x00,0x34,0x58,0x01,0x00,0x35,0xE0,0x73,0x00,0x34,0x40,0x02,0x00,0x35,0xF8,
  0x72,0x00,0x08,0x00,0x02,0x00,0x34,0x28,0x02,0x00,0x35,0x10,0x00,0x00,0x2D,0x18,
  0x74,0x00,0x34,0x14,0x01,0x00,0x35,0x28,0x75,0x00,0x34,0xFC,0x00,0x00,0x2C,0x16,
  0x01,0x00,0x35,0x3C,0x74,0x00,0x08,0x78,0x01,0x00,0x29,0x42,0x01,0x00,0x08,0x79,
  0x01,0x00,0x2A,0x3C,0x01,0x00,0x08,0x7A,0x01,0x00,0x2B,0x42,0x01,0x00,0x08,0x7B,
  0x01,0x00,0x34,0xE4,0x01,0x00,0x35,0x54,0x6E,0x00,0x34,0xCC,0x01,0x00,0x35,0x6C,
  0x75,0x00,0x34,0xB8,0x01,0x00,0x35,0x84,0x75,0x00,0x34,0xCC,0x01,0x00,0x35,0x6C,
  0x75,0x00,0x34,0xE4,0x01,0x00,0x35,0x54,0x74,0x00,0x34,0xFC,0x01,0x00,0x35,0x3C,
  0x75,0x00,0x34,0x14,0x00,0x00,0x2C,0x18,0x01,0x00,0x35,0x28,0x75,0x00,0x34,0x28,
  0x01,0x00,0x35,0x10,0x74,0x00,0x34,0x40,0x02,0x00,0x35,0xF8,0x00,0x00,0x2D,0x16,
  0x72,0x00,0x08,0x00,0x03,0x00,0x34,0x58,0x00,0x00,0x35,0xE0,0x75,0x00,0x34,0x70,
  0x01,0x00,0x35,0xCC,0x75,0x00,0x34,0x58,0x01,0x00,0x35,0xE0,0x74,0x00,0x08,0x78,
  0x02,0x00,0x34,0x40,0x01,0x00,0x35,0xF8,0x74,0x00,0x34,0x28,0x00,0x00,0x35,0x10,
  0x01,0x00,0x2D,0x18,0x74,0x00,0x34,0x14,0x01,0x00,0x35,0x28,0x73,0x00,0x08,0x01,
  0x01,0x00,0x08,0x02,0x00,0x00,0x08,0x03,0x02,0x00,0x34,0xFC,0x00,0x00,0x2C,0x16,
  0x01,0x00,0x35,0x3C,0x74,0x00,0x34,0xE4,0x01,0x00,0x35,0x54,0x74,0x00,0x34,0xCC,
  0x02,0x00,0x35,0x6C,0x74,0x00,0x34,0xB8,0x01,0x00,0x35,0x84,0x75,0x00,0x34,0xCC,
  0x01,0x00,0x35,0x6C,0x75,0x00,0x34,0xE4,0x01,0x00,0x35,0x54,0x72,0x00,0x08,0x00,
  0x03,0x00,0x34,0xFC,0x01,0x00,0x35,0x3C,0x74,0x00,0x34,0x14,0x00,0x00,0x2C,0x18,
  0x01,0x00,0x35,0x28,0x75,0x00,0x34,0x28,0x01,0x00,0x35,0x10,0x74,0x00,0x08,0x78,
  0x03,0x00,0x34,0x40,0x01,0x00,0x35,0xF8,0x00,0x00,0x2D,0x16,0x72,0x00,0x34,0x58,
  0x02,0x00,0x35,0xE0,0x74,0x00,0x34,0x70,0x01,0x00,0x35,0xCC,0x75,0x00,0x34,0x58,
  0x01,0x00,0x35,0xE0,0x75,0x00,0x34,0x40,0x01,0x00,0x35,0xF8,0x74,0x00,0x34,0x28,
  0x02,0x00,0x35,0x10,0x00,0x00,0x2D,0x18,0x74,0x00,0x34,0x14,0x02,0x00,0x35,0x28,
  0x74,0x00,0x34,0xFC,0x00,0x00,0x2C,0x16,0x01,0x00,0x35,0x3C,0x75,0x00,0x34,0xE4,
  0x01,0x00,0x35,0x54,0x72,0x00,0x08,0x00,0x03,0x00,0x34,0xCC,0x01,0x00,0x35,0x6C,
  0x74,0x00,0x34,0xB8,0x01,0x00,0x35,0x84,0x75,0x00,0x34,0xCC,0x01,0x00,0x35,0x6C,
  0x74,0x00,0x08,0x78,0x02,0x00,0x29,0x45,0x00,0x00,0x08,0x79,0x02,0x00,0x2A,0x3E,
  0x00,0x00,0x08,0x7A,0x02,0x00,0x2B,0x45,0x00,0x00,0x08,0x7B,0x01,0x00,0x34,0xE4,
  0x01,0x00,0x35,0x54,0x6F,0x00,0x34,0xFC,0x01,0x00,0x35,0x3C,0x75,0x00,0x34,0x14,
  0x00,0x00,0x2C,0x18,0x00,0x00,0x35,0x28,0x75,0x00,0x34,0x28,0x01,0x00,0x35,0x10,
  0x75,0x00,0x34,0x40,0x01,0x00,0x35,0xF8,0x00,0x00,0x2D,0x16,0x75,0x00,0x34,0x58,
  0x01,0x00,0x35,0xE0,0x74,0x00,0x34,0x70,0x02,0x00,0x35,0xCC,0x74,0x00,0x34,0x58,
  0x01,0x00,0x35,0xE0,0x75,0x00,0x34,0x40,0x01,0x00,0x35,0xF8,0x72,0x00,0x08,0x00,
  0x03,0x00,0x34,0x28,0x01,0x00,0x35,0x10,0x00,0x00,0x2D,0x18,0x74,0x00,0x34,0x14,
  0x02,0x00,0x35,0x28,0x74,0x00,0x34,0xFC,0x00,0x00,0x2C,0x16,0x01,0x00,0x35,0x3C,
  0x74,0x00,0x08,0x78,0x02,0x00,0x08,0x04,0x01,0x00,0x34,0xE4,0x01,0x00,0x35,0x54,
  0x73,0x00,0x34,0xCC,0x01,0x00,0x35,0x6C,0x75,0x00,0x34,0xB8,0x01,0x00,0x35,0x84,
  0x72,0x00,0x08,0x01,0x01,0x00,0x08,0x02,0x01,0x00,0x08,0x03,0x01,0x00,0x34,0xCC,
  0x01,0x00,0x35,0x6C,0x74,0x00,0x34,0xE4,0x01,0x00,0x35,0x54,0x75,0x00,0x34,0xFC,
  0x01,0x00,0x35,0x3C,0x75,0x00,0x34,0x14,0x00,0x00,0x2C,0x18,0x01,0x00,0x35,0x28,
  0x74,0x00,0x34,0x28,0x01,0x00,0x35,0x10,0x75,0x00,0x34,0x40,0x01,0x00,0x35,0xF8,
  0x00,0x00,0x2D,0x16,0x73,0x00,0x08,0x00,0x02,0x00,0x34,0x58,0x01,0x00,0x35,0xE0,
  0x75,0x00,0x34,0x70,0x01,0x00,0x35,0xCC,0x74,0x00,0x34,0x58,0x01,0x00,0x35,0xE0,
  0x74,0x00,0x08,0x78,0x02,0x00,0x29,0x3E,0x00,0x00,0x08,0x79,0x02,0x00,0x2A,0x38,
  0x01,0x00,0x08,0x7A,0x02,0x00,0x2B,0x3E,0x00,0x00,0x08,0x7B,0x01,0x00,0x34,0x40,
  0x01,0x00,0x35,0xF8,0x6E,0x00,0x34,0x28,0x01,0x00,0x35,0x10,0x00,0x00,0x2D,0x18,
  0x75,0x00,0x34,0x14,0x01,0x00,0x35,0x28,0x74,0x00,0x34,0xFC,0x01,0x00,0x2C,0x16,
  0x00,0x00,0x35,0x3C,0x75,0x00,0x34,0xE4,0x01,0x00,0x35,0x54,0x75,0x00,0x34,0xCC,
  0x01,0x00,0x35,0x6C,0x75,0x00,0x34,0xB8,0x01,0x00,0x35,0x84,0x74,0x00,0x34,0xCC,
  0x02,0x00,0x35,0x6C,0x74,0x00,0x34,0xE4,0x01,0x00,0x35,0x54,0x73,0x00,0x08,0x00,
  0x02,0x00,0x34,0xFC,0x01,0x00,0x35,0x3C,0x75,0x00,0x34,0x14,0x00,0x00,0x2C,0x18,
  0x01,0x00,0x35,0x28,0x74,0x00,0x34,0x28,0x02,0x00,0x35,0x10,0x73,0x00,0x08,0x78,
  0x04,0x00,0x34,0x14,0x00,0x00,0x2C,0x28,0x00,0x00,0x08,0x7C,0x01,0x00,0x35,0xF8,
  0x00,0x00,0x2D,0x16,0x73,0x00,0x35,0xE0,0x75,0x00,0x35,0xCC,0x74,0x00,0x08,0x01,
  0x00,0x00,0x08,0x02,0x01,0x00,0x08,0x03,0x02,0x00,0x35,0xE0,0x75,0x00,0x35,0xF8,
  0x76,0x00,0x35,0x10,0x00,0x00,0x2D,0x18,0x75,0x00,0x35,0x28,0x76,0x00,0x35,0x3C,
  0x76,0x00,0x35,0x54,0x73,0x00,0x08,0x00,0x03,0x00,0x35,0x6C,0x75,0x00,0x35,0x84,
  0x76,0x00,0x35,0x6C,0x74,0x00,0x08,0x78,0x02,0x00,0x08,0x79,0x02,0x00,0x08,0x7A,
  0x01,0x00,0x08,0x7B,0x02,0x00,0x35,0x54,0x71,0x00,0x35,0x3C,0x75,0x00,0x35,0x28,
  0x76,0x00,0x35,0x10,0x76,0x00,0x35,0xF8,0x00,0x00,0x2D,0x16,0x76,0x00,0x35,0xE0,
  0x75,0x00,0x35,0xCC,0x74,0x00,0x08,0x01,0x01,0x00,0x08,0x02,0x00,0x00,0x08,0x03,
  0x02,0x00,0x35,0xE0,0x75,0x00,0x35,0xF8,0x73,0x00,0x08,0x00,0x03,0x00,0x35,0x10,
  0x00,0x00,0x2D,0x18,0x76,0x00,0x35,0x28,0x75,0x00,0x35,0x3C,0x75,0x00,0x08,0x78,
  0x01,0x00,0x08,0x79,0x02,0x00,0x08,0x7A,0x02,0x00,0x08,0x7B,0x00,0x00,0x08,0x05,
  0x02,0x00,0x35,0x28,0x01,0x00,0x2D,0x28,0x00,0x00,0x08,0x7D,0x2F,0x03,0x08,0x01,
  0x01,0x00,0x08,0x02,0x01,0x00,0x08,0x03,0x01,0x00,0x34,0x28,0x75,0x00,0x34,0x40,
  0x73,0x00,0x08,0x00,0x03,0x00,0x34,0x58,0x75,0x00,0x34,0x70,0x76,0x00,0x34,0x58,
  0x75,0x00,0x08,0x78,0x01,0x00,0x08,0x79,0x02,0x00,0x08,0x7A,0x01,0x00,0x08,0x7B,
  0x02,0x00,0x34,0x40,0x71,0x00,0x34,0x28,0x75,0x00,0x34,0x14,0x76,0x00,0x34,0xFC,
  0x00,0x00,0x2C,0x26,0x76,0x00,0x34,0xE4,0x75,0x00,0x34,0xCC,0x76,0x00,0x34,0xB8,
  0x74,0x00,0x08,0x01,0x01,0x00,0x08,0x02,0x00,0x00,0x08,0x03,0x02,0x00,0x34,0xCC,
  0x75,0x00,0x34,0xE4,0x73,0x00,0x08,0x00,0x03,0x00,0x34,0xFC,0x75,0x00,0x34,0x14,
  0x00,0x00,0x2C,0x28,0x76,0x00,0x34,0x28,0x75,0x00,0x08,0x78,0x02,0x00,0x29,0x42,
  0x00,0x00,0x08,0x79,0x02,0x00,0x2A,0x3C,0x00,0x00,0x08,0x7A,0x02,0x00,0x2B,0x42,
  0x00,0x00,0x08,0x7B,0x01,0x00,0x34,0x40,0x6F,0x00,0x34,0x58,0x76,0x00,0x34,0x70,
  0x76,0x00,0x34,0x58,0x76,0x00,0x34,0x40,0x76,0x00,0x34,0x28,0x75,0x00,0x34,0x14,
  0x76,0x00,0x34,0xFC,0x00,0x00,0x2C,0x26,0x01,0x00,0x35,0x3C,0x75,0x00,0x34,0xE4,
  0x01,0x00,0x35,0x54,0x72,0x00,0x08,0x00,0x03,0x00,0x34,0xCC,0x01,0x00,0x35,0x6C,
  0x74,0x00,0x34,0xB8,0x01,0x00,0x35,0x84,0x75,0x00,0x34,0xCC,0x01,0x00,0x35,0x6C,
  0x74,0x00,0x08,0x78,0x02,0x00,0x34,0xE4,0x01,0x00,0x35,0x54,0x74,0x00,0x34,0xFC,
  0x01,0x00,0x35,0x3C,0x74,0x00,0x34,0x14,0x01,0x00,0x2C,0x28,0x00,0x00,0x35,0x28,
  0x73,0x00,0x08,0x01,0x01,0x00,0x08,0x02,0x01,0x00,0x08,0x03,0x01,0x00,0x34,0x28,
  0x01,0x00,0x35,0x10,0x74,0x00,0x34,0x40,0x01,0x00,0x35,0xF8,0x00,0x00,0x2D,0x26,
  0x75,0x00,0x34,0x58,0x01,0x00,0x35,0xE0,0x74,0x00,0x34,0x70,0x02,0x00,0x35,0xCC,
  0x74,0x00,0x34,0x58,0x01,0x00,0x35,0xE0,0x75,0x00,0x34,0x40,0x01,0x00,0x35,0xF8,
  0x72,0x00,0x08,0x00,0x03,0x00,0x34,0x28,0x01,0x00,0x35,0x10,0x00,0x00,0x2D,0x28,
  0x74,0x00,0x34,0x14,0x01,0x00,0x35,0x28,0x75,0x00,0x34,0xFC,0x00,0x00,0x2C,0x26,
  0x01,0x00,0x35,0x3C,0x74,0x00,0x08,0x78,0x03,0x00,0x34,0xE4,0x01,0x00,0x35,0x54,
  0x73,0x00,0x34,0xCC,0x00,0x00,0x35,0x6C,0x76,0x00,0x34,0xB8,0x00,0x00,0x35,0x84,
  0x75,0x00,0x34,0xCC,0x01,0x00,0x35,0x6C,0x75,0x00,0x34,0xE4,0x01,0x00,0x35,0x54,
  0x75,0x00,0x34,0xFC,0x01,0x00,0x35,0x3C,0x75,0x00,0x34,0x14,0x00,0x00,0x2C,0x28,
  0x01,0x00,0x35,0x28,0x74,0x00,0x34,0x28,0x02,0x00,0x35,0x10,0x74,0x00,0x34,0x40,
  0x01,0x00,0x35,0xF8,0x00,0x00,0x2D,0x26,0x73,0x00,0x08,0x00,0x02,0x00,0x34,0x58,
  0x01,0x00,0x35,0xE0,0x75,0x00,0x34,0x70,0x01,0x00,0x35,0xCC,0x74,0x00,0x34,0x58,
  0x01,0x00,0x35,0xE0,0x74,0x00,0x08,0x78,0x02,0x00,0x29,0x3E,0x00,0x00,0x08,0x79,
  0x02,0x00,0x2A,0x38,0x00,0x00,0x08,0x7A,0x02,0x00,0x2B,0x3E,0x00,0x00,0x08,0x7B,
  0x01,0x00,0x34,0x40,0x01,0x00,0x35,0xF8,0x6E,0x00,0x34,0x28,0x02,0x00,0x35,0x10,
  0x00,0x00,0x2D,0x28,0x75,0x00,0x34,0x14,0x01,0x00,0x35,0x28,0x74,0x00,0x34,0xFC,
  0x01,0x00,0x2C,0x26,0x00,0x00,0x35,0x3C,0x75,0x00,0x34,0xE4,0x01,0x00,0x35,0x54,
  0x75,0x00,0x34,0xCC,0x01,0x00,0x35,0x6C,0x75,0x00,0x34,0xB8,0x01,0x00,0x35,0x84,
  0x74,0x00,0x34,0xCC,0x01,0x00,0x35,0x6C,0x75,0x00,0x34,0xE4,0x01,0x00,0x35,0x54,
  0x73,0x00,0x08,0x00,0x02,0x00,0x34,0xFC,0x01,0x00,0x35,0x3C,0x75,0x00,0x34,0x14,
  0x00,0x00,0x2C,0x28,0x00,0x00,0x35,0x28,0x75,0x00,0x34,0x28,0x01,0x00,0x35,0x10,
  0x74,0x00,0x08,0x78,0x03,0x00,0x34,0x40,0x01,0x00,0x35,0xF8,0x00,0x00,0x2D,0x26,
  0x73,0x00,0x34,0x58,0x01,0x00,0x35,0xE0,0x75,0x00,0x34,0x70,0x01,0x00,0x35,0xCC,
  0x73,0x00,0x08,0x01,0x00,0x00,0x08,0x02,0x01,0x00,0x08,0x03,0x01,0x00,0x34,0x58,
  0x01,0x00,0x35,0xE0,0x74,0x00,0x34,0x40,0x01,0x00,0x35,0xF8,0x75,0x00,0x34,0x28,
  0x01,0x00,0x35,0x10,0x00,0x00,0x2D,0x28,0x75,0x00,0x34,0x14,0x01,0x00,0x35,0x28,
  0x74,0x00,0x34,0xFC,0x01,0x00,0x2C,0x26,0x01,0x00,0x35,0x3C,0x74,0x00,0x34,0xE4,
  0x01,0x00,0x35,0x54,0x73,0x00,0x08,0x00,0x02,0x00,0x34,0xCC,0x01,0x00,0x35,0x6C,
  0x75,0x00,0x34,0xB8,0x01,0x00,0x35,0x84,0x75,0x00,0x34,0xCC,0x01,0x00,0x35,0x6C,
  0x73,0x00,0x08,0x78,0x02,0x00,0x08,0x79,0x02,0x00,0x08,0x7A,0x01,0x00,0x08,0x7B,
  0x01,0x00,0x34,0xE4,0x01,0x00,0x35,0x54,0x70,0x00,0x34,0xFC,0x01,0x00,0x35,0x3C,
  0x75,0x00,0x34,0x14,0x00,0x00,0x2C,0x28,0x01,0x00,0x35,0x28,0x74,0x00,0x34,0x28,
  0x02,0x00,0x35,0x10,0x74,0x00,0x34,0x40,0x01,0x00,0x35,0xF8,0x00,0x00,0x2D,0x26,
  0x75,0x00,0x34,0x58,0x01,0x00,0x35,0xE0,0x75,0x00,0x34,0x70,0x01,0x00,0x35,0xCC,
  0x73,0x00,0x08,0x01,0x01,0x00,0x08,0x02,0x00,0x00,0x08,0x03,0x01,0x00,0x34,0x58,
  0x02,0x00,0x35,0xE0,0x73,0x00,0x34,0x40,0x01,0x00,0x35,0xF8,0x73,0x00,0x08,0x00,
  0x02,0x00,0x34,0x28,0x01,0x00,0x35,0x10,0x01,0x00,0x2D,0x28,0x74,0x00,0x34,0x14,
  0x01,0x00,0x35,0x28,0x75,0x00,0x34,0xFC,0x00,0x00,0x2C,0x26,0x01,0x00,0x35,0x3C,
  0x74,0x00,0x08,0x78,0x01,0x00,0x29,0x42,0x01,0x00,0x08,0x79,0x01,0x00,0x2A,0x3C,
  0x01,0x00,0x08,0x7A,0x01,0x00,0x2B,0x42,0x01,0x00,0x08,0x7B,0x01,0x00,0x34,0xE4,
  0x01,0x00,0x35,0x54,0x6E,0x00,0x34,0xCC,0x01,0x00,0x35,0x6C,0x75,0x00,0x34,0xB8,
  0x01,0x00,0x35,0x84,0x75,0x00,0x34,0xCC,0x01,0x00,0x35,0x6C,0x74,0x00,0x34,0xE4,
  0x02,0x00,0x35,0x54,0x74,0x00,0x34,0xFC,0x01,0x00,0x35,0x3C,0x75,0x00,0x34,0x14,
  0x00,0x00,0x2C,0x28,0x01,0x00,0x35,0x28,0x75,0x00,0x34,0x28,0x01,0x00,0x35,0x10,
  0x74,0x00,0x34,0x40,0x02,0x00,0x35,0xF8,0x00,0x00,0x2D,0x26,0x72,0x00,0x08,0x00,
  0x03,0x00,0x34,0x58,0x01,0x00,0x35,0xE0,0x74,0x00,0x34,0x70,0x01,0x00,0x35,0xCC,
  0x74,0x00,0x34,0x58,0x02,0x00,0x35,0xE0,0x73,0x00,0x08,0x78,0x03,0x00,0x34,0x40,
  0x01,0x00,0x35,0xF8,0x73,0x00,0x34,0x28,0x01,0x00,0x35,0x10,0x00,0x00,0x2D,0x28,
  0x75,0x00,0x34,0x14,0x01,0x00,0x35,0x28,0x73,0x00,0x08,0x01,0x01,0x00,0x08,0x02,
  0x01,0x00,0x08,0x03,0x01,0x00,0x34,0xFC,0x00,0x00,0x2C,0x26,0x01,0x00,0x35,0x3C,
  0x74,0x00,0x34,0xE4,0x01,0x00,0x35,0x54,0x74,0x00,0x34,0xCC,0x01,0x00,0x35,0x6C,
  0x75,0x00,0x34,0xB8,0x01,0x00,0x35,0x84,0x75,0x00,0x34,0xCC,0x01,0x00,0x35,0x6C,
  0x75,0x00,0x34,0xE4,0x00,0x00,0x35,0x54,0x73,0x00,0x08,0x00,0x03,0x00,0x34,0xFC,
  0x01,0x00,0x35,0x3C,0x74,0x00,0x34,0x14,0x00,0x00,0x2C,0x28,0x01,0x00,0x35,0x28,
  0x75,0x00,0x34,0x28,0x01,0x00,0x35,0x10,0x74,0x00,0x28,0x32,0x00,0x00,0x08,0x78,
  0x03,0x00,0x34,0x40,0x01,0x00,0x35,0xF8,0x00,0x00,0x2D,0x26,0x72,0x00,0x34,0x58,
  0x02,0x00,0x35,0xE0,0x74,0x00,0x34,0x70,0x01,0x00,0x35,0xCC,0x75,0x00,0x34,0x58,
  0x01,0x00,0x35,0xE0,0x75,0x00,0x34,0x40,0x01,0x00,0x35,0xF8,0x75,0x00,0x34,0x28,
  0x01,0x00,0x35,0x10,0x00,0x00,0x2D,0x28,0x74,0x00,0x34,0x14,0x01,0x00,0x35,0x28,
  0x75,0x00,0x34,0xFC,0x00,0x00,0x2C,0x26,0x01,0x00,0x35,0x3C,0x75,0x00,0x34,0xE4,
  0x01,0x00,0x35,0x54,0x72,0x00,0x08,0x00,0x03,0x00,0x34,0xCC,0x01,0x00,0x35,0x6C,
  0x74,0x00,0x34,0xB8,0x01,0x00,0x35,0x84,0x75,0x00,0x34,0xCC,0x01,0x00,0x35,0x6C,
  0x74,0x00,0x08,0x78,0x01,0x00,0x29,0x45,0x01,0x00,0x08,0x79,0x02,0x00,0x2A,0x3E,
  0x00,0x00,0x08,0x7A,0x01,0x00,0x2B,0x45,0x01,0x00,0x08,0x7B,0x01,0x00,0x34,0xE4,
  0x01,0x00,0x35,0x54,0x6F,0x00,0x34,0xFC,0x01,0x00,0x35,0x3C,0x74,0x00,0x34,0x14,
  0x01,0x00,0x2C,0x28,0x00,0x00,0x35,0x28,0x75,0x00,0x34,0x28,0x01,0x00,0x35,0x10,
  0x75,0x00,0x34,0x40,0x01,0x00,0x35,0xF8,0x00,0x00,0x2D,0x26,0x75,0x00,0x34,0x58,
  0x00,0x00,0x35,0xE0,0x75,0x00,0x34,0x70,0x02,0x00,0x35,0xCC,0x74,0x00,0x34,0x58,
  0x01,0x00,0x35,0xE0,0x75,0x00,0x34,0x40,0x01,0x00,0x35,0xF8,0x73,0x00,0x08,0x00,
  0x02,0x00,0x34,0x28,0x01,0x00,0x35,0x10,0x00,0x00,0x2D,0x28,0x74,0x00,0x34,0x14,
  0x01,0x00,0x35,0x28,0x75,0x00,0x34,0xFC,0x00,0x00,0x2C,0x26,0x01,0x00,0x35,0x3C,
  0x74,0x00,0x28,0x35,0x00,0x00,0x08,0x78,0x02,0x00,0x08,0x04,0x01,0x00,0x34,0xE4,
  0x01,0x00,0x35,0x54,0x73,0x00,0x34,0xCC,0x01,0x00,0x35,0x6C,0x74,0x00,0x34,0xB8,
  0x02,0x00,0x35,0x84,0x72,0x00,0x08,0x01,0x01,0x00,0x08,0x02,0x01,0x00,0x08,0x03,
  0x01,0x00,0x34,0xCC,0x01,0x00,0x35,0x6C,0x74,0x00,0x34,0xE4,0x01,0x00,0x35,0x54,
  0x75,0x00,0x34,0xFC,0x01,0x00,0x35,0x3C,0x74,0x00,0x34,0x14,0x01,0x00,0x2C,0x28,
  0x01,0x00,0x35,0x28,0x74,0x00,0x34,0x28,0x01,0x00,0x35,0x10,0x75,0x00,0x34,0x40,
  0x01,0x00,0x35,0xF8,0x00,0x00,0x2D,0x26,0x72,0x00,0x08,0x00,0x03,0x00,0x34,0x58,
  0x01,0x00,0x35,0xE0,0x75,0x00,0x34,0x70,0x01,0x00,0x35,0xCC,0x74,0x00,0x34,0x58,
  0x01,0x00,0x35,0xE0,0x74,0x00,0x28,0x2E,0x01,0x00,0x08,0x78,0x02,0x00,0x29,0x3E,
  0x00,0x00,0x08,0x79,0x02,0x00,0x2A,0x38,0x00,0x00,0x08,0x7A,0x02,0x00,0x2B,0x3E,
  0x00,0x00,0x08,0x7B,0x01,0x00,0x34,0x40,0x01,0x00,0x35,0xF8,0x6E,0x00,0x34,0x28,
  0x01,0x00,0x35,0x10,0x00,0x00,0x2D,0x28,0x75,0x00,0x34,0x14,0x01,0x00,0x35,0x28,
  0x74,0x00,0x34,0xFC,0x01,0x00,0x2C,0x26,0x00,0x00,0x35,0x3C,0x75,0x00,0x34,0xE4,
  0x01,0x00,0x35,0x54,0x75,0x00,0x34,0xCC,0x01,0x00,0x35,0x6C,0x75,0x00,0x34,0xB8,
  0x00,0x00,0x35,0x84,0x75,0x00,0x34,0xCC,0x01,0x00,0x35,0x6C,0x75,0x00,0x34,0xE4,
  0x01,0x00,0x35,0x54,0x75,0x00,0x34,0xFC,0x01,0x00,0x35,0x3C,0x75,0x00,0x34,0x14,
  0x00,0x00,0x2C,0x28,0x01,0x00,0x35,0x28,0x74,0x00,0x34,0x28,0x01,0x00,0x35,0x10,
  0x77,0x00,0x34,0x14,0x00,0x00,0x2C,0x2E,0x01,0x00,0x08,0x7C,0x01,0x00,0x35,0xF8,
  0x00,0x00,0x2D,0x26,0x72,0x00,0x35,0xE0,0x76,0x00,0x35,0xCC,0x74,0x00,0x08,0x01,
  0x00,0x00,0x08,0x02,0x01,0x00,0x08,0x03,0x02,0x00,0x35,0xE0,0x75,0x00,0x35,0xF8,
  0x75,0x00,0x35,0x10,0x01,0x00,0x2D,0x28,0x75,0x00,0x35,0x28,0x76,0x00,0x35,0x3C,
  0x76,0x00,0x35,0x54,0x73,0x00,0x08,0x00,0x03,0x00,0x35,0x6C,0x75,0x00,0x35,0x84,
  0x76,0x00,0x35,0x6C,0x74,0x00,0x08,0x78,0x02,0x00,0x08,0x79,0x02,0x00,0x08,0x7A,
  0x01,0x00,0x08,0x7B,0x02,0x00,0x35,0x54,0x71,0x00,0x35,0x3C,0x76,0x00,0x35,0x28,
  0x75,0x00,0x35,0x10,0x76,0x00,0x35,0xF8,0x00,0x00,0x2D,0x26,0x76,0x00,0x35,0xE0,
  0x75,0x00,0x35,0xCC,0x74,0x00,0x08,0x01,0x00,0x00,0x08,0x02,0x01,0x00,0x08,0x03,
  0x02,0x00,0x35,0xE0,0x75,0x00,0x35,0xF8,0x73,0x00,0x08,0x00,0x03,0x00,0x35,0x10,
  0x00,0x00,0x2D,0x28,0x75,0x00,0x35,0x28,0x76,0x00,0x35,0x3C,0x75,0x00,0x08,0x78,
  0x01,0x00,0x08,0x79,0x02,0x00,0x08,0x7A,0x01,0x00,0x08,0x7B,0x01,0x00,0x08,0x05,
  0x02,0x00,0x35,0x28,0x00,0x00,0x2D,0x2E,0x00,0x00,0x08,0x7D,0x30,0x03,0x08,0x01,
  0x01,0x00,0x08,0x02,0x00,0x00,0x08,0x03,0x02,0x00,0x34,0x28,0x74,0x00,0x34,0x40,
  0x74,0x00,0x08,0x00,0x03,0x00,0x34,0x58,0x75,0x00,0x34,0x70,0x75,0x00,0x34,0x58,
  0x76,0x00,0x08,0x78,0x01,0x00,0x08,0x79,0x02,0x00,0x08,0x7A,0x02,0x00,0x08,0x7B,
  0x01,0x00,0x34,0x40,0x70,0x00,0x34,0x28,0x76,0x00,0x34,0x14,0x76,0x00,0x34,0xFC,
  0x00,0x00,0x2C,0x2D,0x76,0x00,0x34,0xE4,0x75,0x00,0x34,0xCC,0x76,0x00,0x34,0xB8,
  0x74,0x00,0x08,0x01,0x01,0x00,0x08,0x02,0x00,0x00,0x08,0x03,0x02,0x00,0x34,0xCC,
  0x75,0x00,0x34,0xE4,0x73,0x00,0x08,0x00,0x03,0x00,0x34,0xFC,0x75,0x00,0x34,0x14,
  0x00,0x00,0x2C,0x2E,0x76,0x00,0x34,0x28,0x75,0x00,0x08,0x78,0x01,0x00,0x29,0x42,
  0x01,0x00,0x08,0x79,0x02,0x00,0x2A,0x3C,0x00,0x00,0x08,0x7A,0x02,0x00,0x2B,0x42,
  0x00,0x00,0x08,0x7B,0x01,0x00,0x34,0x40,0x6F,0x00,0x34,0x58,0x76,0x00,0x34,0x70,
  0x76,0x00,0x34,0x58,0x76,0x00,0x34,0x40,0x75,0x00,0x34,0x28,0x76,0x00,0x34,0x14,
  0x76,0x00,0x34,0xFC,0x00,0x00,0x2C,0x2D,0x01,0x00,0x35,0x3C,0x75,0x00,0x34,0xE4,
  0x01,0x00,0x35,0x54,0x72,0x00,0x08,0x00,0x03,0x00,0x34,0xCC,0x01,0x00,0x35,0x6C,
  0x74,0x00,0x34,0xB8,0x01,0x00,0x35,0x84,0x75,0x00,0x34,0xCC,0x01,0x00,0x35,0x6C,
  0x74,0x00,0x08,0x78,0x02,0x00,0x34,0xE4,0x01,0x00,0x35,0x54,0x74,0x00,0x34,0xFC,
  0x01,0x00,0x35,0x3C,0x74,0x00,0x34,0x14,0x01,0x00,0x2C,0x2E,0x00,0x00,0x35,0x28,
  0x73,0x00,0x08,0x01,0x01,0x00,0x08,0x02,0x01,0x00,0x08,0x03,0x01,0x00,0x34,0x28,
  0x01,0x00,0x35,0x10,0x74,0x00,0x34,0x40,0x01,0x00,0x35,0xF8,0x00,0x00,0x2D,0x2D,
  0x75,0x00,0x34,0x58,0x00,0x00,0x35,0xE0,0x75,0x00,0x34,0x70,0x01,0x00,0x35,0xCC,
  0x75,0x00,0x34,0x58,0x01,0x00,0x35,0xE0,0x75,0x00,0x34,0x40,0x01,0x00,0x35,0xF8,
  0x72,0x00,0x08,0x00,0x03,0x00,0x34,0x28,0x01,0x00,0x35,0x10,0x00,0x00,0x2D,0x2E,
  0x74,0x00,0x34,0x14,0x01,0x00,0x35,0x28,0x75,0x00,0x34,0xFC,0x00,0x00,0x2C,0x2D,
  0x01,0x00,0x35,0x3C,0x74,0x00,0x08,0x78,0x03,0x00,0x34,0xE4,0x01,0x00,0x35,0x54,
  0x73,0x00,0x34,0xCC,0x01,0x00,0x35,0x6C,0x74,0x00,0x34,0xB8,0x02,0x00,0x35,0x84,
  0x74,0x00,0x34,0xCC,0x01,0x00,0x35,0x6C,0x75,0x00,0x34,0xE4,0x01,0x00,0x35,0x54,
  0x75,0x00,0x34,0xFC,0x01,0x00,0x35,0x3C,0x74,0x00,0x34,0x14,0x01,0x00,0x2C,0x2E,
  0x00,0x00,0x35,0x28,0x75,0x00,0x34,0x28,0x01,0x00,0x35,0x10,0x75,0x00,0x34,0x40,
  0x01,0x00,0x35,0xF8,0x00,0x00,0x2D,0x2D,0x72,0x00,0x08,0x00,0x03,0x00,0x34,0x58,
  0x01,0x00,0x35,0xE0,0x75,0x00,0x34,0x70,0x01,0x00,0x35,0xCC,0x74,0x00,0x34,0x58,
  0x01,0x00,0x35,0xE0,0x74,0x00,0x08,0x78,0x02,0x00,0x29,0x3E,0x00,0x00,0x08,0x79,
  0x02,0x00,0x2A,0x38,0x00,0x00,0x08,0x7A,0x02,0x00,0x2B,0x3E,0x00,0x00,0x08,0x7B,
  0x01,0x00,0x34,0x40,0x01,0x00,0x35,0xF8,0x6F,0x00,0x34,0x28,0x01,0x00,0x35,0x10,
  0x00,0x00,0x2D,0x2E,0x75,0x00,0x34,0x14,0x01,0x00,0x35,0x28,0x74,0x00,0x34,0xFC,
  0x00,0x00,0x2C,0x2D,0x01,0x00,0x35,0x3C,0x75,0x00,0x34,0xE4,0x01,0x00,0x35,0x54,
  0x75,0x00,0x34,0xCC,0x01,0x00,0x35,0x6C,0x75,0x00,0x34,0xB8,0x01,0x00,0x35,0x84,
  0x74,0x00,0x34,0xCC,0x01,0x00,0x35,0x6C,0x75,0x00,0x34,0xE4,0x01,0x00,0x35,0x54,
  0x73,0x00,0x08,0x00,0x02,0x00,0x34,0xFC,0x01,0x00,0x35,0x3C,0x75,0x00,0x34,0x14,
  0x00,0x00,0x2C,0x2E,0x00,0x00,0x35,0x28,0x75,0x00,0x34,0x28,0x01,0x00,0x35,0x10,
  0x74,0x00,0x08,0x78,0x03,0x00,0x34,0x40,0x01,0x00,0x35,0xF8,0x00,0x00,0x2D,0x2D,
  0x73,0x00,0x34,0x58,0x01,0x00,0x35,0xE0,0x75,0x00,0x34,0x70,0x01,0x00,0x35,0xCC,
  0x73,0x00,0x08,0x01,0x00,0x00,0x08,0x02,0x01,0x00,0x08,0x03,0x01,0x00,0x34,0x58,
  0x01,0x00,0x35,0xE0,0x74,0x00,0x34,0x40,0x01,0x00,0x35,0xF8,0x75,0x00,0x34,0x28,
  0x01,0x00,0x35,0x10,0x00,0x00,0x2D,0x2E,0x74,0x00,0x34,0x14,0x02,0x00,0x35,0x28,
  0x74,0x00,0x34,0xFC,0x01,0x00,0x2C,0x2D,0x00,0x00,0x35,0x3C,0x75,0x00,0x34,0xE4,
  0x01,0x00,0x35,0x54,0x73,0x00,0x08,0x00,0x02,0x00,0x34,0xCC,0x01,0x00,0x35,0x6C,
  0x75,0x00,0x34,0xB8,0x01,0x00,0x35,0x84,0x74,0x00,0x34,0xCC,0x02,0x00,0x35,0x6C,
  0x73,0x00,0x08,0x78,0x02,0x00,0x08,0x79,0x02,0x00,0x08,0x7A,0x01,0x00,0x08,0x7B,
  0x01,0x00,0x34,0xE4,0x01,0x00,0x35,0x54,0x70,0x00,0x34,0xFC,0x01,0x00,0x35,0x3C,
  0x75,0x00,0x34,0x14,0x00,0x00,0x2C,0x2E,0x01,0x00,0x35,0x28,0x74,0x00,0x34,0x28,
  0x01,0x00,0x35,0x10,0x75,0x00,0x34,0x40,0x01,0x00,0x35,0xF8,0x00,0x00,0x2D,0x2D,
  0x75,0x00,0x34,0x58,0x01,0x00,0x35,0xE0,0x75,0x00,0x34,0x70,0x01,0x00,0x35,0xCC,
  0x73,0x00,0x08,0x01,0x00,0x00,0x08,0x02,0x01,0x00,0x08,0x03,0x01,0x00,0x34,0x58,
  0x01,0x00,0x35,0xE0,0x74,0x00,0x34,0x40,0x01,0x00,0x35,0xF8,0x73,0x00,0x08,0x00,
  0x02,0x00,0x34,0x28,0x01,0x00,0x35,0x10,0x01,0x00,0x2D,0x2E,0x74,0x00,0x34,0x14,
  0x01,0x00,0x35,0x28,0x75,0x00,0x34,0xFC,0x00,0x00,0x2C,0x2D,0x01,0x00,0x35,0x3C,
  0x73,0x00,0x08,0x78,0x02,0x00,0x29,0x42,0x01,0x00,0x08,0x79,0x01,0x00,0x2A,0x3C,
  0x01,0x00,0x08,0x7A,0x01,0x00,0x2B,0x42,0x01,0x00,0x08,0x7B,0x01,0x00,0x34,0xE4,
  0x00,0x00,0x35,0x54,0x6F,0x00,0x34,0xCC,0x01,0x00,0x35,0x6C,0x75,0x00,0x34,0xB8,
  0x01,0x00,0x35,0x84,0x75,0x00,0x34,0xCC,0x01,0x00,0x35,0x6C,0x74,0x00,0x34,0xE4,
  0x01,0x00,0x35,0x54,0x75,0x00,0x34,0xFC,0x01,0x00,0x35,0x3C,0x75,0x00,0x34,0x14,
  0x00,0x00,0x2C,0x2E,0x01,0x00,0x35,0x28,0x74,0x00,0x34,0x28,0x02,0x00,0x35,0x10,
  0x74,0x00,0x34,0x40,0x02,0x00,0x35,0xF8,0x00,0x00,0x2D,0x2D,0x72,0x00,0x08,0x00,
  0x03,0x00,0x34,0x58,0x00,0x00,0x35,0xE0,0x75,0x00,0x34,0x70,0x01,0x00,0x35,0xCC,
  0x75,0x00,0x34,0x58,0x01,0x00,0x35,0xE0,0x74,0x00,0x08,0x78,0x02,0x00,0x34,0x40,
  0x01,0x00,0x35,0xF8,0x73,0x00,0x34,0x28,0x01,0x00,0x35,0x10,0x01,0x00,0x2D,0x2E,
  0x74,0x00,0x34,0x14,0x01,0x00,0x35,0x28,0x73,0x00,0x08,0x01,0x01,0x00,0x08,0x02,
  0x00,0x00,0x08,0x03,0x02,0x00,0x34,0xFC,0x00,0x00,0x2C,0x2D,0x01,0x00,0x35,0x3C,
  0x74,0x00,0x34,0xE4,0x00,0x00,0x35,0x54,0x75,0x00,0x34,0xCC,0x01,0x00,0x35,0x6C,
  0x75,0x00,0x34,0xB8,0x01,0x00,0x35,0x84,0x75,0x00,0x34,0xCC,0x01,0x00,0x35,0x6C,
  0x75,0x00,0x34,0xE4,0x01,0x00,0x35,0x54,0x72,0x00,0x08,0x00,0x02,0x00,0x34,0xFC,
  0x02,0x00,0x35,0x3C,0x74,0x00,0x34,0x14,0x00,0x00,0x2C,0x2E,0x01,0x00,0x35,0x28,
  0x75,0x00,0x34,0x28,0x01,0x00,0x35,0x10,0x74,0x00,0x08,0x78,0x03,0x00,0x34,0x40,
  0x01,0x00,0x35,0xF8,0x00,0x00,0x2D,0x2D,0x72,0x00,0x34,0x58,0x01,0x00,0x35,0xE0,
  0x75,0x00,0x34,0x70,0x01,0x00,0x35,0xCC,0x75,0x00,0x34,0x58,0x01,0x00,0x35,0xE0,
  0x75,0x00,0x34,0x40,0x01,0x00,0x35,0xF8,0x74,0x00,0x34,0x28,0x01,0x00,0x35,0x10,
  0x01,0x00,0x2D,0x2E,0x74,0x00,0x34,0x14,0x01,0x00,0x35,0x28,0x75,0x00,0x34,0xFC,
  0x00,0x00,0x2C,0x2D,0x01,0x00,0x35,0x3C,0x75,0x00,0x34,0xE4,0x01,0x00,0x35,0x54,
  0x72,0x00,0x08,0x00,0x03,0x00,0x34,0xCC,0x01,0x00,0x35,0x6C,0x74,0x00,0x34,0xB8,
  0x01,0x00,0x35,0x84,0x75,0x00,0x34,0xCC,0x01,0x00,0x35,0x6C,0x74,0x00,0x08,0x78,
  0x02,0x00,0x29,0x45,0x00,0x00,0x08,0x79,0x01,0x00,0x2A,0x3E,0x01,0x00,0x08,0x7A,
  0x01,0x00,0x2B,0x45,0x01,0x00,0x08,0x7B,0x01,0x00,0x34,0xE4,0x01,0x00,0x35,0x54,
  0x6F,0x00,0x34,0xFC,0x00,0x00,0x35,0x3C,0x75,0x00,0x34,0x14,0x00,0x00,0x2C,0x2E,
  0x01,0x00,0x35,0x28,0x75,0x00,0x34,0x28,0x01,0x00,0x35,0x10,0x74,0x00,0x34,0x40,
  0x02,0x00,0x35,0xF8,0x00,0x00,0x2D,0x2D,0x74,0x00,0x34,0x58,0x01,0x00,0x35,0xE0,
  0x75,0x00,0x34,0x70,0x01,0x00,0x35,0xCC,0x75,0x00,0x34,0x58,0x01,0x00,0x35,0xE0,
  0x75,0x00,0x34,0x40,0x01,0x00,0x35,0xF8,0x72,0x00,0x08,0x00,0x03,0x00,0x34,0x28,
  0x01,0x00,0x35,0x10,0x00,0x00,0x2D,0x2E,0x74,0x00,0x34,0x14,0x01,0x00,0x35,0x28,
  0x75,0x00,0x34,0xFC,0x00,0x00,0x2C,0x2D,0x01,0x00,0x35,0x3C,0x74,0x00,0x08,0x78,
  0x02,0x00,0x34,0xE4,0x01,0x00,0x35,0x54,0x74,0x00,0x34,0xCC,0x01,0x00,0x35,0x6C,
  0x74,0x00,0x34,0xB8,0x02,0x00,0x35,0x84,0x72,0x00,0x08,0x01,0x01,0x00,0x08,0x02,
  0x01,0x00,0x08,0x03,0x01,0x00,0x34,0xCC,0x01,0x00,0x35,0x6C,0x74,0x00,0x34,0xE4,
  0x01,0x00,0x35,0x54,0x75,0x00,0x34,0xFC,0x01,0x00,0x35,0x3C,0x74,0x00,0x34,0x14,
  0x01,0x00,0x2C,0x2E,0x00,0x00,0x35,0x28,0x75,0x00,0x34,0x28,0x01,0x00,0x35,0x10,
  0x75,0x00,0x34,0x40,0x01,0x00,0x35,0xF8,0x00,0x00,0x2D,0x2D,0x72,0x00,0x08,0x00,
  0x03,0x00,0x34,0x58,0x01,0x00,0x35,0xE0,0x74,0x00,0x34,0x70,0x02,0x00,0x35,0xCC,
  0x74,0x00,0x34,0x58,0x01,0x00,0x35,0xE0,0x74,0x00,0x08,0x78,0x02,0x00,0x29,0x3E,
  0x00,0x00,0x08,0x79,0x02,0x00,0x2A,0x38,0x01,0x00,0x08,0x7A,0x02,0x00,0x2B,0x3E,
  0x00,0x00,0x08,0x7B,0x01,0x00,0x34,0x40,0x01,0x00,0x35,0xF8,0x6E,0x00,0x34,0x28,
  0x01,0x00,0x35,0x10,0x00,0x00,0x2D,0x2E,0x75,0x00,0x34,0x14,0x00,0x00,0x35,0x28,
  0x75,0x00,0x34,0xFC,0x00,0x00,0x2C,0x2D,0x01,0x00,0x35,0x3C,0x75,0x00,0x34,0xE4,
  0x01,0x00,0x35,0x54,0x75,0x00,0x34,0xCC,0x01,0x00,0x35,0x6C,0x75,0x00,0x34,0xB8,
  0x01,0x00,0x35,0x84,0x74,0x00,0x34,0xCC,0x01,0x00,0x35,0x6C,0x75,0x00,0x34,0xE4,
  0x01,0x00,0x35,0x54,0x72,0x00,0x08,0x00,0x03,0x00,0x34,0xFC,0x01,0x00,0x35,0x3C,
  0x75,0x00,0x34,0x14,0x00,0x00,0x2C,0x2E,0x01,0x00,0x35,0x28,0x74,0x00,0x34,0x28,
  0x01,0x00,0x35,0x10,0x74,0x00,0x08,0x78,0x03,0x00,0x34,0x40,0x01,0x00,0x35,0xF8,
  0x01,0x00,0x2D,0x2D,0x72,0x00,0x34,0x58,0x01,0x00,0x35,0xE0,0x75,0x00,0x34,0x70,
  0x01,0x00,0x35,0xCC,0x73,0x00,0x08,0x01,0x00,0x00,0x08,0x02,0x01,0x00,0x08,0x03,
  0x01,0x00,0x34,0x58,0x01,0x00,0x35,0xE0,0x75,0x00,0x34,0x40,0x01,0x00,0x35,0xF8,
  0x74,0x00,0x34,0x28,0x01,0x00,0x35,0x10,0x00,0x00,0x2D,0x2E,0x75,0x00,0x34,0x14,
  0x01,0x00,0x35,0x28,0x74,0x00,0x34,0xFC,0x00,0x00,0x2C,0x2D,0x01,0x00,0x35,0x3C,
  0x75,0x00,0x34,0xE4,0x01,0x00,0x35,0x54,0x73,0x00,0x08,0x00,0x02,0x00,0x34,0xCC,
  0x01,0x00,0x35,0x6C,0x75,0x00,0x34,0xB8,0x01,0x00,0x35,0x84,0x75,0x00,0x34,0xCC,
  0x01,0x00,0x35,0x6C,0x73,0x00,0x08,0x78,0x02,0x00,0x08,0x79,0x02,0x00,0x08,0x7A,
  0x01,0x00,0x08,0x7B,0x01,0x00,0x34,0xE4,0x01,0x00,0x35,0x54,0x70,0x00,0x34,0xFC,
  0x01,0x00,0x35,0x3C,0x75,0x00,0x34,0x14,0x00,0x00,0x2C,0x2E,0x01,0x00,0x35,0x28,
  0x74,0x00,0x34,0x28,0x01,0x00,0x35,0x10,0x75,0x00,0x34,0x40,0x01,0x00,0x35,0xF8,
  0x00,0x00,0x2D,0x2D,0x75,0x00,0x34,0x58,0x01,0x00,0x35,0xE0,0x75,0x00,0x34,0x70,
  0x01,0x00,0x35,0xCC,0x73,0x00,0x08,0x01,0x00,0x00,0x08,0x02,0x01,0x00,0x08,0x03,
  0x01,0x00,0x34,0x58,0x01,0x00,0x35,0xE0,0x74,0x00,0x34,0x40,0x01,0x00,0x35,0xF8,
  0x73,0x00,0x08,0x00,0x02,0x00,0x34,0x28,0x01,0x00,0x35,0x10,0x01,0x00,0x2D,0x2E,
  0x74,0x00,0x34,0x14,0x01,0x00,0x35,0x28,0x75,0x00,0x34,0xFC,0x00,0x00,0x2C,0x2D,
  0x01,0x00,0x35,0x3C,0x74,0x00,0x08,0x78,0x02,0x00,0x08,0x79,0x01,0x00,0x08,0x7A,
  0x02,0x00,0x08,0x7B,0x01,0x00,0x34,0xE4,0x01,0x00,0x35,0x54,0x6F,0x00,0x34,0xCC,
  0x01,0x00,0x35,0x6C,0x75,0x00,0x34,0xB8,0x01,0x00,0x35,0x84,0x75,0x00,0x34,0xCC,
  0x01,0x00,0x35,0x6C,0x74,0x00,0x34,0xE4,0x01,0x00,0x35,0x54,0x75,0x00,0x34,0xFC,
  0x01,0x00,0x35,0x3C,0x75,0x00,0x34,0x14,0x00,0x00,0x2C,0x2E,0x01,0x00,0x35,0x28,
  0x73,0x00,0x08,0x01,0x01,0x00,0x08,0x02,0x00,0x00,0x08,0x03,0x01,0x00,0x34,0x28,
  0x02,0x00,0x35,0x10,0x73,0x00,0x34,0x40,0x01,0x00,0x35,0xF8,0x01,0x00,0x2D,0x2D,
  0x72,0x00,0x08,0x00,0x03,0x00,0x34,0x58,0x01,0x00,0x35,0xE0,0x74,0x00,0x34,0x70,
  0x01,0x00,0x35,0xCC,0x75,0x00,0x34,0x58,0x01,0x00,0x35,0xE0,0x74,0x00,0x08,0x78,
  0x01,0x00,0x08,0x79,0x02,0x00,0x08,0x7A,0x01,0x00,0x08,0x7B,0x01,0x00,0x34,0x40,
  0x01,0x00,0x35,0xF8,0x70,0x00,0x34,0x28,0x01,0x00,0x35,0x10,0x01,0x00,0x2D,0x2E,
  0x74,0x00,0x34,0x14,0x01,0x00,0x35,0x28,0x75,0x00,0x34,0xFC,0x00,0x00,0x2C,0x2D,
  0x01,0x00,0x35,0x3C,0x74,0x00,0x34,0xE4,0x02,0x00,0x35,0x54,0x74,0x00,0x34,0xCC,
  0x01,0x00,0x35,0x6C,0x75,0x00,0x34,0xB8,0x01,0x00,0x35,0x84,0x73,0x00,0x08,0x01,
  0x01,0x00,0x08,0x02,0x00,0x00,0x08,0x03,0x02,0x00,0x34,0xCC,0x01,0x00,0x35,0x6C,
  0x74,0x00,0x34,0xE4,0x01,0x00,0x35,0x54,0x72,0x00,0x08,0x00,0x02,0x00,0x34,0xFC,
  0x02,0x00,0x35,0x3C,0x74,0x00,0x34,0x14,0x00,0x00,0x2C,0x2E,0x01,0x00,0x35,0x28,
  0x75,0x00,0x34,0x28,0x01,0x00,0x35,0x10,0x73,0x00,0x08,0x78,0x02,0x00,0x29,0x42,
  0x01,0x00,0x08,0x79,0x02,0x00,0x2A,0x3C,0x00,0x00,0x08,0x7A,0x02,0x00,0x2B,0x42,
  0x00,0x00,0x08,0x7B,0x01,0x00,0x34,0x40,0x01,0x00,0x35,0xF8,0x00,0x00,0x2D,0x2D,
  0x6E,0x00,0x34,0x58,0x01,0x00,0x35,0xE0,0x75,0x00,0x34,0x70,0x01,0x00,0x35,0xCC,
  0x75,0x00,0x34,0x58,0x01,0x00,0x35,0xE0,0x75,0x00,0x34,0x40,0x01,0x00,0x35,0xF8,
  0x74,0x00,0x34,0x28,0x02,0x00,0x35,0x10,0x00,0x00,0x2D,0x2E,0x74,0x00,0x34,0x14,
  0x01,0x00,0x35,0x28,0x75,0x00,0x34,0xFC,0x00,0x00,0x2C,0x2D,0x01,0x00,0x35,0x3C,
  0x75,0x00,0x34,0xE4,0x01,0x00,0x35,0x54,0x72,0x00,0x08,0x00,0x03,0x00,0x34,0xCC,
  0x01,0x00,0x35,0x6C,0x74,0x00,0x34,0xB8,0x01,0x00,0x35,0x84,0x75,0x00,0x34,0xCC,
  0x01,0x00,0x35,0x6C,0x74,0x00,0x08,0x78,0x02,0x00,0x34,0xE4,0x01,0x00,0x35,0x54,
  0x74,0x00,0x34,0xFC,0x00,0x00,0x35,0x3C,0x75,0x00,0x34,0x14,0x00,0x00,0x2C,0x2E,
  0x01,0x00,0x35,0x28,0x73,0x00,0x08,0x01,0x01,0x00,0x08,0x02,0x01,0x00,0x08,0x03,
  0x01,0x00,0x34,0x28,0x01,0x00,0x35,0x10,0x74,0x00,0x34,0x40,0x01,0x00,0x35,0xF8,
  0x00,0x00,0x2D,0x2D,0x74,0x00,0x34,0x58,0x02,0x00,0x35,0xE0,0x74,0x00,0x34,0x70,
  0x01,0x00,0x35,0xCC,0x75,0x00,0x34,0x58,0x01,0x00,0x35,0xE0,0x75,0x00,0x34,0x40,
  0x01,0x00,0x35,0xF8,0x72,0x00,0x08,0x00,0x03,0x00,0x34,0x28,0x01,0x00,0x35,0x10,
  0x00,0x00,0x2D,0x2E,0x74,0x00,0x34,0x14,0x01,0x00,0x35,0x28,0x75,0x00,0x34,0xFC,
  0x00,0x00,0x2C,0x2D,0x01,0x00,0x35,0x3C,0x74,0x00,0x08,0x78,0x03,0x00,0x34,0xE4,
  0x01,0x00,0x35,0x54,0x73,0x00,0x34,0xCC,0x00,0x00,0x35,0x6C,0x75,0x00,0x34,0xB8,
  0x02,0x00,0x35,0x84,0x74,0x00,0x34,0xCC,0x01,0x00,0x35,0x6C,0x75,0x00,0x34,0xE4,
  0x01,0x00,0x35,0x54,0x75,0x00,0x34,0xFC,0x00,0x00,0x35,0x3C,0x75,0x00,0x34,0x14,
  0x00,0x00,0x2C,0x2E,0x01,0x00,0x35,0x28,0x75,0x00,0x34,0x28,0x01,0x00,0x35,0x10,
  0x75,0x00,0x34,0x40,0x01,0x00,0x35,0xF8,0x00,0x00,0x2D,0x2D,0x72,0x00,0x08,0x00,
  0x03,0x00,0x34,0x58,0x01,0x00,0x35,0xE0,0x75,0x00,0x34,0x70,0x01,0x00,0x35,0xCC,
  0x74,0x00,0x34,0x58,0x01,0x00,0x35,0xE0,0x74,0x00,0x08,0x78,0x02,0x00,0x29,0x3E,
  0x00,0x00,0x08,0x79,0x02,0x00,0x2A,0x38,0x00,0x00,0x08,0x7A,0x02,0x00,0x2B,0x3E,
  0x00,0x00,0x08,0x7B,0x01,0x00,0x34,0x40,0x01,0x00,0x35,0xF8,0x6F,0x00,0x34,0x28,
  0x01,0x00,0x35,0x10,0x00,0x00,0x2D,0x2E,0x74,0x00,0x34,0x14,0x02,0x00,0x35,0x28,
  0x74,0x00,0x34,0xFC,0x00,0x00,0x2C,0x2D,0x01,0x00,0x35,0x3C,0x75,0x00,0x34,0xE4,
  0x01,0x00,0x35,0x54,0x75,0x00,0x34,0xCC,0x01,0x00,0x35,0x6C,0x75,0x00,0x34,0xB8,
  0x01,0x00,0x35,0x84,0x74,0x00,0x34,0xCC,0x01,0x00,0x35,0x6C,0x75,0x00,0x34,0xE4,
  0x01,0x00,0x35,0x54,0x73,0x00,0x08,0x00,0x02,0x00,0x34,0xFC,0x01,0x00,0x35,0x3C,
  0x75,0x00,0x34,0x14,0x00,0x00,0x2C,0x2E,0x00,0x00,0x35,0x28,0x75,0x00,0x34,0x28,
  0x01,0x00,0x35,0x10,0x74,0x00,0x08,0x78,0x02,0x00,0x34,0x40,0x02,0x00,0x35,0xF8,
  0x00,0x00,0x2D,0x2D,0x73,0x00,0x34,0x58,0x01,0x00,0x35,0xE0,0x74,0x00,0x34,0x70,
  0x02,0x00,0x35,0xCC,0x72,0x00,0x08,0x01,0x01,0x00,0x08,0x02,0x01,0x00,0x08,0x03,
  0x01,0x00,0x34,0x58,0x01,0x00,0x35,0xE0,0x74,0x00,0x34,0x40,0x01,0x00,0x35,0xF8,
  0x75,0x00,0x34,0x28,0x01,0x00,0x35,0x10,0x00,0x00,0x2D,0x2E,0x75,0x00,0x34,0x14,
  0x01,0x00,0x35,0x28,0x74,0x00,0x34,0xFC,0x00,0x00,0x2C,0x2D,0x01,0x00,0x35,0x3C,
  0x75,0x00,0x34,0xE4,0x01,0x00,0x35,0x54,0x72,0x00,0x08,0x00,0x03,0x00,0x34,0xCC,
  0x01,0x00,0x35,0x6C,0x75,0x00,0x34,0xB8,0x01,0x00,0x35,0x84,0x74,0x00,0x34,0xCC,
  0x01,0x00,0x35,0x6C,0x74,0x00,0x08,0x78,0x02,0x00,0x08,0x79,0x02,0x00,0x08,0x7A,
  0x01,0x00,0x08,0x7B,0x01,0x00,0x34,0xE4,0x01,0x00,0x35,0x54,0x70,0x00,0x34,0xFC,
  0x01,0x00,0x35,0x3C,0x74,0x00,0x34,0x14,0x01,0x00,0x2C,0x2E,0x01,0x00,0x35,0x28,
  0x75,0x00,0x34,0x28,0x00,0x00,0x35,0x10,0x75,0x00,0x34,0x40,0x01,0x00,0x35,0xF8,
  0x00,0x00,0x2D,0x2D,0x75,0x00,0x34,0x58,0x01,0x00,0x35,0xE0,0x75,0x00,0x34,0x70,
  0x01,0x00,0x35,0xCC,0x72,0x00,0x08,0x01,0x01,0x00,0x08,0x02,0x01,0x00,0x08,0x03,
  0x01,0x00,0x34,0x58,0x01,0x00,0x35,0xE0,0x74,0x00,0x34,0x40,0x01,0x00,0x35,0xF8,
  0x73,0x00,0x08,0x00,0x02,0x00,0x34,0x28,0x01,0x00,0x35,0x10,0x00,0x00,0x2D,0x2E,
  0x75,0x00,0x34,0x14,0x01,0x00,0x35,0x28,0x75,0x00,0x34,0xFC,0x00,0x00,0x2C,0x2D,
  0x01,0x00,0x35,0x3C,0x73,0x00,0x08,0x78,0x02,0x00,0x29,0x42,0x01,0x00,0x08,0x79,
  0x01,0x00,0x2A,0x3C,0x00,0x00,0x08,0x7A,0x02,0x00,0x2B,0x42,0x01,0x00,0x08,0x7B,
  0x00,0x00,0x34,0xE4,0x01,0x00,0x35,0x54,0x6F,0x00,0x34,0xCC,0x01,0x00,0x35,0x6C,
  0x75,0x00,0x34,0xB8,0x01,0x00,0x35,0x84,0x74,0x00,0x34,0xCC,0x02,0x00,0x35,0x6C,
  0x74,0x00,0x34,0xE4,0x01,0x00,0x35,0x54,0x75,0x00,0x34,0xFC,0x01,0x00,0x35,0x3C,
  0x75,0x00,0x34,0x14,0x00,0x00,0x2C,0x2E,0x01,0x00,0x35,0x28,0x74,0x00,0x34,0x28,
  0x02,0x00,0x35,0x10,0x74,0x00,0x34,0x40,0x02,0x00,0x35,0xF8,0x00,0x00,0x2D,0x2D,
  0x72,0x00,0x08,0x00,0x02,0x00,0x34,0x58,0x01,0x00,0x35,0xE0,0x75,0x00,0x34,0x70,
  0x01,0x00,0x35,0xCC,0x75,0x00,0x34,0x58,0x01,0x00,0x35,0xE0,0x74,0x00,0x08,0x78,
  0x02,0x00,0x34,0x40,0x01,0x00,0x35,0xF8,0x73,0x00,0x34,0x28,0x01,0x00,0x35,0x10,
  0x00,0x00,0x2D,0x2E,0x75,0x00,0x34,0x14,0x01,0x00,0x35,0x28,0x73,0x00,0x08,0x01,
  0x01,0x00,0x08,0x02,0x00,0x00,0x08,0x03,0x02,0x00,0x34,0xFC,0x00,0x00,0x2C,0x2D,
  0x01,0x00,0x35,0x3C,0x73,0x00,0x34,0xE4,0x02,0x00,0x35,0x54,0x74,0x00,0x34,0xCC,
  0x01,0x00,0x35,0x6C,0x75,0x00,0x34,0xB8,0x01,0x00,0x35,0x84,0x75,0x00,0x34,0xCC,
  0x01,0x00,0x35,0x6C,0x75,0x00,0x34,0xE4,0x01,0x00,0x35,0x54,0x72,0x00,0x08,0x00,
  0x02,0x00,0x34,0xFC,0x02,0x00,0x35,0x3C,0x74,0x00,0x34,0x14,0x00,0x00,0x2C,0x2E,
  0x01,0x00,0x35,0x28,0x75,0x00,0x34,0x28,0x01,0x00,0x35,0x10,0x73,0x00,0x08,0x78,
  0x04,0x00,0x34,0x40,0x01,0x00,0x35,0xF8,0x00,0x00,0x2D,0x2D,0x72,0x00,0x34,0x58,
  0x01,0x00,0x35,0xE0,0x75,0x00,0x34,0x70,0x01,0x00,0x35,0xCC,0x75,0x00,0x34,0x58,
  0x01,0x00,0x35,0xE0,0x75,0x00,0x34,0x40,0x01,0x00,0x35,0xF8,0x74,0x00,0x34,0x28,
  0x01,0x00,0x35,0x10,0x01,0x00,0x2D,0x2E,0x74,0x00,0x34,0x14,0x01,0x00,0x35,0x28,
  0x75,0x00,0x34,0xFC,0x00,0x00,0x2C,0x2D,0x01,0x00,0x35,0x3C,0x75,0x00,0x34,0xE4,
  0x01,0x00,0x35,0x54,0x72,0x00,0x08,0x00,0x03,0x00,0x34,0xCC,0x01,0x00,0x35,0x6C,
  0x74,0x00,0x34,0xB8,0x01,0x00,0x35,0x84,0x75,0x00,0x34,0xCC,0x01,0x00,0x35,0x6C,
  0x74,0x00,0x08,0x78,0x02,0x00,0x29,0x45,0x00,0x00,0x08,0x79,0x02,0x00,0x2A,0x3E,
  0x00,0x00,0x08,0x7A,0x02,0x00,0x2B,0x45,0x00,0x00,0x08,0x7B,0x01,0x00,0x34,0xE4,
  0x01,0x00,0x35,0x54,0x6E,0x00,0x34,0xFC,0x01,0x00,0x35,0x3C,0x75,0x00,0x34,0x14,
  0x00,0x00,0x2C,0x2E,0x01,0x00,0x35,0x28,0x75,0x00,0x34,0x28,0x01,0x00,0x35,0x10,
  0x75,0x00,0x34,0x40,0x01,0x00,0x35,0xF8,0x00,0x00,0x2D,0x2D,0x75,0x00,0x34,0x58,
  0x01,0x00,0x35,0xE0,0x74,0x00,0x34,0x70,0x01,0x00,0x35,0xCC,0x75,0x00,0x34,0x58,
  0x01,0x00,0x35,0xE0,0x75,0x00,0x34,0x40,0x01,0x00,0x35,0xF8,0x72,0x00,0x08,0x00,
  0x03,0x00,0x34,0x28,0x01,0x00,0x35,0x10,0x00,0x00,0x2D,0x2E,0x74,0x00,0x34,0x14,
  0x01,0x00,0x35,0x28,0x75,0x00,0x34,0xFC,0x00,0x00,0x2C,0x2D,0x01,0x00,0x35,0x3C,
  0x74,0x00,0x08,0x78,0x02,0x00,0x08,0x04,0x00,0x00,0x34,0xE4,0x01,0x00,0x35,0x54,
  0x73,0x00,0x34,0xCC,0x02,0x00,0x35,0x6C,0x74,0x00,0x34,0xB8,0x01,0x00,0x35,0x84,
  0x73,0x00,0x08,0x01,0x01,0x00,0x08,0x02,0x01,0x00,0x08,0x03,0x01,0x00,0x34,0xCC,
  0x01,0x00,0x35,0x6C,0x74,0x00,0x34,0xE4,0x01,0x00,0x35,0x54,0x75,0x00,0x34,0xFC,
  0x01,0x00,0x35,0x3C,0x74,0x00,0x34,0x14,0x00,0x00,0x2C,0x2E,0x01,0x00,0x35,0x28,
  0x75,0x00,0x34,0x28,0x01,0x00,0x35,0x10,0x75,0x00,0x34,0x40,0x01,0x00,0x35,0xF8,
  0x00,0x00,0x2D,0x2D,0x72,0x00,0x08,0x00,0x03,0x00,0x34,0x58,0x01,0x00,0x35,0xE0,
  0x75,0x00,0x34,0x70,0x00,0x00,0x35,0xCC,0x75,0x00,0x34,0x58,0x01,0x00,0x35,0xE0,
  0x74,0x00,0x28,0x28,0x01,0x00,0x08,0x78,0x02,0x00,0x29,0x48,0x00,0x00,0x08,0x79,
  0x02,0x00,0x2A,0x41,0x00,0x00,0x08,0x7A,0x02,0x00,0x2B,0x48,0x01,0x00,0x08,0x7B,
  0x01,0x00,0x34,0x40,0x01,0x00,0x35,0xF8,0x6D,0x00,0x34,0x28,0x01,0x00,0x35,0x10,
  0x00,0x00,0x2D,0x2E,0x74,0x00,0x34,0x14,0x01,0x00,0x35,0x28,0x75,0x00,0x34,0xFC,
  0x00,0x00,0x2C,0x2D,0x01,0x00,0x35,0x3C,0x75,0x00,0x34,0xE4,0x01,0x00,0x35,0x54,
  0x75,0x00,0x34,0xCC,0x01,0x00,0x35,0x6C,0x74,0x00,0x34,0xB8,0x02,0x00,0x35,0x84,
  0x74,0x00,0x34,0xCC,0x01,0x00,0x35,0x6C,0x75,0x00,0x34,0xE4,0x01,0x00,0x35,0x54,
  0x75,0x00,0x34,0xFC,0x01,0x00,0x35,0x3C,0x75,0x00,0x34,0x14,0x00,0x00,0x2C,0x2E,
  0x01,0x00,0x35,0x28,0x74,0x00,0x34,0x28,0x01,0x00,0x35,0x10,0x77,0x00,0x34,0x14,
  0x00,0x00,0x2C,0x38,0x00,0x00,0x08,0x7C,0x01,0x00,0x35,0xF8,0x01,0x00,0x2D,0x2D,
  0x02,0x00,0x08,0x7F,0x70,0x00,0x35,0xE0,0x76,0x00,0x35,0xCC,0x73,0x00,0x08,0x01,
  0x01,0x00,0x08,0x02,0x01,0x00,0x08,0x03,0x02,0x00,0x35,0xE0,0x75,0x00,0x35,0xF8,
  0x75,0x00,0x35,0x10,0x01,0x00,0x2D,0x2E,0x75,0x00,0x35,0x28,0x76,0x00,0x35,0x3C,
  0x76,0x00,0x35,0x54,0x72,0x00,0x08,0x00,0x04,0x00,0x35,0x6C,0x75,0x00,0x35,0x84,
  0x76,0x00,0x35,0x6C,0x74,0x00,0x08,0x78,0x02,0x00,0x08,0x79,0x02,0x00,0x08,0x7A,
  0x01,0x00,0x08,0x7B,0x01,0x00,0x35,0x54,0x71,0x00,0x35,0x3C,0x76,0x00,0x35,0x28,
  0x76,0x00,0x35,0x10,0x76,0x00,0x35,0xF8,0x00,0x00,0x2D,0x2D,0x76,0x00,0x35,0xE0,
  0x75,0x00,0x35,0xCC,0x73,0x00,0x08,0x01,0x01,0x00,0x08,0x02,0x01,0x00,0x08,0x03,
  0x02,0x00,0x35,0xE0,0x75,0x00,0x35,0xF8,0x73,0x00,0x08,0x00,0x03,0x00,0x35,0x10,
  0x00,0x00,0x2D,0x2E,0x75,0x00,0x35,0x28,0x76,0x00,0x35,0x3C,0x74,0x00,0x08,0x78,
  0x02,0x00,0x08,0x79,0x02,0x00,0x08,0x7A,0x01,0x00,0x08,0x7B,0x01,0x00,0x08,0x05,
  0x02,0x00,0x35,0x28,0x00,0x00,0x2D,0x38,0x00,0x00,0x08,0x7D,0x01,0x00,0x08,0x07,
  0x02,0x00,0x08,0x7F,0x2D,0x03,0x08,0x01,0x00,0x00,0x08,0x02,0x01,0x00,0x08,0x03,
  0x01,0x00,0x34,0x28,0x75,0x00,0x34,0x40,0x74,0x00,0x08,0x00,0x02,0x00,0x34,0x58,
  0x76,0x00,0x34,0x70,0x76,0x00,0x34,0x58,0x74,0x00,0x08,0x78,0x02,0x00,0x08,0x79,
  0x02,0x00,0x08,0x7A,0x01,0x00,0x08,0x7B,0x01,0x00,0x34,0x40,0x71,0x00,0x34,0x28,
  0x76,0x00,0x34,0x14,0x76,0x00,0x34,0xFC,0x00,0x00,0x2C,0x36,0x75,0x00,0x34,0xE4,
  0x76,0x00,0x34,0xCC,0x76,0x00,0x34,0xB8,0x74,0x00,0x08,0x01,0x01,0x00,0x08,0x02,
  0x00,0x00,0x08,0x03,0x02,0x00,0x34,0xCC,0x75,0x00,0x34,0xE4,0x73,0x00,0x08,0x00,
  0x03,0x00,0x34,0xFC,0x75,0x00,0x34,0x14,0x00,0x00,0x2C,0x38,0x76,0x00,0x34,0x28,
  0x75,0x00,0x08,0x78,0x01,0x00,0x29,0x4C,0x01,0x00,0x08,0x79,0x01,0x00,0x2A,0x45,
  0x01,0x00,0x08,0x7A,0x01,0x00,0x2B,0x4C,0x00,0x00,0x08,0x7B,0x01,0x00,0x34,0x40,
  0x02,0x00,0x08,0x07,0x02,0x00,0x08,0x7F,0x6C,0x00,0x34,0x58,0x76,0x00,0x34,0x70,
  0x76,0x00,0x34,0x58,0x75,0x00,0x34,0x40,0x76,0x00,0x34,0x28,0x76,0x00,0x34,0x14,
  0x76,0x00,0x34,0xFC,0x00,0x00,0x2C,0x36,0x01,0x00,0x35,0x3C,0x75,0x00,0x34,0xE4,
  0x01,0x00,0x35,0x54,0x72,0x00,0x08,0x00,0x03,0x00,0x34,0xCC,0x00,0x00,0x35,0x6C,
  0x75,0x00,0x34,0xB8,0x01,0x00,0x35,0x84,0x75,0x00,0x34,0xCC,0x01,0x00,0x35,0x6C,
  0x74,0x00,0x08,0x78,0x02,0x00,0x34,0xE4,0x01,0x00,0x35,0x54,0x73,0x00,0x34,0xFC,
  0x01,0x00,0x35,0x3C,0x75,0x00,0x34,0x14,0x00,0x00,0x2C,0x38,0x01,0x00,0x35,0x28,
  0x75,0x00,0x34,0x28,0x01,0x00,0x35,0x10,0x75,0x00,0x34,0x40,0x01,0x00,0x35,0xF8,
  0x00,0x00,0x2D,0x36,0x74,0x00,0x34,0x58,0x01,0x00,0x35,0xE0,0x75,0x00,0x34,0x70,
  0x01,0x00,0x35,0xCC,0x75,0x00,0x34,0x58,0x01,0x00,0x35,0xE0,0x75,0x00,0x34,0x40,
  0x01,0x00,0x35,0xF8,0x72,0x00,0x08,0x00,0x03,0x00,0x34,0x28,0x01,0x00,0x35,0x10,
  0x00,0x00,0x2D,0x38,0x72,0x00,0x08,0x01,0x01,0x00,0x08,0x02,0x01,0x00,0x08,0x03,
  0x01,0x00,0x34,0x14,0x01,0x00,0x35,0x28,0x75,0x00,0x34,0xFC,0x00,0x00,0x2C,0x36,
  0x01,0x00,0x35,0x3C,0x73,0x00,0x08,0x78,0x02,0x00,0x34,0xE4,0x01,0x00,0x35,0x54,
  0x01,0x00,0x08,0x07,0x02,0x00,0x08,0x7F,0x70,0x00,0x34,0xCC,0x02,0x00,0x35,0x6C,
  0x74,0x00,0x34,0xB8,0x01,0x00,0x35,0x84,0x75,0x00,0x34,0xCC,0x01,0x00,0x35,0x6C,
  0x75,0x00,0x34,0xE4,0x01,0x00,0x35,0x54,0x75,0x00,0x34,0xFC,0x01,0x00,0x35,0x3C,
  0x74,0x00,0x34,0x14,0x00,0x00,0x2C,0x38,0x02,0x00,0x35,0x28,0x74,0x00,0x34,0x28,
  0x01,0x00,0x35,0x10,0x75,0x00,0x34,0x40,0x01,0x00,0x35,0xF8,0x00,0x00,0x2D,0x36,
  0x72,0x00,0x08,0x00,0x03,0x00,0x34,0x58,0x01,0x00,0x35,0xE0,0x74,0x00,0x34,0x70,
  0x01,0x00,0x35,0xCC,0x75,0x00,0x34,0x58,0x01,0x00,0x35,0xE0,0x74,0x00,0x08,0x78,
  0x02,0x00,0x29,0x48,0x00,0x00,0x08,0x79,0x02,0x00,0x2A,0x41,0x00,0x00,0x08,0x7A,
  0x02,0x00,0x2B,0x48,0x00,0x00,0x08,0x7B,0x01,0x00,0x34,0x40,0x01,0x00,0x35,0xF8,
  0x6F,0x00,0x34,0x28,0x01,0x00,0x35,0x10,0x00,0x00,0x2D,0x38,0x74,0x00,0x34,0x14,
  0x01,0x00,0x35,0x28,0x75,0x00,0x34,0xFC,0x00,0x00,0x2C,0x36,0x01,0x00,0x35,0x3C,
  0x75,0x00,0x34,0xE4,0x01,0x00,0x35,0x54,0x75,0x00,0x34,0xCC,0x01,0x00,0x35,0x6C,
  0x75,0x00,0x34,0xB8,0x01,0x00,0x35,0x84,0x74,0x00,0x34,0xCC,0x01,0x00,0x35,0x6C,
  0x75,0x00,0x34,0xE4,0x01,0x00,0x35,0x54,0x72,0x00,0x08,0x00,0x03,0x00,0x34,0xFC,
  0x01,0x00,0x35,0x3C,0x74,0x00,0x34,0x14,0x00,0x00,0x2C,0x38,0x01,0x00,0x35,0x28,
  0x75,0x00,0x34,0x28,0x01,0x00,0x35,0x10,0x74,0x00,0x08,0x78,0x02,0x00,0x34,0x40,
  0x01,0x00,0x35,0xF8,0x01,0x00,0x2D,0x36,0x01,0x00,0x08,0x07,0x01,0x00,0x08,0x7F,
  0x71,0x00,0x34,0x58,0x01,0x00,0x35,0xE0,0x75,0x00,0x34,0x70,0x00,0x00,0x35,0xCC,
  0x73,0x00,0x08,0x01,0x01,0x00,0x08,0x02,0x01,0x00,0x08,0x03,0x01,0x00,0x34,0x58,
  0x01,0x00,0x35,0xE0,0x74,0x00,0x34,0x40,0x01,0x00,0x35,0xF8,0x75,0x00,0x34,0x28,
  0x01,0x00,0x35,0x10,0x00,0x00,0x2D,0x38,0x74,0x00,0x34,0x14,0x02,0x00,0x35,0x28,
  0x74,0x00,0x34,0xFC,0x01,0x00,0x2C,0x36,0x00,0x00,0x35,0x3C,0x75,0x00,0x34,0xE4,
  0x01,0x00,0x35,0x54,0x72,0x00,0x08,0x00,0x03,0x00,0x34,0xCC,0x01,0x00,0x35,0x6C,
  0x75,0x00,0x34,0xB8,0x01,0x00,0x35,0x84,0x74,0x00,0x34,0xCC,0x01,0x00,0x35,0x6C,
  0x74,0x00,0x08,0x78,0x02,0x00,0x08,0x79,0x01,0x00,0x08,0x7A,0x02,0x00,0x08,0x7B,
  0x01,0x00,0x34,0xE4,0x01,0x00,0x35,0x54,0x70,0x00,0x34,0xFC,0x01,0x00,0x35,0x3C,
  0x74,0x00,0x34,0x14,0x01,0x00,0x2C,0x38,0x01,0x00,0x35,0x28,0x74,0x00,0x34,0x28,
  0x01,0x00,0x35,0x10,0x75,0x00,0x34,0x40,0x01,0x00,0x35,0xF8,0x00,0x00,0x2D,0x36,
  0x75,0x00,0x34,0x58,0x01,0x00,0x35,0xE0,0x75,0x00,0x34,0x70,0x01,0x00,0x35,0xCC,
  0x73,0x00,0x08,0x01,0x00,0x00,0x08,0x02,0x01,0x00,0x08,0x03,0x01,0x00,0x34,0x58,
  0x01,0x00,0x35,0xE0,0x74,0x00,0x34,0x40,0x01,0x00,0x35,0xF8,0x73,0x00,0x08,0x00,
  0x02,0x00,0x34,0x28,0x01,0x00,0x35,0x10,0x00,0x00,0x2D,0x38,0x75,0x00,0x34,0x14,
  0x01,0x00,0x35,0x28,0x74,0x00,0x34,0xFC,0x00,0x00,0x2C,0x36,0x02,0x00,0x35,0x3C,
  0x73,0x00,0x08,0x78,0x02,0x00,0x08,0x79,0x02,0x00,0x08,0x7A,0x01,0x00,0x08,0x7B,
  0x01,0x00,0x34,0xE4,0x01,0x00,0x35,0x54,0x01,0x00,0x08,0x07,0x02,0x00,0x08,0x7F,
  0x6D,0x00,0x34,0xCC,0x01,0x00,0x35,0x6C,0x75,0x00,0x34,0xB8,0x01,0x00,0x35,0x84,
  0x74,0x00,0x34,0xCC,0x02,0x00,0x35,0x6C,0x74,0x00,0x34,0xE4,0x01,0x00,0x35,0x54,
  0x75,0x00,0x34,0xFC,0x01,0x00,0x35,0x3C,0x75,0x00,0x34,0x14,0x00,0x00,0x2C,0x38,
  0x01,0x00,0x35,0x28,0x73,0x00,0x08,0x01,0x00,0x00,0x08,0x02,0x01,0x00,0x08,0x03,
  0x01,0x00,0x34,0x28,0x01,0x00,0x35,0x10,0x74,0x00,0x34,0x40,0x01,0x00,0x35,0xF8,
  0x00,0x00,0x2D,0x36,0x73,0x00,0x08,0x00,0x02,0x00,0x34,0x58,0x01,0x00,0x35,0xE0,
  0x75,0x00,0x34,0x70,0x01,0x00,0x35,0xCC,0x75,0x00,0x34,0x58,0x01,0x00,0x35,0xE0,
  0x73,0x00,0x08,0x78,0x02,0x00,0x08,0x79,0x02,0x00,0x08,0x7A,0x01,0x00,0x08,0x7B,
  0x01,0x00,0x34,0x40,0x01,0x00,0x35,0xF8,0x70,0x00,0x34,0x28,0x01,0x00,0x35,0x10,
  0x00,0x00,0x2D,0x38,0x75,0x00,0x34,0x14,0x01,0x00,0x35,0x28,0x74,0x00,0x34,0xFC,
  0x00,0x00,0x2C,0x36,0x02,0x00,0x35,0x3C,0x74,0x00,0x34,0xE4,0x01,0x00,0x35,0x54,
  0x75,0x00,0x34,0xCC,0x01,0x00,0x35,0x6C,0x75,0x00,0x34,0xB8,0x01,0x00,0x35,0x84,
  0x73,0x00,0x08,0x01,0x00,0x00,0x08,0x02,0x01,0x00,0x08,0x03,0x01,0x00,0x34,0xCC,
  0x02,0x00,0x35,0x6C,0x74,0x00,0x34,0xE4,0x00,0x00,0x35,0x54,0x73,0x00,0x08,0x00,
  0x02,0x00,0x34,0xFC,0x02,0x00,0x35,0x3C,0x74,0x00,0x34,0x14,0x00,0x00,0x2C,0x38,
  0x01,0x00,0x35,0x28,0x75,0x00,0x34,0x28,0x01,0x00,0x35,0x10,0x74,0x00,0x08,0x78,
  0x01,0x00,0x29,0x45,0x01,0x00,0x08,0x79,0x01,0x00,0x2A,0x3E,0x01,0x00,0x08,0x7A,
  0x01,0x00,0x2B,0x45,0x01,0x00,0x08,0x7B,0x01,0x00,0x34,0x40,0x01,0x00,0x35,0xF8,
  0x00,0x00,0x2D,0x36,0x01,0x00,0x08,0x07,0x01,0x00,0x08,0x7F,0x6C,0x00,0x34,0x58,
  0x01,0x00,0x35,0xE0,0x75,0x00,0x34,0x70,0x01,0x00,0x35,0xCC,0x75,0x00,0x34,0x58,
  0x01,0x00,0x35,0xE0,0x74,0x00,0x34,0x40,0x02,0x00,0x35,0xF8,0x74,0x00,0x34,0x28,
  0x01,0x00,0x35,0x10,0x01,0x00,0x2D,0x38,0x74,0x00,0x34,0x14,0x01,0x00,0x35,0x28,
  0x75,0x00,0x34,0xFC,0x00,0x00,0x2C,0x36,0x01,0x00,0x35,0x3C,0x74,0x00,0x34,0xE4,
  0x02,0x00,0x35,0x54,0x72,0x00,0x08,0x00,0x03,0x00,0x34,0xCC,0x01,0x00,0x35,0x6C,
  0x74,0x00,0x34,0xB8,0x01,0x00,0x35,0x84,0x75,0x00,0x34,0xCC,0x01,0x00,0x35,0x6C,
  0x74,0x00,0x08,0x78,0x02,0x00,0x34,0xE4,0x01,0x00,0x35,0x54,0x73,0x00,0x34,0xFC,
  0x01,0x00,0x35,0x3C,0x75,0x00,0x34,0x14,0x00,0x00,0x2C,0x38,0x01,0x00,0x35,0x28,
  0x75,0x00,0x34,0x28,0x01,0x00,0x35,0x10,0x75,0x00,0x34,0x40,0x01,0x00,0x35,0xF8,
  0x00,0x00,0x2D,0x36,0x75,0x00,0x34,0x58,0x00,0x00,0x35,0xE0,0x75,0x00,0x34,0x70,
  0x01,0x00,0x35,0xCC,0x75,0x00,0x34,0x58,0x01,0x00,0x35,0xE0,0x75,0x00,0x34,0x40,
  0x01,0x00,0x35,0xF8,0x72,0x00,0x08,0x00,0x02,0x00,0x34,0x28,0x02,0x00,0x35,0x10,
  0x00,0x00,0x2D,0x38,0x72,0x00,0x08,0x01,0x01,0x00,0x08,0x02,0x01,0x00,0x08,0x03,
  0x01,0x00,0x34,0x14,0x01,0x00,0x35,0x28,0x74,0x00,0x34,0xFC,0x00,0x00,0x2C,0x36,
  0x01,0x00,0x35,0x3C,0x74,0x00,0x08,0x78,0x02,0x00,0x08,0x04,0x00,0x00,0x34,0xE4,
  0x01,0x00,0x35,0x54,0x01,0x00,0x08,0x07,0x02,0x00,0x08,0x7F,0x70,0x00,0x34,0xCC,
  0x02,0x00,0x35,0x6C,0x74,0x00,0x34,0xB8,0x01,0x00,0x35,0x84,0x75,0x00,0x34,0xCC,
  0x01,0x00,0x35,0x6C,0x75,0x00,0x34,0xE4,0x01,0x00,0x35,0x54,0x74,0x00,0x34,0xFC,
  0x02,0x00,0x35,0x3C,0x74,0x00,0x34,0x14,0x01,0x00,0x2C,0x38,0x00,0x00,0x35,0x28,
  0x75,0x00,0x34,0x28,0x01,0x00,0x35,0x10,0x75,0x00,0x34,0x40,0x01,0x00,0x35,0xF8,
  0x00,0x00,0x2D,0x36,0x72,0x00,0x08,0x00,0x03,0x00,0x34,0x58,0x01,0x00,0x35,0xE0,
  0x75,0x00,0x34,0x70,0x01,0x00,0x35,0xCC,0x74,0x00,0x34,0x58,0x01,0x00,0x35,0xE0,
  0x74,0x00,0x08,0x78,0x02,0x00,0x29,0x48,0x00,0x00,0x08,0x79,0x02,0x00,0x2A,0x41,
  0x01,0x00,0x08,0x7A,0x01,0x00,0x2B,0x48,0x01,0x00,0x08,0x7B,0x01,0x00,0x34,0x40,
  0x01,0x00,0x35,0xF8,0x6E,0x00,0x34,0x28,0x01,0x00,0x35,0x10,0x00,0x00,0x2D,0x38,
  0x74,0x00,0x34,0x14,0x01,0x00,0x35,0x28,0x75,0x00,0x34,0xFC,0x00,0x00,0x2C,0x36,
  0x01,0x00,0x35,0x3C,0x75,0x00,0x34,0xE4,0x01,0x00,0x35,0x54,0x75,0x00,0x34,0xCC,
  0x01,0x00,0x35,0x6C,0x75,0x00,0x34,0xB8,0x01,0x00,0x35,0x84,0x74,0x00,0x34,0xCC,
  0x01,0x00,0x35,0x6C,0x75,0x00,0x34,0xE4,0x01,0x00,0x35,0x54,0x72,0x00,0x08,0x00,
  0x03,0x00,0x34,0xFC,0x01,0x00,0x35,0x3C,0x74,0x00,0x34,0x14,0x00,0x00,0x2C,0x38,
  0x01,0x00,0x35,0x28,0x75,0x00,0x34,0x28,0x01,0x00,0x35,0x10,0x74,0x00,0x08,0x78,
  0x03,0x00,0x34,0x14,0x00,0x00,0x2C,0x31,0x01,0x00,0x08,0x7C,0x00,0x00,0x35,0xF8,
  0x01,0x00,0x2D,0x36,0x01,0x00,0x08,0x07,0x02,0x00,0x08,0x7F,0x6F,0x00,0x35,0xE0,
  0x76,0x00,0x35,0xCC,0x73,0x00,0x08,0x01,0x01,0x00,0x08,0x02,0x01,0x00,0x08,0x03,
  0x02,0x00,0x35,0xE0,0x75,0x00,0x35,0xF8,0x75,0x00,0x35,0x10,0x00,0x00,0x2D,0x38,
  0x76,0x00,0x35,0x28,0x76,0x00,0x35,0x3C,0x75,0x00,0x35,0x54,0x73,0x00,0x08,0x00,
  0x04,0x00,0x35,0x6C,0x75,0x00,0x35,0x84,0x76,0x00,0x35,0x6C,0x74,0x00,0x08,0x78,
  0x02,0x00,0x08,0x79,0x01,0x00,0x08,0x7A,0x02,0x00,0x08,0x7B,0x01,0x00,0x35,0x54,
  0x71,0x00,0x35,0x3C,0x76,0x00,0x35,0x28,0x76,0x00,0x35,0x10,0x76,0x00,0x35,0xF8,
  0x00,0x00,0x2D,0x36,0x75,0x00,0x35,0xE0,0x76,0x00,0x35,0xCC,0x74,0x00,0x08,0x01,
  0x00,0x00,0x08,0x02,0x01,0x00,0x08,0x03,0x02,0x00,0x35,0xE0,0x75,0x00,0x35,0xF8,
  0x73,0x00,0x08,0x00,0x03,0x00,0x35,0x10,0x00,0x00,0x2D,0x38,0x75,0x00,0x35,0x28,
  0x76,0x00,0x35,0x3C,0x74,0x00,0x08,0x78,0x02,0x00,0x08,0x79,0x02,0x00,0x08,0x7A,
  0x01,0x00,0x08,0x7B,0x01,0x00,0x08,0x05,0x02,0x00,0x35,0x28,0x00,0x00,0x2D,0x31,
  0x00,0x00,0x08,0x7D,0x01,0x00,0x08,0x07,0x02,0x00,0x08,0x7F,0x2D,0x03,0x08,0x01,
  0x01,0x00,0x08,0x02,0x00,0x00,0x08,0x03,0x01,0x00,0x34,0x28,0x75,0x00,0x34,0x40,
  0x74,0x00,0x08,0x00,0x02,0x00,0x34,0x58,0x76,0x00,0x34,0x70,0x75,0x00,0x34,0x58,
  0x75,0x00,0x08,0x78,0x02,0x00,0x08,0x79,0x02,0x00,0x08,0x7A,0x01,0x00,0x08,0x7B,
  0x01,0x00,0x34,0x40,0x71,0x00,0x34,0x28,0x76,0x00,0x34,0x14,0x76,0x00,0x34,0xFC,
  0x00,0x00,0x2C,0x30,0x75,0x00,0x34,0xE4,0x76,0x00,0x34,0xCC,0x76,0x00,0x34,0xB8,
  0x74,0x00,0x08,0x01,0x01,0x00,0x08,0x02,0x00,0x00,0x08,0x03,0x01,0x00,0x34,0xCC,
  0x75,0x00,0x34,0xE4,0x74,0x00,0x08,0x00,0x02,0x00,0x34,0xFC,0x76,0x00,0x34,0x14,
  0x00,0x00,0x2C,0x31,0x76,0x00,0x34,0x28,0x74,0x00,0x08,0x78,0x02,0x00,0x29,0x4C,
  0x01,0x00,0x08,0x79,0x01,0x00,0x2A,0x45,0x00,0x00,0x08,0x7A,0x02,0x00,0x2B,0x4C,
  0x01,0x00,0x08,0x7B,0x01,0x00,0x34,0x40,0x01,0x00,0x08,0x07,0x02,0x00,0x08,0x7F,
  0x6C,0x00,0x34,0x58,0x76,0x00,0x34,0x70,0x76,0x00,0x34,0x58,0x75,0x00,0x34,0x40,
  0x76,0x00,0x34,0x28,0x76,0x00,0x34,0x14,0x76,0x00,0x34,0xFC,0x00,0x00,0x2C,0x30,
  0x01,0x00,0x35,0x3C,0x74,0x00,0x34,0xE4,0x02,0x00,0x35,0x54,0x72,0x00,0x08,0x00,
  0x03,0x00,0x34,0xCC,0x01,0x00,0x35,0x6C,0x74,0x00,0x34,0xB8,0x01,0x00,0x35,0x84,
  0x75,0x00,0x34,0xCC,0x01,0x00,0x35,0x6C,0x74,0x00,0x08,0x78,0x02,0x00,0x34,0xE4,
  0x01,0x00,0x35,0x54,0x73,0x00,0x34,0xFC,0x01,0x00,0x35,0x3C,0x75,0x00,0x34,0x14,
  0x00,0x00,0x2C,0x31,0x01,0x00,0x35,0x28,0x75,0x00,0x34,0x28,0x01,0x00,0x35,0x10,
  0x75,0x00,0x34,0x40,0x01,0x00,0x35,0xF8,0x00,0x00,0x2D,0x30,0x75,0x00,0x34,0x58,
  0x00,0x00,0x35,0xE0,0x75,0x00,0x34,0x70,0x01,0x00,0x35,0xCC,0x75,0x00,0x34,0x58,
  0x01,0x00,0x35,0xE0,0x75,0x00,0x34,0x40,0x01,0x00,0x35,0xF8,0x72,0x00,0x08,0x00,
  0x02,0x00,0x34,0x28,0x02,0x00,0x35,0x10,0x00,0x00,0x2D,0x31,0x72,0x00,0x08,0x01,
  0x01,0x00,0x08,0x02,0x01,0x00,0x08,0x03,0x01,0x00,0x34,0x14,0x01,0x00,0x35,0x28,
  0x74,0x00,0x34,0xFC,0x00,0x00,0x2C,0x30,0x01,0x00,0x35,0x3C,0x74,0x00,0x08,0x78,
  0x02,0x00,0x34,0xE4,0x01,0x00,0x35,0x54,0x01,0x00,0x08,0x07,0x02,0x00,0x08,0x7F,
  0x70,0x00,0x34,0xCC,0x02,0x00,0x35,0x6C,0x74,0x00,0x34,0xB8,0x01,0x00,0x35,0x84,
  0x75,0x00,0x34,0xCC,0x01,0x00,0x35,0x6C,0x75,0x00,0x34,0xE4,0x01,0x00,0x35,0x54,
  0x74,0x00,0x34,0xFC,0x01,0x00,0x35,0x3C,0x75,0x00,0x34,0x14,0x01,0x00,0x2C,0x31,
  0x00,0x00,0x35,0x28,0x75,0x00,0x34,0x28,0x01,0x00,0x35,0x10,0x75,0x00,0x34,0x40,
  0x01,0x00,0x35,0xF8,0x00,0x00,0x2D,0x30,0x72,0x00,0x08,0x00,0x03,0x00,0x34,0x58,
  0x01,0x00,0x35,0xE0,0x74,0x00,0x34,0x70,0x01,0x00,0x35,0xCC,0x75,0x00,0x34,0x58,
  0x01,0x00,0x35,0xE0,0x74,0x00,0x08,0x78,0x01,0x00,0x29,0x48,0x01,0x00,0x08,0x79,
  0x02,0x00,0x2A,0x41,0x00,0x00,0x08,0x7A,0x02,0x00,0x2B,0x48,0x00,0x00,0x08,0x7B,
  0x01,0x00,0x34,0x40,0x01,0x00,0x35,0xF8,0x6F,0x00,0x34,0x28,0x01,0x00,0x35,0x10,
  0x00,0x00,0x2D,0x31,0x74,0x00,0x34,0x14,0x01,0x00,0x35,0x28,0x75,0x00,0x34,0xFC,
  0x00,0x00,0x2C,0x30,0x01,0x00,0x35,0x3C,0x75,0x00,0x34,0xE4,0x01,0x00,0x35,0x54,
  0x75,0x00,0x34,0xCC,0x01,0x00,0x35,0x6C,0x75,0x00,0x34,0xB8,0x00,0x00,0x35,0x84,
  0x75,0x00,0x34,0xCC,0x01,0x00,0x35,0x6C,0x75,0x00,0x34,0xE4,0x01,0x00,0x35,0x54,
  0x72,0x00,0x08,0x00,0x03,0x00,0x34,0xFC,0x01,0x00,0x35,0x3C,0x74,0x00,0x34,0x14,
  0x01,0x00,0x2C,0x31,0x00,0x00,0x35,0x28,0x75,0x00,0x34,0x28,0x01,0x00,0x35,0x10,
  0x74,0x00,0x08,0x78,0x02,0x00,0x34,0x40,0x01,0x00,0x35,0xF8,0x01,0x00,0x2D,0x30,
  0x00,0x00,0x08,0x07,0x02,0x00,0x08,0x7F,0x71,0x00,0x34,0x58,0x00,0x00,0x35,0xE0,
  0x75,0x00,0x34,0x70,0x02,0x00,0x35,0xCC,0x72,0x00,0x08,0x01,0x01,0x00,0x08,0x02,
  0x01,0x00,0x08,0x03,0x01,0x00,0x34,0x58,0x01,0x00,0x35,0xE0,0x74,0x00,0x34,0x40,
  0x01,0x00,0x35,0xF8,0x75,0x00,0x34,0x28,0x00,0x00,0x35,0x10,0x01,0x00,0x2D,0x31,
  0x74,0x00,0x34,0x14,0x01,0x00,0x35,0x28,0x75,0x00,0x34,0xFC,0x00,0x00,0x2C,0x30,
  0x01,0x00,0x35,0x3C,0x75,0x00,0x34,0xE4,0x01,0x00,0x35,0x54,0x72,0x00,0x08,0x00,
  0x03,0x00,0x34,0xCC,0x01,0x00,0x35,0x6C,0x75,0x00,0x34,0xB8,0x01,0x00,0x35,0x84,
  0x74,0x00,0x34,0xCC,0x01,0x00,0x35,0x6C,0x74,0x00,0x08,0x78,0x02,0x00,0x08,0x79,
  0x01,0x00,0x08,0x7A,0x02,0x00,0x08,0x7B,0x01,0x00,0x34,0xE4,0x01,0x00,0x35,0x54,
  0x70,0x00,0x34,0xFC,0x01,0x00,0x35,0x3C,0x75,0x00,0x34,0x14,0x00,0x00,0x2C,0x31,
  0x01,0x00,0x35,0x28,0x74,0x00,0x34,0x28,0x01,0x00,0x35,0x10,0x75,0x00,0x34,0x40,
  0x01,0x00,0x35,0xF8,0x00,0x00,0x2D,0x30,0x75,0x00,0x34,0x58,0x01,0x00,0x35,0xE0,
  0x75,0x00,0x34,0x70,0x01,0x00,0x35,0xCC,0x73,0x00,0x08,0x01,0x00,0x00,0x08,0x02,
  0x01,0x00,0x08,0x03,0x01,0x00,0x34,0x58,0x01,0x00,0x35,0xE0,0x74,0x00,0x34,0x40,
  0x01,0x00,0x35,0xF8,0x73,0x00,0x08,0x00,0x02,0x00,0x34,0x28,0x01,0x00,0x35,0x10,
  0x00,0x00,0x2D,0x31,0x75,0x00,0x34,0x14,0x01,0x00,0x35,0x28,0x74,0x00,0x34,0xFC,
  0x01,0x00,0x2C,0x30,0x00,0x00,0x35,0x3C,0x74,0x00,0x08,0x78,0x02,0x00,0x08,0x79,
  0x02,0x00,0x08,0x7A,0x01,0x00,0x08,0x7B,0x01,0x00,0x34,0xE4,0x01,0x00,0x35,0x54,
  0x01,0x00,0x08,0x07,0x02,0x00,0x08,0x7F,0x6D,0x00,0x34,0xCC,0x01,0x00,0x35,0x6C,
  0x75,0x00,0x34,0xB8,0x01,0x00,0x35,0x84,0x74,0x00,0x34,0xCC,0x01,0x00,0x35,0x6C,
  0x75,0x00,0x34,0xE4,0x01,0x00,0x35,0x54,0x75,0x00,0x34,0xFC,0x01,0x00,0x35,0x3C,
  0x75,0x00,0x34,0x14,0x00,0x00,0x2C,0x31,0x01,0x00,0x35,0x28,0x73,0x00,0x08,0x01,
  0x00,0x00,0x08,0x02,0x01,0x00,0x08,0x03,0x01,0x00,0x34,0x28,0x01,0x00,0x35,0x10,
  0x74,0x00,0x34,0x40,0x01,0x00,0x35,0xF8,0x00,0x00,0x2D,0x30,0x73,0x00,0x08,0x00,
  0x02,0x00,0x34,0x58,0x01,0x00,0x35,0xE0,0x75,0x00,0x34,0x70,0x01,0x00,0x35,0xCC,
  0x75,0x00,0x34,0x58,0x01,0x00,0x35,0xE0,0x73,0x00,0x08,0x78,0x02,0x00,0x08,0x79,
  0x02,0x00,0x08,0x7A,0x01,0x00,0x08,0x7B,0x01,0x00,0x34,0x40,0x01,0x00,0x35,0xF8,
  0x70,0x00,0x34,0x28,0x01,0x00,0x35,0x10,0x00,0x00,0x2D,0x31,0x75,0x00,0x34,0x14,
  0x01,0x00,0x35,0x28,0x75,0x00,0x34,0xFC,0x00,0x00,0x2C,0x30,0x01,0x00,0x35,0x3C,
  0x74,0x00,0x34,0xE4,0x01,0x00,0x35,0x54,0x75,0x00,0x34,0xCC,0x01,0x00,0x35,0x6C,
  0x75,0x00,0x34,0xB8,0x01,0x00,0x35,0x84,0x73,0x00,0x08,0x01,0x00,0x00,0x08,0x02,
  0x01,0x00,0x08,0x03,0x01,0x00,0x34,0xCC,0x01,0x00,0x35,0x6C,0x74,0x00,0x34,0xE4,
  0x01,0x00,0x35,0x54,0x73,0x00,0x08,0x00,0x02,0x00,0x34,0xFC,0x01,0x00,0x35,0x3C,
  0x75,0x00,0x34,0x14,0x00,0x00,0x2C,0x31,0x01,0x00,0x35,0x28,0x75,0x00,0x34,0x28,
  0x01,0x00,0x35,0x10,0x74,0x00,0x28,0x29,0x00,0x00,0x08,0x78,0x02,0x00,0x29,0x45,
  0x00,0x00,0x08,0x79,0x02,0x00,0x2A,0x3E,0x00,0x00,0x08,0x7A,0x02,0x00,0x2B,0x45,
  0x00,0x00,0x08,0x7B,0x01,0x00,0x34,0x40,0x01,0x00,0x35,0xF8,0x00,0x00,0x2D,0x30,
  0x01,0x00,0x08,0x07,0x02,0x00,0x08,0x7F,0x6B,0x00,0x34,0x58,0x01,0x00,0x35,0xE0,
  0x75,0x00,0x34,0x70,0x01,0x00,0x35,0xCC,0x75,0x00,0x34,0x58,0x00,0x00,0x35,0xE0,
  0x75,0x00,0x34,0x40,0x01,0x00,0x35,0xF8,0x75,0x00,0x34,0x28,0x01,0x00,0x35,0x10,
  0x00,0x00,0x2D,0x31,0x75,0x00,0x34,0x14,0x01,0x00,0x35,0x28,0x75,0x00,0x34,0xFC,
  0x00,0x00,0x2C,0x30,0x01,0x00,0x35,0x3C,0x74,0x00,0x34,0xE4,0x02,0x00,0x35,0x54,
  0x72,0x00,0x08,0x00,0x02,0x00,0x34,0xCC,0x02,0x00,0x35,0x6C,0x74,0x00,0x34,0xB8,
  0x01,0x00,0x35,0x84,0x75,0x00,0x34,0xCC,0x01,0x00,0x35,0x6C,0x73,0x00,0x08,0x78,
  0x03,0x00,0x34,0xE4,0x01,0x00,0x35,0x54,0x73,0x00,0x34,0xFC,0x01,0x00,0x35,0x3C,
  0x75,0x00,0x34,0x14,0x00,0x00,0x2C,0x31,0x01,0x00,0x35,0x28,0x75,0x00,0x34,0x28,
  0x01,0x00,0x35,0x10,0x75,0x00,0x34,0x40,0x01,0x00,0x35,0xF8,0x00,0x00,0x2D,0x30,
  0x74,0x00,0x34,0x58,0x01,0x00,0x35,0xE0,0x75,0x00,0x34,0x70,0x01,0x00,0x35,0xCC,
  0x75,0x00,0x34,0x58,0x01,0x00,0x35,0xE0,0x75,0x00,0x34,0x40,0x01,0x00,0x35,0xF8,
  0x72,0x00,0x08,0x00,0x03,0x00,0x34,0x28,0x01,0x00,0x35,0x10,0x00,0x00,0x2D,0x31,
  0x72,0x00,0x08,0x01,0x01,0x00,0x08,0x02,0x01,0x00,0x08,0x03,0x01,0x00,0x34,0x14,
  0x01,0x00,0x35,0x28,0x74,0x00,0x34,0xFC,0x00,0x00,0x2C,0x30,0x01,0x00,0x35,0x3C,
  0x74,0x00,0x28,0x2C,0x00,0x00,0x08,0x78,0x02,0x00,0x08,0x04,0x01,0x00,0x34,0xE4,
  0x00,0x00,0x35,0x54,0x02,0x00,0x08,0x07,0x01,0x00,0x08,0x7F,0x70,0x00,0x34,0xCC,
  0x01,0x00,0x35,0x6C,0x75,0x00,0x34,0xB8,0x01,0x00,0x35,0x84,0x75,0x00,0x34,0xCC,
  0x01,0x00,0x35,0x6C,0x75,0x00,0x34,0xE4,0x01,0x00,0x35,0x54,0x74,0x00,0x34,0xFC,
  0x01,0x00,0x35,0x3C,0x75,0x00,0x34,0x14,0x00,0x00,0x2C,0x31,0x01,0x00,0x35,0x28,
  0x75,0x00,0x34,0x28,0x01,0x00,0x35,0x10,0x75,0x00,0x34,0x40,0x01,0x00,0x35,0xF8,
  0x00,0x00,0x2D,0x30,0x72,0x00,0x08,0x00,0x03,0x00,0x34,0x58,0x01,0x00,0x35,0xE0,
  0x74,0x00,0x34,0x70,0x01,0x00,0x35,0xCC,0x75,0x00,0x34,0x58,0x01,0x00,0x35,0xE0,
  0x74,0x00,0x28,0x28,0x00,0x00,0x08,0x78,0x02,0x00,0x29,0x48,0x01,0x00,0x08,0x79,
  0x01,0x00,0x2A,0x41,0x01,0x00,0x08,0x7A,0x02,0x00,0x2B,0x48,0x00,0x00,0x08,0x7B,
  0x01,0x00,0x34,0x40,0x01,0x00,0x35,0xF8,0x6D,0x00,0x34,0x28,0x02,0x00,0x35,0x10,
  0x00,0x00,0x2D,0x31,0x74,0x00,0x34,0x14,0x01,0x00,0x35,0x28,0x75,0x00,0x34,0xFC,
  0x00,0x00,0x2C,0x30,0x01,0x00,0x35,0x3C,0x74,0x00,0x34,0xE4,0x02,0x00,0x35,0x54,
  0x74,0x00,0x34,0xCC,0x01,0x00,0x35,0x6C,0x75,0x00,0x34,0xB8,0x01,0x00,0x35,0x84,
  0x75,0x00,0x34,0xCC,0x01,0x00,0x35,0x6C,0x75,0x00,0x34,0xE4,0x01,0x00,0x35,0x54,
  0x75,0x00,0x34,0xFC,0x00,0x00,0x35,0x3C,0x75,0x00,0x34,0x14,0x01,0x00,0x2C,0x31,
  0x00,0x00,0x35,0x28,0x75,0x00,0x34,0x28,0x01,0x00,0x35,0x10,0x77,0x00,0x34,0x14,
  0x00,0x00,0x2C,0x32,0x00,0x00,0x08,0x7C,0x01,0x00,0x35,0xF8,0x00,0x00,0x2D,0x30,
  0x02,0x00,0x08,0x07,0x01,0x00,0x08,0x7F,0x70,0x00,0x35,0xE0,0x76,0x00,0x35,0xCC,
  0x73,0x00,0x08,0x01,0x01,0x00,0x08,0x02,0x01,0x00,0x08,0x03,0x01,0x00,0x35,0xE0,
  0x75,0x00,0x35,0xF8,0x76,0x00,0x35,0x10,0x00,0x00,0x2D,0x31,0x76,0x00,0x35,0x28,
  0x76,0x00,0x35,0x3C,0x75,0x00,0x35,0x54,0x73,0x00,0x08,0x00,0x03,0x00,0x35,0x6C,
  0x76,0x00,0x35,0x84,0x76,0x00,0x35,0x6C,0x74,0x00,0x08,0x78,0x02,0x00,0x08,0x79,
  0x01,0x00,0x08,0x7A,0x02,0x00,0x08,0x7B,0x01,0x00,0x35,0x54,0x71,0x00,0x35,0x3C,
  0x76,0x00,0x35,0x28,0x76,0x00,0x35,0x10,0x76,0x00,0x35,0xF8,0x00,0x00,0x2D,0x30,
  0x75,0x00,0x35,0xE0,0x76,0x00,0x35,0xCC,0x73,0x00,0x08,0x01,0x01,0x00,0x08,0x02,
  0x01,0x00,0x08,0x03,0x02,0x00,0x35,0xE0,0x75,0x00,0x35,0xF8,0x73,0x00,0x08,0x00,
  0x03,0x00,0x35,0x10,0x00,0x00,0x2D,0x31,0x75,0x00,0x35,0x28,0x76,0x00,0x35,0x3C,
  0x74,0x00,0x08,0x78,0x02,0x00,0x08,0x79,0x01,0x00,0x08,0x7A,0x02,0x00,0x08,0x7B,
  0x01,0x00,0x08,0x05,0x02,0x00,0x35,0x28,0x00,0x00,0x2D,0x32,0x00,0x00,0x08,0x7D,
  0x01,0x00,0x08,0x07,0x02,0x00,0x08,0x7F,0x2D,0x03,0x08,0x01,0x00,0x00,0x08,0x02,
  0x01,0x00,0x08,0x03,0x01,0x00,0x34,0x28,0x75,0x00,0x34,0x40,0x74,0x00,0x08,0x00,
  0x02,0x00,0x34,0x58,0x76,0x00,0x34,0x70,0x75,0x00,0x34,0x58,0x75,0x00,0x08,0x78,
  0x02,0x00,0x08,0x79,0x02,0x00,0x08,0x7A,0x01,0x00,0x08,0x7B,0x01,0x00,0x34,0x40,
  0x71,0x00,0x34,0x28,0x76,0x00,0x34,0x14,0x75,0x00,0x34,0xFC,0x01,0x00,0x2C,0x31,
  0x75,0x00,0x34,0xE4,0x76,0x00,0x34,0xCC,0x76,0x00,0x34,0xB8,0x74,0x00,0x08,0x01,
  0x00,0x00,0x08,0x02,0x01,0x00,0x08,0x03,0x01,0x00,0x34,0xCC,0x75,0x00,0x34,0xE4,
  0x74,0x00,0x08,0x00,0x02,0x00,0x34,0xFC,0x76,0x00,0x34,0x14,0x00,0x00,0x2C,0x32,
  0x76,0x00,0x34,0x28,0x74,0x00,0x08,0x78,0x02,0x00,0x29,0x4C,0x00,0x00,0x08,0x79,
  0x02,0x00,0x2A,0x45,0x01,0x00,0x08,0x7A,0x01,0x00,0x2B,0x4C,0x01,0x00,0x08,0x7B,
  0x01,0x00,0x34,0x40,0x01,0x00,0x08,0x07,0x02,0x00,0x08,0x7F,0x6C,0x00,0x34,0x58,
  0x76,0x00,0x34,0x70,0x76,0x00,0x34,0x58,0x75,0x00,0x34,0x40,0x77,0x00,0x34,0x28,
  0x75,0x00,0x34,0x14,0x75,0x00,0x34,0xFC,0x01,0x00,0x2C,0x31,0x01,0x00,0x35,0x3C,
  0x74,0x00,0x34,0xE4,0x02,0x00,0x35,0x54,0x72,0x00,0x08,0x00,0x02,0x00,0x34,0xCC,
  0x01,0x00,0x35,0x6C,0x75,0x00,0x34,0xB8,0x01,0x00,0x35,0x84,0x75,0x00,0x34,0xCC,
  0x01,0x00,0x35,0x6C,0x74,0x00,0x08,0x78,0x02,0x00,0x34,0xE4,0x01,0x00,0x35,0x54,
  0x73,0x00,0x34,0xFC,0x01,0x00,0x35,0x3C,0x75,0x00,0x34,0x14,0x00,0x00,0x2C,0x32,
  0x01,0x00,0x35,0x28,0x75,0x00,0x34,0x28,0x01,0x00,0x35,0x10,0x74,0x00,0x34,0x40,
  0x01,0x00,0x35,0xF8,0x00,0x00,0x2D,0x31,0x75,0x00,0x34,0x58,0x01,0x00,0x35,0xE0,
  0x75,0x00,0x34,0x70,0x01,0x00,0x35,0xCC,0x75,0x00,0x34,0x58,0x01,0x00,0x35,0xE0,
  0x75,0x00,0x34,0x40,0x01,0x00,0x35,0xF8,0x72,0x00,0x08,0x00,0x03,0x00,0x34,0x28,
  0x01,0x00,0x35,0x10,0x00,0x00,0x2D,0x32,0x72,0x00,0x08,0x01,0x01,0x00,0x08,0x02,
  0x01,0x00,0x08,0x03,0x01,0x00,0x34,0x14,0x01,0x00,0x35,0x28,0x74,0x00,0x34,0xFC,
  0x00,0x00,0x2C,0x31,0x01,0x00,0x35,0x3C,0x74,0x00,0x08,0x78,0x02,0x00,0x34,0xE4,
  0x01,0x00,0x35,0x54,0x01,0x00,0x08,0x07,0x02,0x00,0x08,0x7F,0x70,0x00,0x34,0xCC,
  0x01,0x00,0x35,0x6C,0x75,0x00,0x34,0xB8,0x01,0x00,0x35,0x84,0x75,0x00,0x34,0xCC,
  0x01,0x00,0x35,0x6C,0x75,0x00,0x34,0xE4,0x01,0x00,0x35,0x54,0x74,0x00,0x34,0xFC,
  0x01,0x00,0x35,0x3C,0x75,0x00,0x34,0x14,0x00,0x00,0x2C,0x32,0x01,0x00,0x35,0x28,
  0x75,0x00,0x34,0x28,0x01,0x00,0x35,0x10,0x75,0x00,0x34,0x40,0x01,0x00,0x35,0xF8,
  0x00,0x00,0x2D,0x31,0x72,0x00,0x08,0x00,0x03,0x00,0x34,0x58,0x01,0x00,0x35,0xE0,
  0x74,0x00,0x34,0x70,0x01,0x00,0x35,0xCC,0x75,0x00,0x34,0x58,0x01,0x00,0x35,0xE0,
  0x74,0x00,0x08,0x78,0x02,0x00,0x29,0x48,0x00,0x00,0x08,0x79,0x02,0x00,0x2A,0x41,
  0x00,0x00,0x08,0x7A,0x01,0x00,0x2B,0x48,0x01,0x00,0x08,0x7B,0x01,0x00,0x34,0x40,
  0x01,0x00,0x35,0xF8,0x6E,0x00,0x34,0x28,0x01,0x00,0x35,0x10,0x00,0x00,0x2D,0x32,
  0x75,0x00,0x34,0x14,0x01,0x00,0x35,0x28,0x75,0x00,0x34,0xFC,0x00,0x00,0x2C,0x31,
  0x01,0x00,0x35,0x3C,0x75,0x00,0x34,0xE4,0x01,0x00,0x35,0x54,0x74,0x00,0x34,0xCC,
  0x02,0x00,0x35,0x6C,0x74,0x00,0x34,0xB8,0x01,0x00,0x35,0x84,0x75,0x00,0x34,0xCC,
  0x01,0x00,0x35,0x6C,0x75,0x00,0x34,0xE4,0x01,0x00,0x35,0x54,0x72,0x00,0x08,0x00,
  0x03,0x00,0x34,0xFC,0x01,0x00,0x35,0x3C,0x74,0x00,0x34,0x14,0x00,0x00,0x2C,0x32,
  0x01,0x00,0x35,0x28,0x75,0x00,0x34,0x28,0x01,0x00,0x35,0x10,0x74,0x00,0x08,0x78,
  0x02,0x00,0x34,0x40,0x01,0x00,0x35,0xF8,0x00,0x00,0x2D,0x31,0x01,0x00,0x08,0x07,
  0x02,0x00,0x08,0x7F,0x71,0x00,0x34,0x58,0x00,0x00,0x35,0xE0,0x75,0x00,0x34,0x70,
  0x01,0x00,0x35,0xCC,0x73,0x00,0x08,0x01,0x01,0x00,0x08,0x02,0x01,0x00,0x08,0x03,
  0x01,0x00,0x34,0x58,0x01,0x00,0x35,0xE0,0x74,0x00,0x34,0x40,0x01,0x00,0x35,0xF8,
  0x74,0x00,0x34,0x28,0x02,0x00,0x35,0x10,0x00,0x00,0x2D,0x32,0x74,0x00,0x34,0x14,
  0x02,0x00,0x35,0x28,0x74,0x00,0x34,0xFC,0x00,0x00,0x2C,0x31,0x01,0x00,0x35,0x3C,
  0x75,0x00,0x34,0xE4,0x01,0x00,0x35,0x54,0x72,0x00,0x08,0x00,0x03,0x00,0x34,0xCC,
  0x01,0x00,0x35,0x6C,0x74,0x00,0x34,0xB8,0x02,0x00,0x35,0x84,0x74,0x00,0x34,0xCC,
  0x01,0x00,0x35,0x6C,0x74,0x00,0x08,0x78,0x02,0x00,0x08,0x79,0x01,0x00,0x08,0x7A,
  0x02,0x00,0x08,0x7B,0x01,0x00,0x34,0xE4,0x01,0x00,0x35,0x54,0x6F,0x00,0x34,0xFC,
  0x02,0x00,0x35,0x3C,0x74,0x00,0x34,0x14,0x01,0x00,0x2C,0x32,0x00,0x00,0x35,0x28,
  0x75,0x00,0x34,0x28,0x01,0x00,0x35,0x10,0x75,0x00,0x34,0x40,0x01,0x00,0x35,0xF8,
  0x00,0x00,0x2D,0x31,0x75,0x00,0x34,0x58,0x01,0x00,0x35,0xE0,0x75,0x00,0x34,0x70,
  0x01,0x00,0x35,0xCC,0x72,0x00,0x08,0x01,0x01,0x00,0x08,0x02,0x01,0x00,0x08,0x03,
  0x01,0x00,0x34,0x58,0x01,0x00,0x35,0xE0,0x74,0x00,0x34,0x40,0x01,0x00,0x35,0xF8,
  0x72,0x00,0x08,0x00,0x03,0x00,0x34,0x28,0x01,0x00,0x35,0x10,0x00,0x00,0x2D,0x32,
  0x75,0x00,0x34,0x14,0x01,0x00,0x35,0x28,0x74,0x00,0x34,0xFC,0x00,0x00,0x2C,0x31,
  0x01,0x00,0x35,0x3C,0x74,0x00,0x08,0x78,0x02,0x00,0x08,0x79,0x01,0x00,0x08,0x7A,
  0x02,0x00,0x08,0x7B,0x01,0x00,0x34,0xE4,0x01,0x00,0x35,0x54,0x01,0x00,0x08,0x07,
  0x02,0x00,0x08,0x7F,0x6D,0x00,0x34,0xCC,0x01,0x00,0x35,0x6C,0x75,0x00,0x34,0xB8,
  0x01,0x00,0x35,0x84,0x74,0x00,0x34,0xCC,0x01,0x00,0x35,0x6C,0x75,0x00,0x34,0xE4,
  0x01,0x00,0x35,0x54,0x75,0x00,0x34,0xFC,0x01,0x00,0x35,0x3C,0x74,0x00,0x34,0x14,
  0x01,0x00,0x2C,0x32,0x01,0x00,0x35,0x28,0x73,0x00,0x08,0x01,0x00,0x00,0x08,0x02,
  0x01,0x00,0x08,0x03,0x01,0x00,0x34,0x28,0x01,0x00,0x35,0x10,0x74,0x00,0x34,0x40,
  0x01,0x00,0x35,0xF8,0x00,0x00,0x2D,0x31,0x73,0x00,0x08,0x00,0x02,0x00,0x34,0x58,
  0x01,0x00,0x35,0xE0,0x75,0x00,0x34,0x70,0x01,0x00,0x35,0xCC,0x74,0x00,0x34,0x58,
  0x02,0x00,0x35,0xE0,0x73,0x00,0x08,0x78,0x02,0x00,0x08,0x79,0x02,0x00,0x08,0x7A,
  0x01,0x00,0x08,0x7B,0x01,0x00,0x34,0x40,0x01,0x00,0x35,0xF8,0x70,0x00,0x34,0x28,
  0x01,0x00,0x35,0x10,0x00,0x00,0x2D,0x32,0x75,0x00,0x34,0x14,0x01,0x00,0x35,0x28,
  0x74,0x00,0x34,0xFC,0x01,0x00,0x2C,0x31,0x00,0x00,0x35,0x3C,0x75,0x00,0x34,0xE4,
  0x01,0x00,0x35,0x54,0x75,0x00,0x34,0xCC,0x01,0x00,0x35,0x6C,0x75,0x00,0x34,0xB8,
  0x01,0x00,0x35,0x84,0x73,0x00,0x08,0x01,0x00,0x00,0x08,0x02,0x01,0x00,0x08,0x03,
  0x01,0x00,0x34,0xCC,0x01,0x00,0x35,0x6C,0x74,0x00,0x34,0xE4,0x01,0x00,0x35,0x54,
  0x73,0x00,0x08,0x00,0x02,0x00,0x34,0xFC,0x02,0x00,0x35,0x3C,0x74,0x00,0x34,0x14,
  0x00,0x00,0x2C,0x32,0x01,0x00,0x35,0x28,0x75,0x00,0x34,0x28,0x01,0x00,0x35,0x10,
  0x74,0x00,0x08,0x78,0x01,0x00,0x29,0x45,0x00,0x00,0x08,0x79,0x02,0x00,0x2A,0x3E,
  0x01,0x00,0x08,0x7A,0x01,0x00,0x2B,0x45,0x00,0x00,0x08,0x7B,0x01,0x00,0x34,0x40,
  0x02,0x00,0x35,0xF8,0x00,0x00,0x2D,0x31,0x01,0x00,0x08,0x07,0x01,0x00,0x08,0x7F,
  0x6C,0x00,0x34,0x58,0x01,0x00,0x35,0xE0,0x75,0x00,0x34,0x70,0x01,0x00,0x35,0xCC,
  0x74,0x00,0x34,0x58,0x02,0x00,0x35,0xE0,0x74,0x00,0x34,0x40,0x01,0x00,0x35,0xF8,
  0x75,0x00,0x34,0x28,0x01,0x00,0x35,0x10,0x00,0x00,0x2D,0x32,0x75,0x00,0x34,0x14,
  0x01,0x00,0x35,0x28,0x75,0x00,0x34,0xFC,0x00,0x00,0x2C,0x31,0x01,0x00,0x35,0x3C,
  0x74,0x00,0x34,0xE4,0x01,0x00,0x35,0x54,0x73,0x00,0x08,0x00,0x02,0x00,0x34,0xCC,
  0x01,0x00,0x35,0x6C,0x75,0x00,0x34,0xB8,0x01,0x00,0x35,0x84,0x75,0x00,0x34,0xCC,
  0x01,0x00,0x35,0x6C,0x73,0x00,0x08,0x78,0x03,0x00,0x34,0xE4,0x01,0x00,0x35,0x54,
  0x73,0x00,0x34,0xFC,0x01,0x00,0x35,0x3C,0x75,0x00,0x34,0x14,0x00,0x00,0x2C,0x32,
  0x01,0x00,0x35,0x28,0x75,0x00,0x34,0x28,0x01,0x00,0x35,0x10,0x75,0x00,0x34,0x40,
  0x01,0x00,0x35,0xF8,0x00,0x00,0x2D,0x31,0x74,0x00,0x34,0x58,0x01,0x00,0x35,0xE0,
  0x75,0x00,0x34,0x70,0x01,0x00,0x35,0xCC,0x75,0x00,0x34,0x58,0x01,0x00,0x35,0xE0,
  0x75,0x00,0x34,0x40,0x01,0x00,0x35,0xF8,0x72,0x00,0x08,0x00,0x02,0x00,0x34,0x28,
  0x02,0x00,0x35,0x10,0x00,0x00,0x2D,0x32,0x72,0x00,0x08,0x01,0x01,0x00,0x08,0x02,
  0x01,0x00,0x08,0x03,0x01,0x00,0x34,0x14,0x01,0x00,0x35,0x28,0x74,0x00,0x34,0xFC,
  0x00,0x00,0x2C,0x31,0x01,0x00,0x35,0x3C,0x74,0x00,0x08,0x78,0x01,0x00,0x08,0x04,
  0x01,0x00,0x34,0xE4,0x01,0x00,0x35,0x54,0x01,0x00,0x08,0x07,0x02,0x00,0x08,0x7F,
  0x70,0x00,0x34,0xCC,0x01,0x00,0x35,0x6C,0x75,0x00,0x34,0xB8,0x01,0x00,0x35,0x84,
  0x75,0x00,0x34,0xCC,0x01,0x00,0x35,0x6C,0x74,0x00,0x34,0xE4,0x02,0x00,0x35,0x54,
  0x74,0x00,0x34,0xFC,0x02,0x00,0x35,0x3C,0x74,0x00,0x34,0x14,0x00,0x00,0x2C,0x32,
  0x01,0x00,0x35,0x28,0x75,0x00,0x34,0x28,0x01,0x00,0x35,0x10,0x75,0x00,0x34,0x40,
  0x01,0x00,0x35,0xF8,0x00,0x00,0x2D,0x31,0x72,0x00,0x08,0x00,0x03,0x00,0x34,0x58,
  0x01,0x00,0x35,0xE0,0x74,0x00,0x34,0x70,0x01,0x00,0x35,0xCC,0x75,0x00,0x34,0x58,
  0x01,0x00,0x35,0xE0,0x74,0x00,0x08,0x78,0x02,0x00,0x29,0x48,0x00,0x00,0x08,0x79,
  0x02,0x00,0x2A,0x41,0x00,0x00,0x08,0x7A,0x02,0x00,0x2B,0x48,0x01,0x00,0x08,0x7B,
  0x00,0x00,0x34,0x40,0x02,0x00,0x35,0xF8,0x6D,0x00,0x34,0x28,0x01,0x00,0x35,0x10,
  0x01,0x00,0x2D,0x32,0x74,0x00,0x34,0x14,0x01,0x00,0x35,0x28,0x75,0x00,0x34,0xFC,
  0x00,0x00,0x2C,0x31,0x01,0x00,0x35,0x3C,0x75,0x00,0x34,0xE4,0x01,0x00,0x35,0x54,
  0x75,0x00,0x34,0xCC,0x01,0x00,0x35,0x6C,0x74,0x00,0x34,0xB8,0x01,0x00,0x35,0x84,
  0x75,0x00,0x34,0xCC,0x01,0x00,0x35,0x6C,0x75,0x00,0x34,0xE4,0x01,0x00,0x35,0x54,
  0x72,0x00,0x08,0x00,0x03,0x00,0x34,0xFC,0x01,0x00,0x35,0x3C,0x74,0x00,0x34,0x14,
  0x00,0x00,0x2C,0x32,0x01,0x00,0x35,0x28,0x75,0x00,0x34,0x28,0x01,0x00,0x35,0x10,
  0x74,0x00,0x08,0x78,0x03,0x00,0x34,0x14,0x00,0x00,0x2C,0x2E,0x01,0x00,0x08,0x7C,
  0x00,0x00,0x35,0xF8,0x01,0x00,0x2D,0x31,0x01,0x00,0x08,0x07,0x02,0x00,0x08,0x7F,
  0x6F,0x00,0x35,0xE0,0x76,0x00,0x35,0xCC,0x73,0x00,0x08,0x01,0x01,0x00,0x08,0x02,
  0x01,0x00,0x08,0x03,0x01,0x00,0x35,0xE0,0x75,0x00,0x35,0xF8,0x76,0x00,0x35,0x10,
  0x00,0x00,0x2D,0x32,0x76,0x00,0x35,0x28,0x76,0x00,0x35,0x3C,0x75,0x00,0x35,0x54,
  0x73,0x00,0x08,0x00,0x04,0x00,0x35,0x6C,0x75,0x00,0x35,0x84,0x76,0x00,0x35,0x6C,
  0x74,0x00,0x08,0x78,0x02,0x00,0x08,0x79,0x01,0x00,0x08,0x7A,0x02,0x00,0x08,0x7B,
  0x01,0x00,0x35,0x54,0x71,0x00,0x35,0x3C,0x76,0x00,0x35,0x28,0x76,0x00,0x35,0x10,
  0x75,0x00,0x35,0xF8,0x00,0x00,0x2D,0x31,0x76,0x00,0x35,0xE0,0x76,0x00,0x35,0xCC,
  0x73,0x00,0x08,0x01,0x01,0x00,0x08,0x02,0x01,0x00,0x08,0x03,0x02,0x00,0x35,0xE0,
  0x74,0x00,0x35,0xF8,0x73,0x00,0x08,0x00,0x04,0x00,0x35,0x10,0x00,0x00,0x2D,0x32,
  0x75,0x00,0x35,0x28,0x76,0x00,0x35,0x3C,0x74,0x00,0x08,0x78,0x02,0x00,0x08,0x79,
  0x01,0x00,0x08,0x7A,0x02,0x00,0x08,0x7B,0x01,0x00,0x08,0x05,0x02,0x00,0x35,0x28,
  0x00,0x00,0x2D,0x2E,0x00,0x00,0x08,0x7D,0x01,0x00,0x08,0x07,0x02,0x00,0x08,0x7F,
  0x2C,0x03,0x08,0x01,0x01,0x00,0x08,0x02,0x01,0x00,0x08,0x03,0x01,0x00,0x34,0x28,
  0x75,0x00,0x34,0x40,0x73,0x00,0x08,0x00,0x03,0x00,0x34,0x58,0x75,0x00,0x34,0x70,
  0x76,0x00,0x34,0x58,0x75,0x00,0x08,0x78,0x02,0x00,0x08,0x79,0x02,0x00,0x08,0x7A,
  0x01,0x00,0x08,0x7B,0x01,0x00,0x34,0x40,0x71,0x00,0x34,0x28,0x76,0x00,0x34,0x14,
  0x75,0x00,0x34,0xFC,0x01,0x00,0x2C,0x2D,0x75,0x00,0x34,0xE4,0x76,0x00,0x34,0xCC,
  0x76,0x00,0x34,0xB8,0x74,0x00,0x08,0x01,0x00,0x00,0x08,0x02,0x01,0x00,0x08,0x03,
  0x01,0x00,0x34,0xCC,0x75,0x00,0x34,0xE4,0x74,0x00,0x08,0x00,0x02,0x00,0x34,0xFC,
  0x75,0x00,0x34,0x14,0x01,0x00,0x2C,0x2E,0x75,0x00,0x34,0x28,0x76,0x00,0x08,0x78,
  0x01,0x00,0x29,0x4C,0x00,0x00,0x08,0x79,0x02,0x00,0x2A,0x45,0x00,0x00,0x08,0x7A,
  0x02,0x00,0x2B,0x4C,0x01,0x00,0x08,0x7B,0x00,0x00,0x34,0x40,0x02,0x00,0x08,0x07,
  0x02,0x00,0x08,0x7F,0x6C,0x00,0x34,0x58,0x76,0x00,0x34,0x70,0x75,0x00,0x34,0x58,
  0x76,0x00,0x34,0x40,0x76,0x00,0x34,0x28,0x76,0x00,0x34,0x14,0x76,0x00,0x34,0xFC,
  0x00,0x00,0x2C,0x2D,0x01,0x00,0x35,0x3C,0x74,0x00,0x34,0xE4,0x01,0x00,0x35,0x54,
  0x73,0x00,0x08,0x00,0x02,0x00,0x34,0xCC,0x01,0x00,0x35,0x6C,0x75,0x00,0x34,0xB8,
  0x01,0x00,0x35,0x84,0x75,0x00,0x34,0xCC,0x01,0x00,0x35,0x6C,0x73,0x00,0x08,0x78,
  0x03,0x00,0x34,0xE4,0x01,0x00,0x35,0x54,0x73,0x00,0x34,0xFC,0x01,0x00,0x35,0x3C,
  0x75,0x00,0x34,0x14,0x00,0x00,0x2C,0x2E,0x01,0x00,0x35,0x28,0x75,0x00,0x34,0x28,
  0x01,0x00,0x35,0x10,0x75,0x00,0x34,0x40,0x00,0x00,0x35,0xF8,0x01,0x00,0x2D,0x2D,
  0x74,0x00,0x34,0x58,0x01,0x00,0x35,0xE0,0x75,0x00,0x34,0x70,0x01,0x00,0x35,0xCC,
  0x75,0x00,0x34,0x58,0x01,0x00,0x35,0xE0,0x74,0x00,0x34,0x40,0x01,0x00,0x35,0xF8,
  0x73,0x00,0x08,0x00,0x02,0x00,0x34,0x28,0x02,0x00,0x35,0x10,0x00,0x00,0x2D,0x2E,
  0x72,0x00,0x08,0x01,0x01,0x00,0x08,0x02,0x01,0x00,0x08,0x03,0x01,0x00,0x34,0x14,
  0x01,0x00,0x35,0x28,0x74,0x00,0x34,0xFC,0x00,0x00,0x2C,0x2D,0x01,0x00,0x35,0x3C,
  0x74,0x00,0x08,0x78,0x02,0x00,0x34,0xE4,0x01,0x00,0x35,0x54,0x01,0x00,0x08,0x07,
  0x02,0x00,0x08,0x7F,0x70,0x00,0x34,0xCC,0x01,0x00,0x35,0x6C,0x75,0x00,0x34,0xB8,
  0x01,0x00,0x35,0x84,0x75,0x00,0x34,0xCC,0x01,0x00,0x35,0x6C,0x75,0x00,0x34,0xE4,
  0x01,0x00,0x35,0x54,0x74,0x00,0x34,0xFC,0x01,0x00,0x35,0x3C,0x75,0x00,0x34,0x14,
  0x00,0x00,0x2C,0x2E,0x01,0x00,0x35,0x28,0x75,0x00,0x34,0x28,0x01,0x00,0x35,0x10,
  0x75,0x00,0x34,0x40,0x01,0x00,0x35,0xF8,0x00,0x00,0x2D,0x2D,0x72,0x00,0x08,0x00,
  0x03,0x00,0x34,0x58,0x01,0x00,0x35,0xE0,0x74,0x00,0x34,0x70,0x01,0x00,0x35,0xCC,
  0x75,0x00,0x34,0x58,0x01,0x00,0x35,0xE0,0x74,0x00,0x08,0x78,0x02,0x00,0x29,0x48,
  0x00,0x00,0x08,0x79,0x02,0x00,0x2A,0x41,0x00,0x00,0x08,0x7A,0x02,0x00,0x2B,0x48,
  0x00,0x00,0x08,0x7B,0x01,0x00,0x34,0x40,0x01,0x00,0x35,0xF8,0x6E,0x00,0x34,0x28,
  0x01,0x00,0x35,0x10,0x00,0x00,0x2D,0x2E,0x75,0x00,0x34,0x14,0x01,0x00,0x35,0x28,
  0x75,0x00,0x34,0xFC,0x00,0x00,0x2C,0x2D,0x01,0x00,0x35,0x3C,0x75,0x00,0x34,0xE4,
  0x01,0x00,0x35,0x54,0x74,0x00,0x34,0xCC,0x01,0x00,0x35,0x6C,0x75,0x00,0x34,0xB8,
  0x01,0x00,0x35,0x84,0x75,0x00,0x34,0xCC,0x01,0x00,0x35,0x6C,0x75,0x00,0x34,0xE4,
  0x01,0x00,0x35,0x54,0x72,0x00,0x08,0x00,0x03,0x00,0x34,0xFC,0x01,0x00,0x35,0x3C,
  0x74,0x00,0x34,0x14,0x00,0x00,0x2C,0x2E,0x01,0x00,0x35,0x28,0x75,0x00,0x34,0x28,
  0x01,0x00,0x35,0x10,0x74,0x00,0x08,0x78,0x02,0x00,0x34,0x40,0x01,0x00,0x35,0xF8,
  0x01,0x00,0x2D,0x2D,0x00,0x00,0x08,0x07,0x02,0x00,0x08,0x7F,0x70,0x00,0x34,0x58,
  0x02,0x00,0x35,0xE0,0x74,0x00,0x34,0x70,0x01,0x00,0x35,0xCC,0x73,0x00,0x08,0x01,
  0x01,0x00,0x08,0x02,0x00,0x00,0x08,0x03,0x02,0x00,0x34,0x58,0x01,0x00,0x35,0xE0,
  0x74,0x00,0x34,0x40,0x00,0x00,0x35,0xF8,0x76,0x00,0x34,0x28,0x00,0x00,0x35,0x10,
  0x01,0x00,0x2D,0x2E,0x74,0x00,0x34,0x14,0x01,0x00,0x35,0x28,0x75,0x00,0x34,0xFC,
  0x00,0x00,0x2C,0x2D,0x01,0x00,0x35,0x3C,0x75,0x00,0x34,0xE4,0x01,0x00,0x35,0x54,
  0x72,0x00,0x08,0x00,0x03,0x00,0x34,0xCC,0x01,0x00,0x35,0x6C,0x74,0x00,0x34,0xB8,
  0x01,0x00,0x35,0x84,0x75,0x00,0x34,0xCC,0x01,0x00,0x35,0x6C,0x74,0x00,0x08,0x78,
  0x02,0x00,0x08,0x79,0x01,0x00,0x08,0x7A,0x02,0x00,0x08,0x7B,0x01,0x00,0x34,0xE4,
  0x01,0x00,0x35,0x54,0x70,0x00,0x34,0xFC,0x01,0x00,0x35,0x3C,0x74,0x00,0x34,0x14,
  0x01,0x00,0x2C,0x2E,0x00,0x00,0x35,0x28,0x75,0x00,0x34,0x28,0x01,0x00,0x35,0x10,
  0x75,0x00,0x34,0x40,0x01,0x00,0x35,0xF8,0x00,0x00,0x2D,0x2D,0x75,0x00,0x34,0x58,
  0x01,0x00,0x35,0xE0,0x74,0x00,0x34,0x70,0x02,0x00,0x35,0xCC,0x72,0x00,0x08,0x01,
  0x01,0x00,0x08,0x02,0x01,0x00,0x08,0x03,0x01,0x00,0x34,0x58,0x01,0x00,0x35,0xE0,
  0x74,0x00,0x34,0x40,0x01,0x00,0x35,0xF8,0x72,0x00,0x08,0x00,0x03,0x00,0x34,0x28,
  0x01,0x00,0x35,0x10,0x00,0x00,0x2D,0x2E,0x74,0x00,0x34,0x14,0x02,0x00,0x35,0x28,
  0x74,0x00,0x34,0xFC,0x00,0x00,0x2C,0x2D,0x01,0x00,0x35,0x3C,0x75,0x00,0x08,0x78,
  0x01,0x00,0x08,0x79,0x02,0x00,0x08,0x7A,0x02,0x00,0x08,0x7B,0x01,0x00,0x34,0xE4,
  0x01,0x00,0x35,0x54,0x01,0x00,0x08,0x07,0x01,0x00,0x08,0x7F,0x6D,0x00,0x34,0xCC,
  0x01,0x00,0x35,0x6C,0x74,0x00,0x34,0xB8,0x02,0x00,0x35,0x84,0x74,0x00,0x34,0xCC,
  0x01,0x00,0x35,0x6C,0x75,0x00,0x34,0xE4,0x01,0x00,0x35,0x54,0x75,0x00,0x34,0xFC,
  0x01,0x00,0x35,0x3C,0x75,0x00,0x34,0x14,0x00,0x00,0x2C,0x2E,0x01,0x00,0x35,0x28,
  0x72,0x00,0x08,0x01,0x01,0x00,0x08,0x02,0x01,0x00,0x08,0x03,0x01,0x00,0x34,0x28,
  0x01,0x00,0x35,0x10,0x74,0x00,0x34,0x40,0x01,0x00,0x35,0xF8,0x00,0x00,0x2D,0x2D,
  0x72,0x00,0x08,0x00,0x03,0x00,0x34,0x58,0x01,0x00,0x35,0xE0,0x75,0x00,0x34,0x70,
  0x01,0x00,0x35,0xCC,0x74,0x00,0x34,0x58,0x01,0x00,0x35,0xE0,0x74,0x00,0x08,0x78,
  0x02,0x00,0x08,0x79,0x01,0x00,0x08,0x7A,0x02,0x00,0x08,0x7B,0x01,0x00,0x34,0x40,
  0x01,0x00,0x35,0xF8,0x70,0x00,0x34,0x28,0x01,0x00,0x35,0x10,0x00,0x00,0x2D,0x2E,
  0x75,0x00,0x34,0x14,0x01,0x00,0x35,0x28,0x74,0x00,0x34,0xFC,0x01,0x00,0x2C,0x2D,
  0x00,0x00,0x35,0x3C,0x75,0x00,0x34,0xE4,0x01,0x00,0x35,0x54,0x75,0x00,0x34,0xCC,
  0x01,0x00,0x35,0x6C,0x75,0x00,0x34,0xB8,0x01,0x00,0x35,0x84,0x73,0x00,0x08,0x01,
  0x00,0x00,0x08,0x02,0x01,0x00,0x08,0x03,0x01,0x00,0x34,0xCC,0x01,0x00,0x35,0x6C,
  0x74,0x00,0x34,0xE4,0x01,0x00,0x35,0x54,0x73,0x00,0x08,0x00,0x02,0x00,0x34,0xFC,
  0x01,0x00,0x35,0x3C,0x75,0x00,0x34,0x14,0x00,0x00,0x2C,0x2E,0x01,0x00,0x35,0x28,
  0x74,0x00,0x34,0x28,0x02,0x00,0x35,0x10,0x73,0x00,0x08,0x78,0x02,0x00,0x29,0x45,
  0x00,0x00,0x08,0x79,0x02,0x00,0x2A,0x3E,0x00,0x00,0x08,0x7A,0x02,0x00,0x2B,0x45,
  0x00,0x00,0x08,0x7B,0x02,0x00,0x34,0x40,0x00,0x00,0x35,0xF8,0x01,0x00,0x2D,0x2D,
  0x01,0x00,0x08,0x07,0x01,0x00,0x08,0x7F,0x6C,0x00,0x34,0x58,0x01,0x00,0x35,0xE0,
  0x75,0x00,0x34,0x70,0x01,0x00,0x35,0xCC,0x74,0x00,0x34,0x58,0x02,0x00,0x35,0xE0,
  0x74,0x00,0x34,0x40,0x01,0x00,0x35,0xF8,0x75,0x00,0x34,0x28,0x01,0x00,0x35,0x10,
  0x00,0x00,0x2D,0x2E,0x75,0x00,0x34,0x14,0x01,0x00,0x35,0x28,0x75,0x00,0x34,0xFC,
  0x00,0x00,0x2C,0x2D,0x01,0x00,0x35,0x3C,0x74,0x00,0x34,0xE4,0x01,0x00,0x35,0x54,
  0x73,0x00,0x08,0x00,0x02,0x00,0x34,0xCC,0x01,0x00,0x35,0x6C,0x75,0x00,0x34,0xB8,
  0x01,0x00,0x35,0x84,0x75,0x00,0x34,0xCC,0x01,0x00,0x35,0x6C,0x73,0x00,0x28,0x31,
  0x01,0x00,0x08,0x78,0x02,0x00,0x34,0xE4,0x01,0x00,0x35,0x54,0x73,0x00,0x34,0xFC,
  0x01,0x00,0x35,0x3C,0x75,0x00,0x34,0x14,0x00,0x00,0x2C,0x2E,0x01,0x00,0x35,0x28,
  0x75,0x00,0x34,0x28,0x01,0x00,0x35,0x10,0x74,0x00,0x34,0x40,0x01,0x00,0x35,0xF8,
  0x00,0x00,0x2D,0x2D,0x75,0x00,0x34,0x58,0x01,0x00,0x35,0xE0,0x75,0x00,0x34,0x70,
  0x01,0x00,0x35,0xCC,0x75,0x00,0x34,0x58,0x01,0x00,0x35,0xE0,0x74,0x00,0x34,0x40,
  0x01,0x00,0x35,0xF8,0x73,0x00,0x08,0x00,0x02,0x00,0x34,0x28,0x01,0x00,0x35,0x10,
  0x01,0x00,0x2D,0x2E,0x72,0x00,0x08,0x01,0x01,0x00,0x08,0x02,0x01,0x00,0x08,0x03,
  0x01,0x00,0x34,0x14,0x01,0x00,0x35,0x28,0x74,0x00,0x34,0xFC,0x00,0x00,0x2C,0x2D,
  0x00,0x00,0x35,0x3C,0x75,0x00,0x28,0x2D,0x00,0x00,0x08,0x78,0x02,0x00,0x08,0x04,
  0x00,0x00,0x34,0xE4,0x01,0x00,0x35,0x54,0x02,0x00,0x08,0x07,0x71,0x00,0x34,0xCC,
  0x01,0x00,0x35,0x6C,0x75,0x00,0x34,0xB8,0x01,0x00,0x35,0x84,0x75,0x00,0x34,0xCC,
  0x01,0x00,0x35,0x6C,0x74,0x00,0x34,0xE4,0x02,0x00,0x35,0x54,0x74,0x00,0x34,0xFC,
  0x01,0x00,0x35,0x3C,0x75,0x00,0x34,0x14,0x00,0x00,0x2C,0x2E,0x01,0x00,0x35,0x28,
  0x75,0x00,0x34,0x28,0x01,0x00,0x35,0x10,0x75,0x00,0x34,0x40,0x01,0x00,0x35,0xF8,
  0x00,0x00,0x2D,0x2D,0x72,0x00,0x08,0x00,0x03,0x00,0x34,0x58,0x01,0x00,0x35,0xE0,
  0x74,0x00,0x34,0x70,0x01,0x00,0x35,0xCC,0x75,0x00,0x34,0x58,0x01,0x00,0x35,0xE0,
  0x74,0x00,0x28,0x28,0x00,0x00,0x08,0x78,0x02,0x00,0x29,0x48,0x00,0x00,0x08,0x79,
  0x02,0x00,0x2A,0x41,0x01,0x00,0x08,0x7A,0x02,0x00,0x2B,0x48,0x00,0x00,0x08,0x7B,
  0x01,0x00,0x34,0x40,0x01,0x00,0x35,0xF8,0x6D,0x00,0x34,0x28,0x01,0x00,0x35,0x10,
  0x01,0x00,0x2D,0x2E,0x74,0x00,0x34,0x14,0x01,0x00,0x35,0x28,0x74,0x00,0x34,0xFC,
  0x01,0x00,0x2C,0x2D,0x01,0x00,0x35,0x3C,0x74,0x00,0x34,0xE4,0x02,0x00,0x35,0x54,
  0x74,0x00,0x34,0xCC,0x01,0x00,0x35,0x6C,0x75,0x00,0x34,0xB8,0x01,0x00,0x35,0x84,
  0x75,0x00,0x34,0xCC,0x01,0x00,0x35,0x6C,0x75,0x00,0x34,0xE4,0x01,0x00,0x35,0x54,
  0x74,0x00,0x34,0xFC,0x01,0x00,0x35,0x3C,0x75,0x00,0x34,0x14,0x00,0x00,0x2C,0x2E,
  0x01,0x00,0x35,0x28,0x75,0x00,0x34,0x28,0x01,0x00,0x35,0x10,0x77,0x00,0x34,0x14,
  0x00,0x00,0x2C,0x31,0x00,0x00,0x08,0x7C,0x01,0x00,0x35,0xF8,0x00,0x00,0x2D,0x2D,
  0x02,0x00,0x46,0x75,0x00,0x00,0x56,0x32,0x01,0x00,0x5E,0x31,0x00,0x00,0x66,0x14,
  0x00,0x00,0x6E,0x00,0x00,0x00,0x76,0x0A,0x00,0x00,0x7E,0x00,0x01,0x00,0x86,0x1F,
  0x00,0x00,0x8E,0x14,0x00,0x00,0x96,0x14,0x00,0x00,0x9E,0x14,0x01,0x00,0xA6,0x00,
  0x00,0x00,0xAE,0x00,0x00,0x00,0xB6,0x00,0x00,0x00,0xBE,0x00,0x00,0x00,0xC6,0x00,
  0x00,0x00,0xD6,0x00,0x01,0x00,0xDE,0x00,0x00,0x00,0xE6,0x07,0x00,0x00,0xEE,0x07,
  0x01,0x00,0xF6,0x07,0x00,0x00,0xFE,0x07,0x01,0x00,0x6E,0x0D,0x00,0x00,0x76,0x17,
  0x00,0x00,0x7E,0x0D,0x01,0x00,0x26,0xEE,0x01,0x00,0x2E,0x38,0x00,0x00,0x08,0x7E,
  0x02,0x00,0x08,0x7F,0x67,0x00,0x35,0xE0,0x76,0x00,0x35,0xCC,0x73,0x00,0x08,0x01,
  0x00,0x00,0x08,0x02,0x02,0x00,0x08,0x03,0x01,0x00,0x35,0xE0,0x75,0x00,0x35,0xF8,
  0x76,0x00,0x35,0x10,0x00,0x00,0x2D,0x2E,0x76,0x00,0x35,0x28,0x00,0x00,0x08,0x06,
  0x02,0x00,0x2E,0x39,0x01,0x00,0x08,0x7E,0x73,0x00,0x35,0x3C,0x75,0x00,0x35,0x54,
  0x73,0x00,0x08,0x00,0x03,0x00,0x35,0x6C,0x76,0x00,0x35,0x84,0x75,0x00,0x35,0x6C,
  0x75,0x00,0x08,0x78,0x02,0x00,0x08,0x79,0x01,0x00,0x08,0x7A,0x02,0x00,0x08,0x7B,
  0x01,0x00,0x35,0x54,0x01,0x00,0x08,0x06,0x02,0x00,0x2E,0x3D,0x00,0x00,0x08,0x7E,
  0x6E,0x00,0x35,0x3C,0x76,0x00,0x35,0x28,0x76,0x00,0x35,0x10,0x75,0x00,0x35,0xF8,
  0x01,0x00,0x2D,0x2D,0x75,0x00,0x35,0xE0,0x76,0x00,0x35,0xCC,0x01,0x00,0x08,0x06,
  0x01,0x00,0x2E,0x3E,0x01,0x00,0x08,0x7E,0x70,0x00,0x08,0x01,0x01,0x00,0x08,0x02,
  0x01,0x00,0x08,0x03,0x02,0x00,0x35,0xE0,0x74,0x00,0x35,0xF8,0x73,0x00,0x08,0x00,
  0x03,0x00,0x35,0x10,0x00,0x00,0x2D,0x2E,0x76,0x00,0x35,0x28,0x76,0x00,0x35,0x3C,
  0x74,0x00,0x08,0x78,0x02,0x00,0x08,0x79,0x01,0x00,0x08,0x7A,0x02,0x00,0x08,0x7B,
  0x01,0x00,0x08,0x05,0x02,0x00,0x35,0x28,0x00,0x00,0x2D,0x31,0x00,0x00,0x08,0x7D,
  0x01,0x00,0x08,0x06,0x01,0x00,0x2E,0x41,0x01,0x00,0x08,0x7E,0x00,0x00,0x08,0x07,
  0x02,0x00,0x08,0x7F,0x2B,0x03,0x08,0x01,0x00,0x00,0x08,0x02,0x01,0x00,0x08,0x03,
  0x01,0x00,0x34,0x28,0x75,0x00,0x34,0x40,0x73,0x00,0x08,0x00,0x03,0x00,0x34,0x58,
  0x76,0x00,0x34,0x70,0x76,0x00,0x34,0x58,0x74,0x00,0x08,0x78,0x02,0x00,0x08,0x79,
  0x01,0x00,0x08,0x7A,0x02,0x00,0x08,0x7B,0x01,0x00,0x34,0x40,0x71,0x00,0x34,0x28,
  0x76,0x00,0x34,0x14,0x75,0x00,0x34,0xFC,0x01,0x00,0x2C,0x30,0x75,0x00,0x34,0xE4,
  0x76,0x00,0x34,0xCC,0x76,0x00,0x34,0xB8,0x73,0x00,0x08,0x01,0x01,0x00,0x08,0x02,
  0x01,0x00,0x08,0x03,0x01,0x00,0x34,0xCC,0x75,0x00,0x34,0xE4,0x74,0x00,0x08,0x00,
  0x02,0x00,0x34,0xFC,0x76,0x00,0x34,0x14,0x00,0x00,0x2C,0x31,0x75,0x00,0x34,0x28,
  0x75,0x00,0x08,0x78,0x02,0x00,0x29,0x4C,0x00,0x00,0x08,0x79,0x02,0x00,0x2A,0x45,
  0x00,0x00,0x08,0x7A,0x02,0x00,0x2B,0x4C,0x01,0x00,0x08,0x7B,0x00,0x00,0x34,0x40,
  0x02,0x00,0x08,0x07,0x02,0x00,0x08,0x7F,0x6C,0x00,0x34,0x58,0x76,0x00,0x34,0x70,
  0x75,0x00,0x34,0x58,0x76,0x00,0x34,0x40,0x76,0x00,0x34,0x28,0x76,0x00,0x34,0x14,
  0x75,0x00,0x34,0xFC,0x01,0x00,0x2C,0x30,0x01,0x00,0x35,0x3C,0x01,0x00,0x36,0x48,
  0x73,0x00,0x34,0xE4,0x01,0x00,0x35,0x54,0x01,0x00,0x36,0x64,0x72,0x00,0x08,0x00,
  0x02,0x00,0x34,0xCC,0x01,0x00,0x35,0x6C,0x01,0x00,0x36,0x80,0x74,0x00,0x34,0xB8,
  0x01,0x00,0x35,0x84,0x01,0x00,0x36,0x9C,0x73,0x00,0x34,0xCC,0x02,0x00,0x35,0x6C,
  0x01,0x00,0x36,0x80,0x72,0x00,0x08,0x78,0x03,0x00,0x34,0xE4,0x01,0x00,0x35,0x54,
  0x01,0x00,0x36,0x64,0x72,0x00,0x34,0xFC,0x01,0x00,0x35,0x3C,0x01,0x00,0x36,0x48,
  0x74,0x00,0x34,0x14,0x00,0x00,0x2C,0x31,0x01,0x00,0x35,0x28,0x01,0x00,0x36,0x2C,
  0x74,0x00,0x34,0x28,0x01,0x00,0x35,0x10,0x01,0x00,0x36,0x10,0x73,0x00,0x34,0x40,
  0x01,0x00,0x35,0xF8,0x00,0x00,0x2D,0x30,0x01,0x00,0x36,0xF4,0x01,0x00,0x2E,0x40,
  0x73,0x00,0x34,0x58,0x01,0x00,0x35,0xE0,0x01,0x00,0x36,0xD8,0x74,0x00,0x34,0x70,
  0x01,0x00,0x35,0xCC,0x01,0x00,0x36,0xBC,0x74,0x00,0x34,0x58,0x00,0x00,0x35,0xE0,
  0x02,0x00,0x36,0xD8,0x73,0x00,0x34,0x40,0x01,0x00,0x35,0xF8,0x02,0x00,0x36,0xF4,
  0x71,0x00,0x08,0x00,0x02,0x00,0x34,0x28,0x01,0x00,0x35,0x10,0x01,0x00,0x2D,0x31,
  0x00,0x00,0x36,0x10,0x01,0x00,0x2E,0x41,0x71,0x00,0x08,0x01,0x01,0x00,0x08,0x02,
  0x01,0x00,0x08,0x03,0x01,0x00,0x34,0x14,0x01,0x00,0x35,0x28,0x01,0x00,0x36,0x2C,
  0x73,0x00,0x34,0xFC,0x00,0x00,0x2C,0x30,0x01,0x00,0x35,0x3C,0x01,0x00,0x36,0x48,
  0x72,0x00,0x08,0x78,0x03,0x00,0x34,0xE4,0x01,0x00,0x35,0x54,0x01,0x00,0x36,0x64,
  0x01,0x00,0x08,0x07,0x01,0x00,0x08,0x7F,0x70,0x00,0x34,0xCC,0x01,0x00,0x35,0x6C,
  0x01,0x00,0x36,0x80,0x74,0x00,0x34,0xB8,0x01,0x00,0x35,0x84,0x01,0x00,0x36,0x9C,
  0x74,0x00,0x34,0xCC,0x01,0x00,0x35,0x6C,0x01,0x00,0x36,0x80,0x73,0x00,0x34,0xE4,
  0x02,0x00,0x35,0x54,0x00,0x00,0x36,0x64,0x74,0x00,0x34,0xFC,0x01,0x00,0x35,0x3C,
  0x01,0x00,0x36,0x48,0x74,0x00,0x34,0x14,0x00,0x00,0x2C,0x31,0x01,0x00,0x35,0x28,
  0x01,0x00,0x36,0x2C,0x74,0x00,0x34,0x28,0x01,0x00,0x35,0x10,0x01,0x00,0x36,0x10,
  0x74,0x00,0x34,0x40,0x01,0x00,0x35,0xF8,0x00,0x00,0x2D,0x30,0x01,0x00,0x36,0xF4,
  0x00,0x00,0x2E,0x40,0x71,0x00,0x08,0x00,0x03,0x00,0x34,0x58,0x01,0x00,0x35,0xE0,
  0x01,0x00,0x36,0xD8,0x73,0x00,0x34,0x70,0x01,0x00,0x35,0xCC,0x01,0x00,0x36,0xBC,
  0x73,0x00,0x34,0x58,0x02,0x00,0x35,0xE0,0x01,0x00,0x36,0xD8,0x73,0x00,0x08,0x78,
  0x01,0x00,0x29,0x48,0x01,0x00,0x08,0x79,0x02,0x00,0x2A,0x41,0x00,0x00,0x08,0x7A,
  0x01,0x00,0x2B,0x48,0x01,0x00,0x08,0x7B,0x01,0x00,0x34,0x40,0x01,0x00,0x35,0xF8,
  0x01,0x00,0x36,0xF4,0x6D,0x00,0x34,0x28,0x01,0x00,0x35,0x10,0x00,0x00,0x2D,0x31,
  0x01,0x00,0x36,0x10,0x01,0x00,0x2E,0x41,0x73,0x00,0x34,0x14,0x01,0x00,0x35,0x28,
  0x01,0x00,0x36,0x2C,0x74,0x00,0x34,0xFC,0x00,0x00,0x2C,0x30,0x01,0x00,0x35,0x3C,
  0x01,0x00,0x36,0x48,0x73,0x00,0x34,0xE4,0x02,0x00,0x35,0x54,0x01,0x00,0x36,0x64,
  0x73,0x00,0x34,0xCC,0x01,0x00,0x35,0x6C,0x02,0x00,0x36,0x80,0x73,0x00,0x34,0xB8,
  0x01,0x00,0x35,0x84,0x01,0x00,0x36,0x9C,0x74,0x00,0x34,0xCC,0x01,0x00,0x35,0x6C,
  0x01,0x00,0x36,0x80,0x74,0x00,0x34,0xE4,0x01,0x00,0x35,0x54,0x01,0x00,0x36,0x64,
  0x71,0x00,0x08,0x00,0x03,0x00,0x34,0xFC,0x00,0x00,0x35,0x3C,0x02,0x00,0x36,0x48,
  0x73,0x00,0x34,0x14,0x00,0x00,0x2C,0x31,0x01,0x00,0x35,0x28,0x01,0x00,0x36,0x2C,
  0x74,0x00,0x34,0x28,0x01,0x00,0x35,0x10,0x01,0x00,0x36,0x10,0x73,0x00,0x08,0x78,
  0x02,0x00,0x34,0x40,0x01,0x00,0x35,0xF8,0x00,0x00,0x2D,0x30,0x01,0x00,0x08,0x06,
  0x01,0x00,0x36,0x2C,0x01,0x00,0x08,0x7E,0x00,0x00,0x08,0x07,0x02,0x00,0x08,0x7F,
  0x6E,0x00,0x34,0x58,0x01,0x00,0x35,0xE0,0x75,0x00,0x34,0x70,0x01,0x00,0x35,0xCC,
  0x73,0x00,0x08,0x01,0x01,0x00,0x08,0x02,0x01,0x00,0x08,0x03,0x01,0x00,0x34,0x58,
  0x01,0x00,0x35,0xE0,0x74,0x00,0x34,0x40,0x01,0x00,0x35,0xF8,0x74,0x00,0x34,0x28,
  0x02,0x00,0x35,0x10,0x00,0x00,0x2D,0x31,0x74,0x00,0x34,0x14,0x01,0x00,0x35,0x28,
  0x01,0x00,0x08,0x06,0x02,0x00,0x2E,0x42,0x00,0x00,0x08,0x7E,0x72,0x00,0x34,0xFC,
  0x00,0x00,0x2C,0x30,0x01,0x00,0x35,0x3C,0x75,0x00,0x34,0xE4,0x01,0x00,0x35,0x54,
  0x72,0x00,0x08,0x00,0x03,0x00,0x34,0xCC,0x01,0x00,0x35,0x6C,0x74,0x00,0x34,0xB8,
  0x01,0x00,0x35,0x84,0x75,0x00,0x34,0xCC,0x01,0x00,0x35,0x6C,0x74,0x00,0x08,0x78,
  0x02,0x00,0x08,0x79,0x01,0x00,0x08,0x7A,0x02,0x00,0x08,0x7B,0x01,0x00,0x34,0xE4,
  0x01,0x00,0x35,0x54,0x00,0x00,0x08,0x06,0x02,0x00,0x2E,0x45,0x00,0x00,0x08,0x7E,
  0x6E,0x00,0x34,0xFC,0x01,0x00,0x35,0x3C,0x74,0x00,0x34,0x14,0x01,0x00,0x2C,0x31,
  0x00,0x00,0x35,0x28,0x75,0x00,0x34,0x28,0x01,0x00,0x35,0x10,0x75,0x00,0x34,0x40,
  0x01,0x00,0x35,0xF8,0x00,0x00,0x2D,0x30,0x75,0x00,0x34,0x58,0x01,0x00,0x35,0xE0,
  0x74,0x00,0x34,0x70,0x01,0x00,0x35,0xCC,0x01,0x00,0x08,0x06,0x02,0x00,0x2E,0x49,
  0x00,0x00,0x08,0x7E,0x70,0x00,0x08,0x01,0x01,0x00,0x08,0x02,0x01,0x00,0x08,0x03,
  0x01,0x00,0x34,0x58,0x01,0x00,0x35,0xE0,0x74,0x00,0x34,0x40,0x01,0x00,0x35,0xF8,
  0x72,0x00,0x08,0x00,0x03,0x00,0x34,0x28,0x01,0x00,0x35,0x10,0x00,0x00,0x2D,0x31,
  0x74,0x00,0x34,0x14,0x01,0x00,0x35,0x28,0x75,0x00,0x34,0xFC,0x00,0x00,0x2C,0x30,
  0x01,0x00,0x35,0x3C,0x74,0x00,0x08,0x78,0x02,0x00,0x08,0x79,0x01,0x00,0x08,0x7A,
  0x02,0x00,0x08,0x7B,0x01,0x00,0x34,0xE4,0x01,0x00,0x35,0x54,0x00,0x00,0x08,0x06,
  0x02,0x00,0x2E,0x4D,0x00,0x00,0x08,0x7E,0x01,0x00,0x08,0x07,0x02,0x00,0x08,0x7F,
  0x6B,0x00,0x34,0xCC,0x00,0x00,0x35,0x6C,0x75,0x00,0x34,0xB8,0x02,0x00,0x35,0x84,
  0x74,0x00,0x34,0xCC,0x01,0x00,0x35,0x6C,0x75,0x00,0x34,0xE4,0x01,0x00,0x35,0x54,
  0x75,0x00,0x34,0xFC,0x01,0x00,0x35,0x3C,0x74,0x00,0x34,0x14,0x01,0x00,0x2C,0x31,
  0x00,0x00,0x35,0x28,0x74,0x00,0x08,0x01,0x00,0x00,0x08,0x02,0x01,0x00,0x08,0x03,
  0x01,0x00,0x34,0x28,0x01,0x00,0x35,0x10,0x74,0x00,0x34,0x40,0x01,0x00,0x35,0xF8,
  0x00,0x00,0x2D,0x30,0x72,0x00,0x08,0x00,0x03,0x00,0x34,0x58,0x01,0x00,0x35,0xE0,
  0x75,0x00,0x34,0x70,0x01,0x00,0x35,0xCC,0x74,0x00,0x34,0x58,0x01,0x00,0x35,0xE0,
  0x74,0x00,0x08,0x78,0x02,0x00,0x08,0x79,0x02,0x00,0x08,0x7A,0x01,0x00,0x08,0x7B,
  0x01,0x00,0x34,0x40,0x01,0x00,0x35,0xF8,0x70,0x00,0x34,0x28,0x01,0x00,0x35,0x10,
  0x00,0x00,0x2D,0x31,0x74,0x00,0x34,0x14,0x02,0x00,0x35,0x28,0x74,0x00,0x34,0xFC,
  0x01,0x00,0x2C,0x30,0x00,0x00,0x35,0x3C,0x75,0x00,0x34,0xE4,0x01,0x00,0x35,0x54,
  0x75,0x00,0x34,0xCC,0x01,0x00,0x35,0x6C,0x75,0x00,0x34,0xB8,0x01,0x00,0x35,0x84,
  0x72,0x00,0x08,0x01,0x01,0x00,0x08,0x02,0x01,0x00,0x08,0x03,0x01,0x00,0x34,0xCC,
  0x01,0x00,0x35,0x6C,0x74,0x00,0x34,0xE4,0x01,0x00,0x35,0x54,0x72,0x00,0x08,0x00,
  0x03,0x00,0x34,0xFC,0x01,0x00,0x35,0x3C,0x75,0x00,0x34,0x14,0x00,0x00,0x2C,0x31,
  0x01,0x00,0x35,0x28,0x74,0x00,0x34,0x28,0x01,0x00,0x35,0x10,0x74,0x00,0x08,0x78,
  0x02,0x00,0x29,0x45,0x00,0x00,0x08,0x79,0x02,0x00,0x2A,0x3E,0x00,0x00,0x08,0x7A,
  0x02,0x00,0x2B,0x45,0x00,0x00,0x08,0x7B,0x01,0x00,0x34,0x40,0x01,0x00,0x35,0xF8,
  0x00,0x00,0x2D,0x30,0x02,0x00,0x08,0x07,0x01,0x00,0x08,0x7F,0x6C,0x00,0x34,0x58,
  0x01,0x00,0x35,0xE0,0x75,0x00,0x34,0x70,0x01,0x00,0x35,0xCC,0x74,0x00,0x34,0x58,
  0x01,0x00,0x35,0xE0,0x75,0x00,0x34,0x40,0x01,0x00,0x35,0xF8,0x75,0x00,0x34,0x28,
  0x01,0x00,0x35,0x10,0x00,0x00,0x2D,0x31,0x75,0x00,0x34,0x14,0x01,0x00,0x35,0x28,
  0x74,0x00,0x34,0xFC,0x01,0x00,0x2C,0x30,0x01,0x00,0x35,0x3C,0x01,0x00,0x36,0x48,
  0x73,0x00,0x34,0xE4,0x01,0x00,0x35,0x54,0x01,0x00,0x36,0x64,0x72,0x00,0x08,0x00,
  0x02,0x00,0x34,0xCC,0x01,0x00,0x35,0x6C,0x01,0x00,0x36,0x80,0x74,0x00,0x34,0xB8,
  0x01,0x00,0x35,0x84,0x01,0x00,0x36,0x9C,0x73,0x00,0x34,0xCC,0x02,0x00,0x35,0x6C,
  0x01,0x00,0x36,0x80,0x72,0x00,0x08,0x78,0x03,0x00,0x34,0xE4,0x01,0x00,0x35,0x54,
  0x01,0x00,0x36,0x64,0x72,0x00,0x34,0xFC,0x01,0x00,0x35,0x3C,0x01,0x00,0x36,0x48,
  0x74,0x00,0x34,0x14,0x00,0x00,0x2C,0x31,0x01,0x00,0x35,0x28,0x01,0x00,0x36,0x2C,
  0x74,0x00,0x34,0x28,0x01,0x00,0x35,0x10,0x01,0x00,0x36,0x10,0x73,0x00,0x34,0x40,
  0x01,0x00,0x35,0xF8,0x01,0x00,0x2D,0x30,0x00,0x00,0x36,0xF4,0x01,0x00,0x2E,0x4C,
  0x73,0x00,0x34,0x58,0x01,0x00,0x35,0xE0,0x01,0x00,0x36,0xD8,0x74,0x00,0x34,0x70,
  0x01,0x00,0x35,0xCC,0x01,0x00,0x36,0xBC,0x74,0x00,0x34,0x58,0x00,0x00,0x35,0xE0,
  0x02,0x00,0x36,0xD8,0x73,0x00,0x34,0x40,0x01,0x00,0x35,0xF8,0x01,0x00,0x36,0xF4,
  0x72,0x00,0x08,0x00,0x02,0x00,0x34,0x28,0x01,0x00,0x35,0x10,0x01,0x00,0x2D,0x31,
  0x00,0x00,0x36,0x10,0x00,0x00,0x2E,0x4D,0x72,0x00,0x08,0x01,0x01,0x00,0x08,0x02,
  0x01,0x00,0x08,0x03,0x01,0x00,0x34,0x14,0x01,0x00,0x35,0x28,0x01,0x00,0x36,0x2C,
  0x73,0x00,0x34,0xFC,0x00,0x00,0x2C,0x30,0x01,0x00,0x35,0x3C,0x01,0x00,0x36,0x48,
  0x73,0x00,0x08,0x78,0x01,0x00,0x08,0x04,0x01,0x00,0x34,0xE4,0x01,0x00,0x35,0x54,
  0x01,0x00,0x36,0x64,0x01,0x00,0x08,0x07,0x01,0x00,0x08,0x7F,0x70,0x00,0x34,0xCC,
  0x01,0x00,0x35,0x6C,0x01,0x00,0x36,0x80,0x74,0x00,0x34,0xB8,0x01,0x00,0x35,0x84,
  0x01,0x00,0x36,0x9C,0x74,0x00,0x34,0xCC,0x01,0x00,0x35,0x6C,0x01,0x00,0x36,0x80,
  0x73,0x00,0x34,0xE4,0x02,0x00,0x35,0x54,0x00,0x00,0x36,0x64,0x74,0x00,0x34,0xFC,
  0x01,0x00,0x35,0x3C,0x01,0x00,0x36,0x48,0x74,0x00,0x34,0x14,0x00,0x00,0x2C,0x31,
  0x01,0x00,0x35,0x28,0x01,0x00,0x36,0x2C,0x74,0x00,0x34,0x28,0x01,0x00,0x35,0x10,
  0x01,0x00,0x36,0x10,0x73,0x00,0x34,0x40,0x02,0x00,0x35,0xF8,0x00,0x00,0x2D,0x30,
  0x01,0x00,0x36,0xF4,0x00,0x00,0x2E,0x4C,0x71,0x00,0x08,0x00,0x02,0x00,0x34,0x58,
  0x01,0x00,0x35,0xE0,0x02,0x00,0x36,0xD8,0x73,0x00,0x34,0x70,0x01,0x00,0x35,0xCC,
  0x01,0x00,0x36,0xBC,0x74,0x00,0x34,0x58,0x01,0x00,0x35,0xE0,0x01,0x00,0x36,0xD8,
  0x72,0x00,0x08,0x78,0x03,0x00,0x29,0x48,0x00,0x00,0x08,0x79,0x02,0x00,0x2A,0x41,
  0x00,0x00,0x08,0x7A,0x02,0x00,0x2B,0x48,0x01,0x00,0x08,0x7B,0x00,0x00,0x34,0x40,
  0x01,0x00,0x35,0xF8,0x01,0x00,0x36,0xF4,0x6D,0x00,0x34,0x28,0x01,0x00,0x35,0x10,
  0x01,0x00,0x2D,0x31,0x00,0x00,0x36,0x10,0x01,0x00,0x2E,0x4D,0x73,0x00,0x34,0x14,
  0x01,0x00,0x35,0x28,0x01,0x00,0x36,0x2C,0x74,0x00,0x34,0xFC,0x00,0x00,0x2C,0x30,
  0x01,0x00,0x35,0x3C,0x01,0x00,0x36,0x48,0x74,0x00,0x34,0xE4,0x01,0x00,0x35,0x54,
  0x01,0x00,0x36,0x64,0x73,0x00,0x34,0xCC,0x01,0x00,0x35,0x6C,0x02,0x00,0x36,0x80,
  0x73,0x00,0x34,0xB8,0x01,0x00,0x35,0x84,0x01,0x00,0x36,0x9C,0x74,0x00,0x34,0xCC,
  0x01,0x00,0x35,0x6C,0x01,0x00,0x36,0x80,0x74,0x00,0x34,0xE4,0x01,0x00,0x35,0x54,
  0x01,0x00,0x36,0x64,0x71,0x00,0x08,0x00,0x02,0x00,0x34,0xFC,0x02,0x00,0x35,0x3C,
  0x01,0x00,0x36,0x48,0x73,0x00,0x34,0x14,0x00,0x00,0x2C,0x31,0x01,0x00,0x35,0x28,
  0x01,0x00,0x36,0x2C,0x74,0x00,0x34,0x28,0x01,0x00,0x35,0x10,0x01,0x00,0x36,0x10,
  0x73,0x00,0x08,0x78,0x03,0x00,0x34,0x14,0x00,0x00,0x2C,0x28,0x00,0x00,0x08,0x7C,
  0x01,0x00,0x35,0xF8,0x01,0x00,0x2D,0x30,0x00,0x00,0x08,0x06,0x02,0x00,0x36,0x2C,
  0x00,0x00,0x08,0x7E,0x01,0x00,0x08,0x07,0x01,0x00,0x08,0x7F,0x6E,0x00,0x35,0xE0,
  0x75,0x00,0x35,0xCC,0x74,0x00,0x08,0x01,0x01,0x00,0x08,0x02,0x01,0x00,0x08,0x03,
  0x01,0x00,0x35,0xE0,0x75,0x00,0x35,0xF8,0x76,0x00,0x35,0x10,0x00,0x00,0x2D,0x31,
  0x76,0x00,0x35,0x28,0x00,0x00,0x08,0x06,0x02,0x00,0x2E,0x4E,0x00,0x00,0x08,0x7E,
  0x73,0x00,0x35,0x3C,0x76,0x00,0x35,0x54,0x73,0x00,0x08,0x00,0x03,0x00,0x35,0x6C,
  0x76,0x00,0x35,0x84,0x75,0x00,0x35,0x6C,0x75,0x00,0x08,0x78,0x01,0x00,0x08,0x79,
  0x02,0x00,0x08,0x7A,0x02,0x00,0x08,0x7B,0x01,0x00,0x35,0x54,0x01,0x00,0x08,0x06,
  0x02,0x00,0x2E,0x51,0x00,0x00,0x08,0x7E,0x6E,0x00,0x35,0x3C,0x76,0x00,0x35,0x28,
  0x76,0x00,0x35,0x10,0x75,0x00,0x35,0xF8,0x01,0x00,0x2D,0x30,0x75,0x00,0x35,0xE0,
  0x76,0x00,0x35,0xCC,0x00,0x00,0x08,0x06,0x02,0x00,0x2E,0x52,0x00,0x00,0x08,0x7E,
  0x71,0x00,0x08,0x01,0x01,0x00,0x08,0x02,0x01,0x00,0x08,0x03,0x01,0x00,0x35,0xE0,
  0x75,0x00,0x35,0xF8,0x73,0x00,0x08,0x00,0x03,0x00,0x35,0x10,0x01,0x00,0x2D,0x31,
  0x75,0x00,0x35,0x28,0x76,0x00,0x35,0x3C,0x74,0x00,0x08,0x78,0x02,0x00,0x08,0x79,
  0x01,0x00,0x08,0x7A,0x02,0x00,0x08,0x7B,0x01,0x00,0x08,0x05,0x01,0x00,0x35,0x28,
  0x01,0x00,0x2D,0x28,0x00,0x00,0x08,0x7D,0x00,0x00,0x08,0x06,0x02,0x00,0x2E,0x49,
  0x00,0x00,0x08,0x7E,0x01,0x00,0x08,0x07,0x02,0x00,0x08,0x7F,0xB7,0x02,0x08,0x06,
  0x02,0x00,0x2E,0x4C,0x00,0x00,0x08,0x7E,0x71,0x00,0x08,0x01,0x01,0x00,0x08,0x02,
  0x01,0x00,0x08,0x03,0x01,0x00,0x34,0x28,0x75,0x00,0x34,0x40,0x73,0x00,0x08,0x00,
  0x03,0x00,0x34,0x58,0x75,0x00,0x34,0x70,0x76,0x00,0x34,0x58,0x75,0x00,0x08,0x78,
  0x02,0x00,0x08,0x79,0x01,0x00,0x08,0x7A,0x02,0x00,0x08,0x7B,0x01,0x00,0x34,0x40,
  0x01,0x00,0x08,0x06,0x02,0x00,0x2E,0x4D,0x00,0x00,0x08,0x7E,0x6E,0x00,0x34,0x28,
  0x75,0x00,0x34,0x14,0x76,0x00,0x34,0xFC,0x01,0x00,0x2C,0x26,0x75,0x00,0x34,0xE4,
  0x76,0x00,0x34,0xCC,0x76,0x00,0x34,0xB8,0x73,0x00,0x08,0x01,0x01,0x00,0x08,0x02,
  0x01,0x00,0x08,0x03,0x01,0x00,0x34,0xCC,0x75,0x00,0x34,0xE4,0x73,0x00,0x08,0x00,
  0x03,0x00,0x34,0xFC,0x76,0x00,0x34,0x14,0x00,0x00,0x2C,0x28,0x75,0x00,0x34,0x28,
  0x75,0x00,0x08,0x78,0x02,0x00,0x29,0x4C,0x00,0x00,0x08,0x79,0x02,0x00,0x2A,0x45,
  0x00,0x00,0x08,0x7A,0x02,0x00,0x2B,0x4C,0x00,0x00,0x08,0x7B,0x01,0x00,0x34,0x40,
  0x01,0x00,0x08,0x06,0x02,0x00,0x2E,0x45,0x01,0x00,0x08,0x7E,0x00,0x00,0x08,0x07,
  0x02,0x00,0x08,0x7F,0x6A,0x00,0x34,0x58,0x76,0x00,0x34,0x70,0x75,0x00,0x34,0x58,
  0x76,0x00,0x34,0x40,0x76,0x00,0x34,0x28,0x76,0x00,0x34,0x14,0x01,0x00,0x08,0x06,
  0x01,0x00,0x2E,0x48,0x01,0x00,0x08,0x7E,0x72,0x00,0x34,0xFC,0x00,0x00,0x2C,0x26,
  0x01,0x00,0x35,0x3C,0x75,0x00,0x34,0xE4,0x01,0x00,0x35,0x54,0x73,0x00,0x08,0x00,
  0x02,0x00,0x34,0xCC,0x01,0x00,0x35,0x6C,0x75,0x00,0x34,0xB8,0x01,0x00,0x35,0x84,
  0x74,0x00,0x34,0xCC,0x01,0x00,0x35,0x6C,0x74,0x00,0x08,0x78,0x03,0x00,0x34,0xE4,
  0x01,0x00,0x35,0x54,0x00,0x00,0x08,0x06,0x02,0x00,0x2E,0x49,0x00,0x00,0x08,0x7E,
  0x71,0x00,0x34,0xFC,0x01,0x00,0x35,0x3C,0x75,0x00,0x34,0x14,0x00,0x00,0x2C,0x28,
  0x01,0x00,0x35,0x28,0x75,0x00,0x34,0x28,0x00,0x00,0x35,0x10,0x75,0x00,0x34,0x40,
  0x01,0x00,0x35,0xF8,0x01,0x00,0x2D,0x26,0x74,0x00,0x34,0x58,0x01,0x00,0x35,0xE0,
  0x75,0x00,0x34,0x70,0x01,0x00,0x35,0xCC,0x00,0x00,0x08,0x06,0x02,0x00,0x2E,0x4D,
  0x01,0x00,0x08,0x7E,0x72,0x00,0x34,0x58,0x01,0x00,0x35,0xE0,0x74,0x00,0x34,0x40,
  0x01,0x00,0x35,0xF8,0x73,0x00,0x08,0x00,0x02,0x00,0x34,0x28,0x01,0x00,0x35,0x10,
  0x01,0x00,0x2D,0x28,0x72,0x00,0x08,0x01,0x01,0x00,0x08,0x02,0x00,0x00,0x08,0x03,
  0x02,0x00,0x34,0x14,0x01,0x00,0x35,0x28,0x74,0x00,0x34,0xFC,0x00,0x00,0x2C,0x26,
  0x01,0x00,0x35,0x3C,0x74,0x00,0x08,0x78,0x02,0x00,0x34,0xE4,0x01,0x00,0x35,0x54,
  0x00,0x00,0x08,0x06,0x02,0x00,0x2E,0x41,0x00,0x00,0x08,0x7E,0x01,0x00,0x08,0x07,
  0x01,0x00,0x08,0x7F,0x6F,0x00,0x34,0xCC,0x01,0x00,0x35,0x6C,0x75,0x00,0x34,0xB8,
  0x01,0x00,0x35,0x84,0x75,0x00,0x34,0xCC,0x01,0x00,0x35,0x6C,0x74,0x00,0x34,0xE4,
  0x02,0x00,0x35,0x54,0x74,0x00,0x34,0xFC,0x01,0x00,0x35,0x3C,0x75,0x00,0x34,0x14,
  0x00,0x00,0x2C,0x28,0x01,0x00,0x35,0x28,0x01,0x00,0x08,0x06,0x01,0x00,0x2E,0x42,
  0x01,0x00,0x08,0x7E,0x71,0x00,0x34,0x28,0x02,0x00,0x35,0x10,0x74,0x00,0x34,0x40,
  0x01,0x00,0x35,0xF8,0x01,0x00,0x2D,0x26,0x72,0x00,0x08,0x00,0x02,0x00,0x34,0x58,
  0x01,0x00,0x35,0xE0,0x75,0x00,0x34,0x70,0x01,0x00,0x35,0xCC,0x75,0x00,0x34,0x58,
  0x01,0x00,0x35,0xE0,0x74,0x00,0x08,0x78,0x01,0x00,0x29,0x48,0x01,0x00,0x08,0x79,
  0x01,0x00,0x2A,0x41,0x01,0x00,0x08,0x7A,0x02,0x00,0x2B,0x48,0x00,0x00,0x08,0x7B,
  0x01,0x00,0x34,0x40,0x01,0x00,0x35,0xF8,0x00,0x00,0x08,0x06,0x02,0x00,0x2E,0x45,
  0x00,0x00,0x08,0x7E,0x6C,0x00,0x34,0x28,0x01,0x00,0x35,0x10,0x00,0x00,0x2D,0x28,
  0x75,0x00,0x34,0x14,0x01,0x00,0x35,0x28,0x75,0x00,0x34,0xFC,0x00,0x00,0x2C,0x26,
  0x01,0x00,0x35,0x3C,0x74,0x00,0x34,0xE4,0x01,0x00,0x35,0x54,0x75,0x00,0x34,0xCC,
  0x01,0x00,0x35,0x6C,0x75,0x00,0x34,0xB8,0x01,0x00,0x35,0x84,0x75,0x00,0x34,0xCC,
  0x01,0x00,0x35,0x6C,0x75,0x00,0x34,0xE4,0x01,0x00,0x35,0x54,0x72,0x00,0x08,0x00,
  0x03,0x00,0x34,0xFC,0x01,0x00,0x35,0x3C,0x74,0x00,0x34,0x14,0x00,0x00,0x2C,0x28,
  0x01,0x00,0x35,0x28,0x75,0x00,0x34,0x28,0x01,0x00,0x35,0x10,0x74,0x00,0x08,0x78,
  0x02,0x00,0x34,0x40,0x01,0x00,0x35,0xF8,0x00,0x00,0x2D,0x26,0x00,0x00,0x08,0x06,
  0x03,0x00,0x2E,0x3D,0x00,0x00,0x08,0x7E,0x00,0x00,0x08,0x07,0x02,0x00,0x08,0x7F,
  0x6E,0x00,0x34,0x58,0x01,0x00,0x35,0xE0,0x75,0x00,0x34,0x70,0x01,0x00,0x35,0xCC,
  0x73,0x00,0x08,0x01,0x01,0x00,0x08,0x02,0x00,0x00,0x08,0x03,0x02,0x00,0x34,0x58,
  0x01,0x00,0x35,0xE0,0x74,0x00,0x34,0x40,0x01,0x00,0x35,0xF8,0x74,0x00,0x34,0x28,
  0x02,0x00,0x35,0x10,0x00,0x00,0x2D,0x28,0x75,0x00,0x34,0x14,0x01,0x00,0x35,0x28,
  0x00,0x00,0x08,0x06,0x02,0x00,0x2E,0x3E,0x00,0x00,0x08,0x7E,0x72,0x00,0x34,0xFC,
  0x00,0x00,0x2C,0x26,0x01,0x00,0x35,0x3C,0x75,0x00,0x34,0xE4,0x01,0x00,0x35,0x54,
  0x72,0x00,0x08,0x00,0x03,0x00,0x34,0xCC,0x01,0x00,0x35,0x6C,0x74,0x00,0x34,0xB8,
  0x01,0x00,0x35,0x84,0x75,0x00,0x34,0xCC,0x01,0x00,0x35,0x6C,0x74,0x00,0x08,0x78,
  0x01,0x00,0x08,0x79,0x02,0x00,0x08,0x7A,0x02,0x00,0x08,0x7B,0x01,0x00,0x34,0xE4,
  0x01,0x00,0x35,0x54,0x00,0x00,0x08,0x06,0x02,0x00,0x2E,0x41,0x00,0x00,0x08,0x7E,
  0x6D,0x00,0x34,0xFC,0x02,0x00,0x35,0x3C,0x74,0x00,0x34,0x14,0x00,0x00,0x2C,0x28,
  0x01,0x00,0x35,0x28,0x75,0x00,0x34,0x28,0x01,0x00,0x35,0x10,0x75,0x00,0x34,0x40,
  0x01,0x00,0x35,0xF8,0x00,0x00,0x2D,0x26,0x75,0x00,0x34,0x58,0x00,0x00,0x35,0xE0,
  0x75,0x00,0x34,0x70,0x01,0x00,0x35,0xCC,0x01,0x00,0x08,0x06,0x02,0x00,0x2E,0x42,
  0x00,0x00,0x08,0x7E,0x70,0x00,0x08,0x01,0x01,0x00,0x08,0x02,0x00,0x00,0x08,0x03,
  0x02,0x00,0x34,0x58,0x01,0x00,0x35,0xE0,0x74,0x00,0x34,0x40,0x01,0x00,0x35,0xF8,
  0x72,0x00,0x08,0x00,0x03,0x00,0x34,0x28,0x01,0x00,0x35,0x10,0x00,0x00,0x2D,0x28,
  0x74,0x00,0x34,0x14,0x01,0x00,0x35,0x28,0x75,0x00,0x34,0xFC,0x00,0x00,0x2C,0x26,
  0x01,0x00,0x35,0x3C,0x74,0x00,0x08,0x78,0x02,0x00,0x08,0x79,0x01,0x00,0x08,0x7A,
  0x02,0x00,0x08,0x7B,0x01,0x00,0x34,0xE4,0x01,0x00,0x35,0x54,0x00,0x00,0x08,0x06,
  0x02,0x00,0x2E,0x45,0x00,0x00,0x08,0x7E,0x01,0x00,0x08,0x07,0x01,0x00,0x08,0x7F,
  0x6C,0x00,0x34,0xCC,0x01,0x00,0x35,0x6C,0x74,0x00,0x34,0xB8,0x01,0x00,0x35,0x84,
  0x75,0x00,0x34,0xCC,0x01,0x00,0x35,0x6C,0x75,0x00,0x34,0xE4,0x01,0x00,0x35,0x54,
  0x75,0x00,0x34,0xFC,0x00,0x00,0x35,0x3C,0x75,0x00,0x34,0x14,0x00,0x00,0x2C,0x28,
  0x01,0x00,0x35,0x28,0x01,0x00,0x08,0x06,0x02,0x00,0x2E,0x48,0x00,0x00,0x08,0x7E,
  0x70,0x00,0x08,0x01,0x01,0x00,0x08,0x02,0x01,0x00,0x08,0x03,0x01,0x00,0x34,0x28,
  0x01,0x00,0x35,0x10,0x74,0x00,0x34,0x40,0x01,0x00,0x35,0xF8,0x00,0x00,0x2D,0x26,
  0x72,0x00,0x08,0x00,0x03,0x00,0x34,0x58,0x01,0x00,0x35,0xE0,0x74,0x00,0x34,0x70,
  0x02,0x00,0x35,0xCC,0x74,0x00,0x34,0x58,0x01,0x00,0x35,0xE0,0x74,0x00,0x08,0x78,
  0x02,0x00,0x08,0x79,0x01,0x00,0x08,0x7A,0x02,0x00,0x08,0x7B,0x01,0x00,0x34,0x40,
  0x01,0x00,0x35,0xF8,0x01,0x00,0x08,0x06,0x01,0x00,0x2E,0x49,0x01,0x00,0x08,0x7E,
  0x6D,0x00,0x34,0x28,0x01,0x00,0x35,0x10,0x00,0x00,0x2D,0x28,0x75,0x00,0x34,0x14,
  0x00,0x00,0x35,0x28,0x75,0x00,0x34,0xFC,0x00,0x00,0x2C,0x26,0x01,0x00,0x35,0x3C,
  0x75,0x00,0x34,0xE4,0x01,0x00,0x35,0x54,0x75,0x00,0x34,0xCC,0x01,0x00,0x35,0x6C,
  0x75,0x00,0x34,0xB8,0x01,0x00,0x35,0x84,0x00,0x00,0x08,0x06,0x02,0x00,0x2E,0x4D,
  0x00,0x00,0x08,0x7E,0x70,0x00,0x08,0x01,0x01,0x00,0x08,0x02,0x01,0x00,0x08,0x03,
  0x01,0x00,0x34,0xCC,0x01,0x00,0x35,0x6C,0x74,0x00,0x34,0xE4,0x01,0x00,0x35,0x54,
  0x72,0x00,0x08,0x00,0x03,0x00,0x34,0xFC,0x01,0x00,0x35,0x3C,0x75,0x00,0x34,0x14,
  0x00,0x00,0x2C,0x28,0x00,0x00,0x35,0x28,0x75,0x00,0x34,0x28,0x01,0x00,0x35,0x10,
  0x74,0x00,0x28,0x29,0x00,0x00,0x08,0x78,0x02,0x00,0x29,0x45,0x01,0x00,0x08,0x79,
  0x01,0x00,0x2A,0x3E,0x01,0x00,0x08,0x7A,0x01,0x00,0x2B,0x45,0x01,0x00,0x08,0x7B,
  0x00,0x00,0x34,0x40,0x01,0x00,0x35,0xF8,0x01,0x00,0x2D,0x26,0x00,0x00,0x08,0x06,
  0x02,0x00,0x2E,0x51,0x00,0x00,0x08,0x7E,0x01,0x00,0x08,0x07,0x01,0x00,0x08,0x7F,
  0x6A,0x00,0x34,0x58,0x01,0x00,0x35,0xE0,0x75,0x00,0x34,0x70,0x01,0x00,0x35,0xCC,
  0x74,0x00,0x34,0x58,0x02,0x00,0x35,0xE0,0x74,0x00,0x34,0x40,0x01,0x00,0x35,0xF8,
  0x75,0x00,0x34,0x28,0x01,0x00,0x35,0x10,0x00,0x00,0x2D,0x28,0x74,0x00,0x34,0x14,
  0x02,0x00,0x35,0x28,0x00,0x00,0x08,0x06,0x02,0x00,0x2E,0x52,0x00,0x00,0x08,0x7E,
  0x72,0x00,0x34,0xFC,0x00,0x00,0x2C,0x26,0x01,0x00,0x35,0x3C,0x75,0x00,0x34,0xE4,
  0x01,0x00,0x35,0x54,0x73,0x00,0x08,0x00,0x02,0x00,0x34,0xCC,0x01,0x00,0x35,0x6C,
  0x75,0x00,0x34,0xB8,0x01,0x00,0x35,0x84,0x74,0x00,0x34,0xCC,0x01,0x00,0x35,0x6C,
  0x74,0x00,0x08,0x78,0x02,0x00,0x34,0xE4,0x01,0x00,0x35,0x54,0x01,0x00,0x08,0x06,
  0x02,0x00,0x2E,0x55,0x00,0x00,0x08,0x7E,0x71,0x00,0x34,0xFC,0x01,0x00,0x35,0x3C,
  0x75,0x00,0x34,0x14,0x00,0x00,0x2C,0x28,0x01,0x00,0x35,0x28,0x75,0x00,0x34,0x28,
  0x00,0x00,0x35,0x10,0x75,0x00,0x34,0x40,0x01,0x00,0x35,0xF8,0x01,0x00,0x2D,0x26,
  0x74,0x00,0x34,0x58,0x01,0x00,0x35,0xE0,0x75,0x00,0x34,0x70,0x01,0x00,0x35,0xCC,
  0x00,0x00,0x08,0x06,0x02,0x00,0x2E,0x5D,0x00,0x00,0x08,0x7E,0x72,0x00,0x34,0x58,
  0x02,0x00,0x35,0xE0,0x74,0x00,0x34,0x40,0x01,0x00,0x35,0xF8,0x73,0x00,0x08,0x00,
  0x02,0x00,0x34,0x28,0x01,0x00,0x35,0x10,0x01,0x00,0x2D,0x28,0x72,0x00,0x08,0x01,
  0x01,0x00,0x08,0x02,0x00,0x00,0x08,0x03,0x02,0x00,0x34,0x14,0x01,0x00,0x35,0x28,
  0x74,0x00,0x34,0xFC,0x00,0x00,0x2C,0x26,0x01,0x00,0x35,0x3C,0x73,0x00,0x28,0x2C,
  0x01,0x00,0x08,0x78,0x01,0x00,0x08,0x04,0x01,0x00,0x34,0xE4,0x01,0x00,0x35,0x54,
  0x01,0x00,0x08,0x06,0x02,0x00,0x2E,0x61,0x00,0x00,0x08,0x7E,0x00,0x00,0x08,0x07,
  0x02,0x00,0x08,0x7F,0x6E,0x00,0x34,0xCC,0x01,0x00,0x35,0x6C,0x75,0x00,0x34,0xB8,
  0x01,0x00,0x35,0x84,0x75,0x00,0x34,0xCC,0x01,0x00,0x35,0x6C,0x74,0x00,0x34,0xE4,
  0x01,0x00,0x35,0x54,0x75,0x00,0x34,0xFC,0x01,0x00,0x35,0x3C,0x75,0x00,0x34,0x14,
  0x00,0x00,0x2C,0x28,0x01,0x00,0x35,0x28,0x75,0x00,0x34,0x28,0x01,0x00,0x35,0x10,
  0x74,0x00,0x34,0x40,0x01,0x00,0x35,0xF8,0x01,0x00,0x2D,0x26,0x72,0x00,0x08,0x00,
  0x03,0x00,0x34,0x58,0x00,0x00,0x35,0xE0,0x75,0x00,0x34,0x70,0x01,0x00,0x35,0xCC,
  0x75,0x00,0x34,0x58,0x01,0x00,0x35,0xE0,0x73,0x00,0x28,0x28,0x01,0x00,0x08,0x78,
  0x02,0x00,0x29,0x48,0x00,0x00,0x08,0x79,0x02,0x00,0x2A,0x41,0x00,0x00,0x08,0x7A,
  0x02,0x00,0x2B,0x48,0x00,0x00,0x08,0x7B,0x02,0x00,0x34,0x40,0x01,0x00,0x35,0xF8,
  0x6D,0x00,0x34,0x28,0x01,0x00,0x35,0x10,0x00,0x00,0x2D,0x28,0x75,0x00,0x34,0x14,
  0x01,0x00,0x35,0x28,0x75,0x00,0x34,0xFC,0x00,0x00,0x2C,0x26,0x01,0x00,0x35,0x3C,
  0x74,0x00,0x34,0xE4,0x01,0x00,0x35,0x54,0x76,0x00,0x34,0xCC,0x01,0x00,0x35,0x6C,
  0x74,0x00,0x34,0xB8,0x01,0x00,0x35,0x84,0x75,0x00,0x34,0xCC,0x01,0x00,0x35,0x6C,
  0x74,0x00,0x34,0xE4,0x02,0x00,0x35,0x54,0x74,0x00,0x34,0xFC,0x01,0x00,0x35,0x3C,
  0x75,0x00,0x34,0x14,0x00,0x00,0x2C,0x28,0x01,0x00,0x35,0x28,0x75,0x00,0x34,0x28,
  0x01,0x00,0x35,0x10,0x76,0x00,0x34,0x14,0x01,0x00,0x2C,0x29,0x00,0x00,0x08,0x7C,
  0x01,0x00,0x35,0xF8,0x00,0x00,0x2D,0x26,0x01,0x00,0x08,0x06,0x01,0x00,0x2E,0x62,
  0x01,0x00,0x08,0x7E,0x00,0x00,0x08,0x07,0x02,0x00,0x08,0x7F,0x6E,0x00,0x35,0xE0,
  0x76,0x00,0x35,0xCC,0x73,0x00,0x08,0x01,0x01,0x00,0x08,0x02,0x00,0x00,0x08,0x03,
  0x02,0x00,0x35,0xE0,0x75,0x00,0x35,0xF8,0x76,0x00,0x35,0x10,0x00,0x00,0x2D,0x28,
  0x76,0x00,0x35,0x28,0x00,0x00,0x08,0x06,0x02,0x00,0x2E,0x5D,0x00,0x00,0x08,0x7E,
  0x73,0x00,0x35,0x3C,0x76,0x00,0x35,0x54,0x73,0x00,0x08,0x00,0x03,0x00,0x35,0x6C,
  0x76,0x00,0x35,0x84,0x75,0x00,0x35,0x6C,0x75,0x00,0x08,0x78,0x01,0x00,0x08,0x79,
  0x02,0x00,0x08,0x7A,0x02,0x00,0x08,0x7B,0x01,0x00,0x35,0x54,0x01,0x00,0x08,0x06,
  0x01,0x00,0x2E,0x58,0x01,0x00,0x08,0x7E,0x6E,0x00,0x35,0x3C,0x76,0x00,0x35,0x28,
  0x75,0x00,0x35,0x10,0x76,0x00,0x35,0xF8,0x01,0x00,0x2D,0x26,0x75,0x00,0x35,0xE0,
  0x76,0x00,0x35,0xCC,0x00,0x00,0x08,0x06,0x02,0x00,0x2E,0x61,0x01,0x00,0x08,0x7E,
  0x70,0x00,0x08,0x01,0x01,0x00,0x08,0x02,0x00,0x00,0x08,0x03,0x02,0x00,0x35,0xE0,
  0x75,0x00,0x35,0xF8,0x73,0x00,0x08,0x00,0x03,0x00,0x35,0x10,0x00,0x00,0x2D,0x28,
  0x76,0x00,0x35,0x28,0x76,0x00,0x35,0x3C,0x74,0x00,0x08,0x78,0x01,0x00,0x08,0x79,
  0x02,0x00,0x08,0x7A,0x02,0x00,0x08,0x7B,0x01,0x00,0x08,0x05,0x01,0x00,0x35,0x28,
  0x01,0x00,0x2D,0x29,0x00,0x00,0x08,0x7D,0x00,0x00,0x08,0x06,0x02,0x00,0x2E,0x59,
  0x00,0x00,0x08,0x7E,0x01,0x00,0x08,0x07,0x01,0x00,0x08,0x7F,0xB8,0x02,0x08,0x06,
  0x02,0x00,0x2E,0x55,0x00,0x00,0x08,0x7E,0x71,0x00,0x08,0x01,0x01,0x00,0x08,0x02,
  0x01,0x00,0x08,0x03,0x01,0x00,0x34,0x28,0x75,0x00,0x34,0x40,0x73,0x00,0x08,0x00,
  0x03,0x00,0x34,0x58,0x75,0x00,0x34,0x70,0x76,0x00,0x34,0x58,0x75,0x00,0x08,0x78,
  0x02,0x00,0x08,0x79,0x01,0x00,0x08,0x7A,0x02,0x00,0x08,0x7B,0x01,0x00,0x34,0x40,
  0x01,0x00,0x08,0x06,0x02,0x00,0x2E,0x62,0x00,0x00,0x08,0x7E,0x6E,0x00,0x34,0x28,
  0x75,0x00,0x34,0x14,0x76,0x00,0x34,0xFC,0x00,0x00,0x2C,0x28,0x76,0x00,0x34,0xE4,
  0x76,0x00,0x34,0xCC,0x75,0x00,0x34,0xB8,0x02,0x00,0x08,0x06,0x01,0x00,0x2E,0x5D,
  0x01,0x00,0x08,0x7E,0x70,0x00,0x08,0x01,0x01,0x00,0x08,0x02,0x01,0x00,0x08,0x03,
  0x01,0x00,0x34,0xCC,0x75,0x00,0x34,0xE4,0x73,0x00,0x08,0x00,0x03,0x00,0x34,0xFC,
  0x75,0x00,0x34,0x14,0x01,0x00,0x2C,0x29,0x75,0x00,0x34,0x28,0x75,0x00,0x08,0x78,
  0x02,0x00,0x29,0x4C,0x00,0x00,0x08,0x79,0x02,0x00,0x2A,0x45,0x00,0x00,0x08,0x7A,
  0x02,0x00,0x2B,0x4C,0x00,0x00,0x08,0x7B,0x01,0x00,0x34,0x40,0x01,0x00,0x08,0x06,
  0x02,0x00,0x2E,0x58,0x00,0x00,0x08,0x7E,0x01,0x00,0x08,0x07,0x02,0x00,0x08,0x7F,
  0x6A,0x00,0x34,0x58,0x76,0x00,0x34,0x70,0x75,0x00,0x34,0x58,0x76,0x00,0x34,0x40,
  0x76,0x00,0x34,0x28,0x76,0x00,0x34,0x14,0x01,0x00,0x08,0x06,0x01,0x00,0x2E,0x61,
  0x01,0x00,0x08,0x7E,0x72,0x00,0x34,0xFC,0x00,0x00,0x2C,0x28,0x01,0x00,0x35,0x3C,
  0x75,0x00,0x34,0xE4,0x01,0x00,0x35,0x54,0x72,0x00,0x08,0x00,0x03,0x00,0x34,0xCC,
  0x01,0x00,0x35,0x6C,0x75,0x00,0x34,0xB8,0x01,0x00,0x35,0x84,0x74,0x00,0x34,0xCC,
  0x02,0x00,0x35,0x6C,0x73,0x00,0x08,0x78,0x02,0x00,0x34,0xE4,0x02,0x00,0x35,0x54,
  0x00,0x00,0x08,0x06,0x02,0x00,0x2E,0x59,0x00,0x00,0x08,0x7E,0x71,0x00,0x34,0xFC,
  0x01,0x00,0x35,0x3C,0x75,0x00,0x34,0x14,0x00,0x00,0x2C,0x29,0x01,0x00,0x35,0x28,
  0x74,0x00,0x34,0x28,0x01,0x00,0x35,0x10,0x75,0x00,0x34,0x40,0x01,0x00,0x35,0xF8,
  0x00,0x00,0x2D,0x28,0x75,0x00,0x34,0x58,0x01,0x00,0x35,0xE0,0x75,0x00,0x34,0x70,
  0x01,0x00,0x35,0xCC,0x00,0x00,0x08,0x06,0x02,0x00,0x2E,0x55,0x00,0x00,0x08,0x7E,
  0x72,0x00,0x34,0x58,0x01,0x00,0x35,0xE0,0x75,0x00,0x34,0x40,0x01,0x00,0x35,0xF8,
  0x73,0x00,0x08,0x00,0x02,0x00,0x34,0x28,0x01,0x00,0x35,0x10,0x01,0x00,0x2D,0x29,
  0x72,0x00,0x08,0x01,0x01,0x00,0x08,0x02,0x00,0x00,0x08,0x03,0x02,0x00,0x34,0x14,
  0x01,0x00,0x35,0x28,0x74,0x00,0x34,0xFC,0x00,0x00,0x2C,0x28,0x00,0x00,0x35,0x3C,
  0x74,0x00,0x08,0x78,0x03,0x00,0x34,0xE4,0x01,0x00,0x35,0x54,0x00,0x00,0x08,0x06,
  0x02,0x00,0x2E,0x62,0x01,0x00,0x08,0x7E,0x00,0x00,0x08,0x07,0x02,0x00,0x08,0x7F,
  0x6E,0x00,0x34,0xCC,0x01,0x00,0x35,0x6C,0x75,0x00,0x34,0xB8,0x01,0x00,0x35,0x84,
  0x74,0x00,0x34,0xCC,0x02,0x00,0x35,0x6C,0x74,0x00,0x34,0xE4,0x01,0x00,0x35,0x54,
  0x75,0x00,0x34,0xFC,0x01,0x00,0x35,0x3C,0x75,0x00,0x34,0x14,0x00,0x00,0x2C,0x29,
  0x01,0x00,0x35,0x28,0x00,0x00,0x08,0x06,0x02,0x00,0x2E,0x5D,0x01,0x00,0x08,0x7E,
  0x72,0x00,0x34,0x28,0x01,0x00,0x35,0x10,0x74,0x00,0x34,0x40,0x01,0x00,0x35,0xF8,
  0x01,0x00,0x2D,0x28,0x72,0x00,0x08,0x00,0x02,0x00,0x34,0x58,0x01,0x00,0x35,0xE0,
  0x75,0x00,0x34,0x70,0x01,0x00,0x35,0xCC,0x75,0x00,0x34,0x58,0x01,0x00,0x35,0xE0,
  0x73,0x00,0x08,0x78,0x02,0x00,0x29,0x48,0x00,0x00,0x08,0x79,0x02,0x00,0x2A,0x41,
  0x01,0x00,0x08,0x7A,0x01,0x00,0x2B,0x48,0x01,0x00,0x08,0x7B,0x00,0x00,0x34,0x40,
  0x02,0x00,0x35,0xF8,0x00,0x00,0x08,0x06,0x02,0x00,0x2E,0x58,0x00,0x00,0x08,0x7E,
  0x6C,0x00,0x34,0x28,0x01,0x00,0x35,0x10,0x00,0x00,0x2D,0x29,0x75,0x00,0x34,0x14,
  0x01,0x00,0x35,0x28,0x75,0x00,0x34,0xFC,0x00,0x00,0x2C,0x28,0x01,0x00,0x35,0x3C,
  0x74,0x00,0x34,0xE4,0x01,0x00,0x35,0x54,0x75,0x00,0x34,0xCC,0x01,0x00,0x35,0x6C,
  0x75,0x00,0x34,0xB8,0x01,0x00,0x35,0x84,0x01,0x00,0x08,0x06,0x01,0x00,0x2E,0x61,
  0x01,0x00,0x08,0x7E,0x72,0x00,0x34,0xCC,0x01,0x00,0x35,0x6C,0x74,0x00,0x34,0xE4,
  0x02,0x00,0x35,0x54,0x72,0x00,0x08,0x00,0x02,0x00,0x34,0xFC,0x02,0x00,0x35,0x3C,
  0x74,0x00,0x34,0x14,0x00,0x00,0x2C,0x29,0x01,0x00,0x35,0x28,0x75,0x00,0x34,0x28,
  0x01,0x00,0x35,0x10,0x73,0x00,0x08,0x78,0x03,0x00,0x34,0x40,0x01,0x00,0x35,0xF8,
  0x00,0x00,0x2D,0x28,0x01,0x00,0x08,0x06,0x01,0x00,0x2E,0x59,0x01,0x00,0x08,0x7E,
  0x00,0x00,0x08,0x07,0x02,0x00,0x08,0x7F,0x6E,0x00,0x34,0x58,0x01,0x00,0x35,0xE0,
  0x75,0x00,0x34,0x70,0x01,0x00,0x35,0xCC,0x73,0x00,0x08,0x01,0x01,0x00,0x08,0x02,
  0x01,0x00,0x08,0x03,0x01,0x00,0x34,0x58,0x01,0x00,0x35,0xE0,0x73,0x00,0x34,0x40,
  0x02,0x00,0x35,0xF8,0x74,0x00,0x34,0x28,0x01,0x00,0x35,0x10,0x01,0x00,0x2D,0x29,
  0x74,0x00,0x34,0x14,0x01,0x00,0x35,0x28,0x01,0x00,0x08,0x06,0x01,0x00,0x2E,0x55,
  0x01,0x00,0x08,0x7E,0x72,0x00,0x34,0xFC,0x00,0x00,0x2C,0x28,0x01,0x00,0x35,0x3C,
  0x75,0x00,0x34,0xE4,0x01,0x00,0x35,0x54,0x72,0x00,0x08,0x00,0x03,0x00,0x34,0xCC,
  0x01,0x00,0x35,0x6C,0x74,0x00,0x34,0xB8,0x01,0x00,0x35,0x84,0x75,0x00,0x34,0xCC,
  0x01,0x00,0x35,0x6C,0x74,0x00,0x08,0x78,0x01,0x00,0x08,0x79,0x02,0x00,0x08,0x7A,
  0x02,0x00,0x08,0x7B,0x00,0x00,0x34,0xE4,0x02,0x00,0x35,0x54,0x00,0x00,0x08,0x06,
  0x02,0x00,0x2E,0x62,0x00,0x00,0x08,0x7E,0x6D,0x00,0x34,0xFC,0x01,0x00,0x35,0x3C,
  0x75,0x00,0x34,0x14,0x00,0x00,0x2C,0x29,0x01,0x00,0x35,0x28,0x75,0x00,0x34,0x28,
  0x01,0x00,0x35,0x10,0x75,0x00,0x34,0x40,0x01,0x00,0x35,0xF8,0x00,0x00,0x2D,0x28,
  0x74,0x00,0x34,0x58,0x01,0x00,0x35,0xE0,0x75,0x00,0x34,0x70,0x01,0x00,0x35,0xCC,
  0x01,0x00,0x08,0x06,0x02,0x00,0x2E,0x5D,0x00,0x00,0x08,0x7E,0x70,0x00,0x08,0x01,
  0x01,0x00,0x08,0x02,0x01,0x00,0x08,0x03,0x01,0x00,0x34,0x58,0x01,0x00,0x35,0xE0,
  0x74,0x00,0x34,0x40,0x01,0x00,0x35,0xF8,0x72,0x00,0x08,0x00,0x03,0x00,0x34,0x28,
  0x01,0x00,0x35,0x10,0x00,0x00,0x2D,0x29,0x74,0x00,0x34,0x14,0x01,0x00,0x35,0x28,
  0x75,0x00,0x34,0xFC,0x00,0x00,0x2C,0x28,0x01,0x00,0x35,0x3C,0x74,0x00,0x08,0x78,
  0x01,0x00,0x08,0x79,0x02,0x00,0x08,0x7A,0x02,0x00,0x08,0x7B,0x01,0x00,0x34,0xE4,
  0x01,0x00,0x35,0x54,0x00,0x00,0x08,0x06,0x02,0x00,0x2E,0x58,0x00,0x00,0x08,0x7E,
  0x01,0x00,0x08,0x07,0x01,0x00,0x08,0x7F,0x6C,0x00,0x34,0xCC,0x00,0x00,0x35,0x6C,
  0x75,0x00,0x34,0xB8,0x01,0x00,0x35,0x84,0x75,0x00,0x34,0xCC,0x01,0x00,0x35,0x6C,
  0x75,0x00,0x34,0xE4,0x01,0x00,0x35,0x54,0x75,0x00,0x34,0xFC,0x00,0x00,0x35,0x3C,
  0x75,0x00,0x34,0x14,0x00,0x00,0x2C,0x29,0x01,0x00,0x35,0x28,0x01,0x00,0x08,0x06,
  0x02,0x00,0x2E,0x61,0x00,0x00,0x08,0x7E,0x70,0x00,0x08,0x01,0x01,0x00,0x08,0x02,
  0x01,0x00,0x08,0x03,0x01,0x00,0x34,0x28,0x01,0x00,0x35,0x10,0x74,0x00,0x34,0x40,
  0x01,0x00,0x35,0xF8,0x00,0x00,0x2D,0x28,0x72,0x00,0x08,0x00,0x03,0x00,0x34,0x58,
  0x01,0x00,0x35,0xE0,0x74,0x00,0x34,0x70,0x01,0x00,0x35,0xCC,0x75,0x00,0x34,0x58,
  0x01,0x00,0x35,0xE0,0x74,0x00,0x08,0x78,0x02,0x00,0x08,0x79,0x01,0x00,0x08,0x7A,
  0x02,0x00,0x08,0x7B,0x01,0x00,0x34,0x40,0x01,0x00,0x35,0xF8,0x00,0x00,0x08,0x06,
  0x02,0x00,0x2E,0x59,0x01,0x00,0x08,0x7E,0x6D,0x00,0x34,0x28,0x01,0x00,0x35,0x10,
  0x00,0x00,0x2D,0x29,0x74,0x00,0x34,0x14,0x01,0x00,0x35,0x28,0x75,0x00,0x34,0xFC,
  0x00,0x00,0x2C,0x28,0x01,0x00,0x35,0x3C,0x75,0x00,0x34,0xE4,0x01,0x00,0x35,0x54,
  0x75,0x00,0x34,0xCC,0x01,0x00,0x35,0x6C,0x74,0x00,0x34,0xB8,0x02,0x00,0x35,0x84,
  0x00,0x00,0x08,0x06,0x02,0x00,0x2E,0x55,0x00,0x00,0x08,0x7E,0x70,0x00,0x08,0x01,
  0x01,0x00,0x08,0x02,0x01,0x00,0x08,0x03,0x01,0x00,0x34,0xCC,0x01,0x00,0x35,0x6C,
  0x74,0x00,0x34,0xE4,0x01,0x00,0x35,0x54,0x72,0x00,0x08,0x00,0x03,0x00,0x34,0xFC,
  0x01,0x00,0x35,0x3C,0x75,0x00,0x34,0x14,0x00,0x00,0x2C,0x29,0x00,0x00,0x35,0x28,
  0x75,0x00,0x34,0x28,0x01,0x00,0x35,0x10,0x74,0x00,0x08,0x78,0x02,0x00,0x29,0x45,
  0x00,0x00,0x08,0x79,0x02,0x00,0x2A,0x3E,0x00,0x00,0x08,0x7A,0x02,0x00,0x2B,0x45,
  0x00,0x00,0x08,0x7B,0x01,0x00,0x34,0x40,0x01,0x00,0x35,0xF8,0x00,0x00,0x2D,0x28,
  0x01,0x00,0x08,0x06,0x02,0x00,0x2E,0x62,0x00,0x00,0x08,0x7E,0x01,0x00,0x08,0x07,
  0x01,0x00,0x08,0x7F,0x6A,0x00,0x34,0x58,0x01,0x00,0x35,0xE0,0x74,0x00,0x34,0x70,
  0x02,0x00,0x35,0xCC,0x74,0x00,0x34,0x58,0x01,0x00,0x35,0xE0,0x75,0x00,0x34,0x40,
  0x01,0x00,0x35,0xF8,0x75,0x00,0x34,0x28,0x01,0x00,0x35,0x10,0x00,0x00,0x2D,0x29,
  0x74,0x00,0x34,0x14,0x02,0x00,0x35,0x28,0x00,0x00,0x08,0x06,0x02,0x00,0x2E,0x5D,
  0x00,0x00,0x08,0x7E,0x72,0x00,0x34,0xFC,0x00,0x00,0x2C,0x28,0x01,0x00,0x35,0x3C,
  0x75,0x00,0x34,0xE4,0x01,0x00,0x35,0x54,0x72,0x00,0x08,0x00,0x03,0x00,0x34,0xCC,
  0x01,0x00,0x35,0x6C,0x75,0x00,0x34,0xB8,0x01,0x00,0x35,0x84,0x74,0x00,0x34,0xCC,
  0x01,0x00,0x35,0x6C,0x74,0x00,0x08,0x78,0x02,0x00,0x34,0xE4,0x02,0x00,0x35,0x54,
  0x00,0x00,0x08,0x06,0x02,0x00,0x2E,0x58,0x00,0x00,0x08,0x7E,0x71,0x00,0x34,0xFC,
  0x01,0x00,0x35,0x3C,0x75,0x00,0x34,0x14,0x00,0x00,0x2C,0x29,0x01,0x00,0x35,0x28,
  0x74,0x00,0x34,0x28,0x01,0x00,0x35,0x10,0x75,0x00,0x34,0x40,0x01,0x00,0x35,0xF8,
  0x00,0x00,0x2D,0x28,0x75,0x00,0x34,0x58,0x01,0x00,0x35,0xE0,0x75,0x00,0x34,0x70,
  0x01,0x00,0x35,0xCC,0x00,0x00,0x08,0x06,0x02,0x00,0x2E,0x61,0x00,0x00,0x08,0x7E,
  0x72,0x00,0x34,0x58,0x01,0x00,0x35,0xE0,0x75,0x00,0x34,0x40,0x01,0x00,0x35,0xF8,
  0x73,0x00,0x08,0x00,0x02,0x00,0x34,0x28,0x01,0x00,0x35,0x10,0x00,0x00,0x2D,0x29,
  0x73,0x00,0x08,0x01,0x01,0x00,0x08,0x02,0x00,0x00,0x08,0x03,0x02,0x00,0x34,0x14,
  0x01,0x00,0x35,0x28,0x74,0x00,0x34,0xFC,0x00,0x00,0x2C,0x28,0x00,0x00,0x35,0x3C,
  0x74,0x00,0x08,0x78,0x02,0x00,0x08,0x04,0x01,0x00,0x34,0xE4,0x01,0x00,0x35,0x54,
  0x00,0x00,0x08,0x06,0x02,0x00,0x2E,0x59,0x01,0x00,0x08,0x7E,0x00,0x00,0x08,0x07,
  0x02,0x00,0x08,0x7F,0x6F,0x00,0x34,0xCC,0x00,0x00,0x35,0x6C,0x75,0x00,0x34,0xB8,
  0x01,0x00,0x35,0x84,0x74,0x00,0x34,0xCC,0x02,0x00,0x35,0x6C,0x74,0x00,0x34,0xE4,
  0x01,0x00,0x35,0x54,0x75,0x00,0x34,0xFC,0x01,0x00,0x35,0x3C,0x75,0x00,0x34,0x14,
  0x00,0x00,0x2C,0x29,0x01,0x00,0x35,0x28,0x00,0x00,0x08,0x06,0x02,0x00,0x2E,0x55,
  0x01,0x00,0x08,0x7E,0x71,0x00,0x34,0x28,0x02,0x00,0x35,0x10,0x74,0x00,0x34,0x40,
  0x01,0x00,0x35,0xF8,0x01,0x00,0x2D,0x28,0x72,0x00,0x08,0x00,0x02,0x00,0x34,0x58,
  0x01,0x00,0x35,0xE0,0x75,0x00,0x34,0x70,0x01,0x00,0x35,0xCC,0x75,0x00,0x34,0x58,
  0x01,0x00,0x35,0xE0,0x73,0x00,0x08,0x78,0x02,0x00,0x29,0x48,0x01,0x00,0x08,0x79,
  0x02,0x00,0x2A,0x41,0x00,0x00,0x08,0x7A,0x02,0x00,0x2B,0x48,0x00,0x00,0x08,0x7B,
  0x01,0x00,0x34,0x40,0x01,0x00,0x35,0xF8,0x01,0x00,0x08,0x06,0x6D,0x00,0x34,0x28,
  0x01,0x00,0x35,0x10,0x00,0x00,0x2D,0x29,0x75,0x00,0x34,0x14,0x01,0x00,0x35,0x28,
  0x75,0x00,0x34,0xFC,0x00,0x00,0x2C,0x28,0x01,0x00,0x35,0x3C,0x74,0x00,0x34,0xE4,
  0x01,0x00,0x35,0x54,0x75,0x00,0x34,0xCC,0x01,0x00,0x35,0x6C,0x75,0x00,0x34,0xB8,
  0x01,0x00,0x35,0x84,0x75,0x00,0x34,0xCC,0x01,0x00,0x35,0x6C,0x74,0x00,0x34,0xE4,
  0x01,0x00,0x35,0x54,0x73,0x00,0x08,0x00,0x02,0x00,0x34,0xFC,0x01,0x00,0x35,0x3C,
  0x75,0x00,0x34,0x14,0x00,0x00,0x2C,0x29,0x01,0x00,0x35,0x28,0x75,0x00,0x34,0x28,
  0x01,0x00,0x35,0x10,0x74,0x00,0x08,0x78,0x03,0x00,0x34,0x14,0x00,0x00,0x2C,0x21,
  0x00,0x00,0x08,0x7C,0x01,0x00,0x35,0xF8,0x00,0x00,0x2D,0x28,0x01,0x00,0x08,0x07,
  0x02,0x00,0x08,0x7F,0x70,0x00,0x35,0xE0,0x76,0x00,0x35,0xCC,0x73,0x00,0x08,0x01,
  0x01,0x00,0x08,0x02,0x01,0x00,0x08,0x03,0x01,0x00,0x35,0xE0,0x75,0x00,0x35,0xF8,
  0x76,0x00,0x35,0x10,0x00,0x00,0x2D,0x29,0x76,0x00,0x35,0x28,0x75,0x00,0x35,0x3C,
  0x76,0x00,0x35,0x54,0x73,0x00,0x08,0x00,0x03,0x00,0x35,0x6C,0x76,0x00,0x35,0x84,
  0x75,0x00,0x35,0x6C,0x75,0x00,0x08,0x78,0x01,0x00,0x08,0x79,0x02,0x00,0x08,0x7A,
  0x02,0x00,0x08,0x7B,0x01,0x00,0x35,0x54,0x02,0x00,0x2E,0x68,0x00,0x00,0x08,0x7E,
  0x6F,0x00,0x35,0x3C,0x76,0x00,0x35,0x28,0x75,0x00,0x35,0x10,0x76,0x00,0x35,0xF8,
  0x00,0x00,0x2D,0x28,0x76,0x00,0x35,0xE0,0x76,0x00,0x35,0xCC,0x73,0x00,0x08,0x01,
  0x01,0x00,0x08,0x02,0x01,0x00,0x08,0x03,0x01,0x00,0x35,0xE0,0x75,0x00,0x35,0xF8,
  0x73,0x00,0x08,0x00,0x03,0x00,0x35,0x10,0x00,0x00,0x2D,0x29,0x76,0x00,0x35,0x28,
  0x75,0x00,0x35,0x3C,0x75,0x00,0x08,0x78,0x01,0x00,0x08,0x79,0x02,0x00,0x08,0x7A,
  0x02,0x00,0x08,0x7B,0x01,0x00,0x08,0x05,0x01,0x00,0x35,0x28,0x01,0x00,0x2D,0x21,
  0x00,0x00,0x08,0x7D,0x01,0x00,0x08,0x07,0x02,0x00,0x08,0x7F,0x2C,0x03,0x08,0x01,
  0x01,0x00,0x08,0x02,0x01,0x00,0x08,0x03,0x01,0x00,0x34,0x28,0x75,0x00,0x34,0x40,
  0x73,0x00,0x08,0x00,0x03,0x00,0x34,0x58,0x75,0x00,0x34,0x70,0x76,0x00,0x34,0x58,
  0x75,0x00,0x08,0x78,0x02,0x00,0x08,0x79,0x01,0x00,0x08,0x7A,0x02,0x00,0x08,0x7B,
  0x01,0x00,0x34,0x40,0x71,0x00,0x34,0x28,0x75,0x00,0x34,0x14,0x76,0x00,0x34,0xFC,
  0x00,0x00,0x2C,0x20,0x76,0x00,0x34,0xE4,0x76,0x00,0x34,0xCC,0x75,0x00,0x34,0xB8,
  0x74,0x00,0x08,0x01,0x01,0x00,0x08,0x02,0x01,0x00,0x08,0x03,0x01,0x00,0x34,0xCC,
  0x01,0x00,0x36,0x48,0x74,0x00,0x34,0xE4,0x01,0x00,0x36,0x64,0x72,0x00,0x08,0x00,
  0x03,0x00,0x34,0xFC,0x02,0x00,0x36,0x80,0x74,0x00,0x34,0x14,0x00,0x00,0x2C,0x21,
  0x01,0x00,0x36,0x9C,0x74,0x00,0x34,0x28,0x02,0x00,0x36,0x80,0x73,0x00,0x08,0x78,
  0x02,0x00,0x29,0x4C,0x00,0x00,0x08,0x79,0x02,0x00,0x2A,0x45,0x00,0x00,0x08,0x7A,
  0x02,0x00,0x2B,0x4C,0x00,0x00,0x08,0x7B,0x01,0x00,0x34,0x40,0x02,0x00,0x36,0x64,
  0x00,0x00,0x08,0x07,0x02,0x00,0x08,0x7F,0x6C,0x00,0x34,0x58,0x01,0x00,0x36,0x48,
  0x74,0x00,0x34,0x70,0x02,0x00,0x36,0x2C,0x74,0x00,0x34,0x58,0x02,0x00,0x36,0x10,
  0x74,0x00,0x34,0x40,0x02,0x00,0x36,0xF4,0x00,0x00,0x2E,0x66,0x74,0x00,0x34,0x28,
  0x01,0x00,0x36,0xD8,0x74,0x00,0x34,0x14,0x02,0x00,0x36,0xBC,0x74,0x00,0x34,0xFC,
  0x00,0x00,0x2C,0x20,0x01,0x00,0x35,0x3C,0x01,0x00,0x36,0xD8,0x74,0x00,0x34,0xE4,
  0x01,0x00,0x35,0x54,0x01,0x00,0x36,0xF4,0x71,0x00,0x08,0x00,0x03,0x00,0x34,0xCC,
  0x01,0x00,0x35,0x6C,0x01,0x00,0x36,0x10,0x00,0x00,0x2E,0x68,0x74,0x00,0x34,0xB8,
  0x01,0x00,0x35,0x84,0x01,0x00,0x36,0x2C,0x73,0x00,0x34,0xCC,0x01,0x00,0x35,0x6C,
  0x01,0x00,0x36,0x48,0x73,0x00,0x08,0x78,0x02,0x00,0x34,0xE4,0x01,0x00,0x35,0x54,
  0x01,0x00,0x08,0x06,0x02,0x00,0x36,0x2C,0x00,0x00,0x2E,0x69,0x00,0x00,0x08,0x7E,
  0x71,0x00,0x34,0xFC,0x01,0x00,0x35,0x3C,0x75,0x00,0x34,0x14,0x00,0x00,0x2C,0x21,
  0x01,0x00,0x35,0x28,0x74,0x00,0x34,0x28,0x01,0x00,0x35,0x10,0x75,0x00,0x34,0x40,
  0x01,0x00,0x35,0xF8,0x00,0x00,0x2D,0x20,0x75,0x00,0x34,0x58,0x01,0x00,0x35,0xE0,
  0x75,0x00,0x34,0x70,0x01,0x00,0x35,0xCC,0x00,0x00,0x08,0x06,0x02,0x00,0x2E,0x65,
  0x00,0x00,0x08,0x7E,0x72,0x00,0x34,0x58,0x01,0x00,0x35,0xE0,0x75,0x00,0x34,0x40,
  0x01,0x00,0x35,0xF8,0x73,0x00,0x08,0x00,0x02,0x00,0x34,0x28,0x01,0x00,0x35,0x10,
  0x00,0x00,0x2D,0x21,0x73,0x00,0x08,0x01,0x01,0x00,0x08,0x02,0x00,0x00,0x08,0x03,
  0x01,0x00,0x34,0x14,0x01,0x00,0x35,0x28,0x74,0x00,0x34,0xFC,0x00,0x00,0x2C,0x20,
  0x01,0x00,0x35,0x3C,0x74,0x00,0x08,0x78,0x03,0x00,0x34,0xE4,0x01,0x00,0x35,0x54,
  0x00,0x00,0x08,0x06,0x02,0x00,0x2E,0x61,0x00,0x00,0x08,0x7E,0x01,0x00,0x08,0x07,
  0x01,0x00,0x08,0x7F,0x6F,0x00,0x34,0xCC,0x01,0x00,0x35,0x6C,0x75,0x00,0x34,0xB8,
  0x01,0x00,0x35,0x84,0x74,0x00,0x34,0xCC,0x02,0x00,0x35,0x6C,0x74,0x00,0x34,0xE4,
  0x01,0x00,0x35,0x54,0x75,0x00,0x34,0xFC,0x01,0x00,0x35,0x3C,0x75,0x00,0x34,0x14,
  0x00,0x00,0x2C,0x21,0x01,0x00,0x35,0x28,0x00,0x00,0x08,0x06,0x02,0x00,0x2E,0x5D,
  0x00,0x00,0x08,0x7E,0x72,0x00,0x34,0x28,0x01,0x00,0x35,0x10,0x75,0x00,0x34,0x40,
  0x01,0x00,0x35,0xF8,0x00,0x00,0x2D,0x20,0x73,0x00,0x08,0x00,0x02,0x00,0x34,0x58,
  0x01,0x00,0x35,0xE0,0x75,0x00,0x34,0x70,0x01,0x00,0x35,0xCC,0x74,0x00,0x34,0x58,
  0x02,0x00,0x35,0xE0,0x74,0x00,0x08,0x78,0x02,0x00,0x29,0x48,0x00,0x00,0x08,0x79,
  0x02,0x00,0x2A,0x41,0x00,0x00,0x08,0x7A,0x02,0x00,0x2B,0x48,0x00,0x00,0x08,0x7B,
  0x01,0x00,0x34,0x40,0x01,0x00,0x35,0xF8,0x00,0x00,0x08,0x06,0x02,0x00,0x2E,0x65,
  0x01,0x00,0x08,0x7E,0x6B,0x00,0x34,0x28,0x01,0x00,0x35,0x10,0x00,0x00,0x2D,0x21,
  0x75,0x00,0x34,0x14,0x01,0x00,0x35,0x28,0x74,0x00,0x34,0xFC,0x01,0x00,0x2C,0x20,
  0x01,0x00,0x35,0x3C,0x74,0x00,0x34,0xE4,0x01,0x00,0x35,0x54,0x75,0x00,0x34,0xCC,
  0x01,0x00,0x35,0x6C,0x75,0x00,0x34,0xB8,0x01,0x00,0x35,0x84,0x01,0x00,0x08,0x06,
  0x01,0x00,0x2E,0x61,0x01,0x00,0x08,0x7E,0x72,0x00,0x34,0xCC,0x01,0x00,0x35,0x6C,
  0x74,0x00,0x34,0xE4,0x01,0x00,0x35,0x54,0x72,0x00,0x08,0x00,0x03,0x00,0x34,0xFC,
  0x01,0x00,0x35,0x3C,0x75,0x00,0x34,0x14,0x00,0x00,0x2C,0x21,0x01,0x00,0x35,0x28,
  0x75,0x00,0x34,0x28,0x01,0x00,0x35,0x10,0x74,0x00,0x08,0x78,0x02,0x00,0x34,0x40,
  0x01,0x00,0x35,0xF8,0x00,0x00,0x2D,0x20,0x00,0x00,0x08,0x06,0x02,0x00,0x2E,0x5D,
  0x01,0x00,0x08,0x7E,0x00,0x00,0x08,0x07,0x02,0x00,0x08,0x7F,0x6E,0x00,0x34,0x58,
  0x01,0x00,0x35,0xE0,0x75,0x00,0x34,0x70,0x01,0x00,0x35,0xCC,0x73,0x00,0x08,0x01,
  0x01,0x00,0x08,0x02,0x00,0x00,0x08,0x03,0x02,0x00,0x34,0x58,0x01,0x00,0x35,0xE0,
  0x73,0x00,0x34,0x40,0x02,0x00,0x35,0xF8,0x74,0x00,0x34,0x28,0x01,0x00,0x35,0x10,
  0x00,0x00,0x2D,0x21,0x75,0x00,0x34,0x14,0x01,0x00,0x35,0x28,0x01,0x00,0x08,0x06,
  0x01,0x00,0x2E,0x55,0x01,0x00,0x08,0x7E,0x72,0x00,0x34,0xFC,0x00,0x00,0x2C,0x20,
  0x01,0x00,0x35,0x3C,0x74,0x00,0x34,0xE4,0x01,0x00,0x35,0x54,0x73,0x00,0x08,0x00,
  0x03,0x00,0x34,0xCC,0x00,0x00,0x35,0x6C,0x75,0x00,0x34,0xB8,0x01,0x00,0x35,0x84,
  0x75,0x00,0x34,0xCC,0x01,0x00,0x35,0x6C,0x74,0x00,0x08,0x78,0x01,0x00,0x08,0x79,
  0x02,0x00,0x08,0x7A,0x01,0x00,0x08,0x7B,0x01,0x00,0x34,0xE4,0x01,0x00,0x35,0x54,
  0x01,0x00,0x08,0x06,0x02,0x00,0x2E,0x61,0x00,0x00,0x08,0x7E,0x6D,0x00,0x34,0xFC,
  0x01,0x00,0x35,0x3C,0x75,0x00,0x34,0x14,0x00,0x00,0x2C,0x21,0x01,0x00,0x35,0x28,
  0x75,0x00,0x34,0x28,0x01,0x00,0x35,0x10,0x75,0x00,0x34,0x40,0x01,0x00,0x35,0xF8,
  0x00,0x00,0x2D,0x20,0x74,0x00,0x34,0x58,0x01,0x00,0x35,0xE0,0x75,0x00,0x34,0x70,
  0x01,0x00,0x35,0xCC,0x01,0x00,0x08,0x06,0x02,0x00,0x2E,0x5D,0x00,0x00,0x08,0x7E,
  0x70,0x00,0x08,0x01,0x01,0x00,0x08,0x02,0x00,0x00,0x08,0x03,0x02,0x00,0x34,0x58,
  0x01,0x00,0x35,0xE0,0x74,0x00,0x34,0x40,0x01,0x00,0x35,0xF8,0x72,0x00,0x08,0x00,
  0x03,0x00,0x34,0x28,0x01,0x00,0x35,0x10,0x00,0x00,0x2D,0x21,0x74,0x00,0x34,0x14,
  0x01,0x00,0x35,0x28,0x75,0x00,0x34,0xFC,0x00,0x00,0x2C,0x20,0x01,0x00,0x35,0x3C,
  0x74,0x00,0x08,0x78,0x01,0x00,0x08,0x79,0x02,0x00,0x08,0x7A,0x02,0x00,0x08,0x7B,
  0x01,0x00,0x34,0xE4,0x01,0x00,0x35,0x54,0x00,0x00,0x08,0x06,0x02,0x00,0x2E,0x55,
  0x00,0x00,0x08,0x7E,0x01,0x00,0x08,0x07,0x01,0x00,0x08,0x7F,0x6B,0x00,0x34,0xCC,
  0x01,0x00,0x35,0x6C,0x75,0x00,0x34,0xB8,0x01,0x00,0x35,0x84,0x75,0x00,0x34,0xCC,
  0x01,0x00,0x35,0x6C,0x75,0x00,0x34,0xE4,0x01,0x00,0x35,0x54,0x74,0x00,0x34,0xFC,
  0x01,0x00,0x35,0x3C,0x75,0x00,0x34,0x14,0x00,0x00,0x2C,0x21,0x01,0x00,0x35,0x28,
  0x01,0x00,0x08,0x06,0x02,0x00,0x2E,0x51,0x00,0x00,0x08,0x7E,0x70,0x00,0x08,0x01,
  0x01,0x00,0x08,0x02,0x01,0x00,0x08,0x03,0x01,0x00,0x34,0x28,0x01,0x00,0x35,0x10,
  0x74,0x00,0x34,0x40,0x01,0x00,0x35,0xF8,0x00,0x00,0x2D,0x20,0x72,0x00,0x08,0x00,
  0x03,0x00,0x34,0x58,0x01,0x00,0x35,0xE0,0x74,0x00,0x34,0x70,0x01,0x00,0x35,0xCC,
  0x75,0x00,0x34,0x58,0x01,0x00,0x35,0xE0,0x74,0x00,0x08,0x78,0x01,0x00,0x08,0x79,
  0x02,0x00,0x08,0x7A,0x02,0x00,0x08,0x7B,0x00,0x00,0x34,0x40,0x02,0x00,0x35,0xF8,
  0x01,0x00,0x08,0x06,0x01,0x00,0x2E,0x5D,0x01,0x00,0x08,0x7E,0x6D,0x00,0x34,0x28,
  0x01,0x00,0x35,0x10,0x00,0x00,0x2D,0x21,0x74,0x00,0x34,0x14,0x01,0x00,0x35,0x28,
  0x75,0x00,0x34,0xFC,0x00,0x00,0x2C,0x20,0x01,0x00,0x35,0x3C,0x75,0x00,0x34,0xE4,
  0x01,0x00,0x35,0x54,0x75,0x00,0x34,0xCC,0x01,0x00,0x35,0x6C,0x74,0x00,0x34,0xB8,
  0x01,0x00,0x35,0x84,0x01,0x00,0x08,0x06,0x02,0x00,0x2E,0x55,0x00,0x00,0x08,0x7E,
  0x70,0x00,0x08,0x01,0x01,0x00,0x08,0x02,0x01,0x00,0x08,0x03,0x01,0x00,0x34,0xCC,
  0x01,0x00,0x35,0x6C,0x74,0x00,0x34,0xE4,0x01,0x00,0x35,0x54,0x72,0x00,0x08,0x00,
  0x03,0x00,0x34,0xFC,0x01,0x00,0x35,0x3C,0x74,0x00,0x34,0x14,0x00,0x00,0x2C,0x21,
  0x01,0x00,0x35,0x28,0x75,0x00,0x34,0x28,0x01,0x00,0x35,0x10,0x74,0x00,0x08,0x78,
  0x02,0x00,0x29,0x45,0x00,0x00,0x08,0x79,0x02,0x00,0x2A,0x3E,0x00,0x00,0x08,0x7A,
  0x02,0x00,0x2B,0x45,0x00,0x00,0x08,0x7B,0x02,0x00,0x34,0x40,0x01,0x00,0x35,0xF8,
  0x00,0x00,0x2D,0x20,0x00,0x00,0x08,0x06,0x03,0x00,0x2E,0x51,0x00,0x00,0x08,0x7E,
  0x00,0x00,0x08,0x07,0x02,0x00,0x08,0x7F,0x69,0x00,0x34,0x58,0x01,0x00,0x35,0xE0,
  0x74,0x00,0x34,0x70,0x01,0x00,0x35,0xCC,0x75,0x00,0x34,0x58,0x01,0x00,0x35,0xE0,
  0x75,0x00,0x34,0x40,0x01,0x00,0x35,0xF8,0x75,0x00,0x34,0x28,0x01,0x00,0x35,0x10,
  0x00,0x00,0x2D,0x21,0x74,0x00,0x34,0x14,0x01,0x00,0x35,0x28,0x01,0x00,0x08,0x06,
  0x02,0x00,0x2E,0x4D,0x00,0x00,0x08,0x7E,0x72,0x00,0x34,0xFC,0x00,0x00,0x2C,0x20,
  0x01,0x00,0x35,0x3C,0x75,0x00,0x34,0xE4,0x01,0x00,0x35,0x54,0x72,0x00,0x08,0x00,
  0x03,0x00,0x34,0xCC,0x01,0x00,0x35,0x6C,0x75,0x00,0x34,0xB8,0x01,0x00,0x35,0x84,
  0x74,0x00,0x34,0xCC,0x01,0x00,0x35,0x6C,0x74,0x00,0x08,0x78,0x02,0x00,0x34,0xE4,
  0x01,0x00,0x35,0x54,0x01,0x00,0x08,0x06,0x02,0x00,0x6E,0x15,0x00,0x00,0x76,0x1F,
  0x00,0x00,0x7E,0x15,0x01,0x00,0x2E,0x5D,0x01,0x00,0x08,0x7E,0x6F,0x00,0x34,0xFC,
  0x01,0x00,0x35,0x3C,0x75,0x00,0x34,0x14,0x00,0x00,0x2C,0x21,0x01,0x00,0x35,0x28,
  0x74,0x00,0x34,0x28,0x01,0x00,0x35,0x10,0x75,0x00,0x34,0x40,0x01,0x00,0x35,0xF8,
  0x00,0x00,0x2D,0x20,0x75,0x00,0x34,0x58,0x01,0x00,0x35,0xE0,0x75,0x00,0x34,0x70,
  0x01,0x00,0x35,0xCC,0x00,0x00,0x08,0x06,0x02,0x00,0x2E,0x55,0x00,0x00,0x08,0x7E,
  0x72,0x00,0x34,0x58,0x01,0x00,0x35,0xE0,0x75,0x00,0x34,0x40,0x01,0x00,0x35,0xF8,
  0x73,0x00,0x08,0x00,0x02,0x00,0x34,0x28,0x01,0x00,0x35,0x10,0x00,0x00,0x2D,0x21,
  0x73,0x00,0x08,0x01,0x01,0x00,0x08,0x02,0x00,0x00,0x08,0x03,0x01,0x00,0x34,0x14,
  0x01,0x00,0x35,0x28,0x74,0x00,0x34,0xFC,0x00,0x00,0x2C,0x20,0x01,0x00,0x35,0x3C,
  0x74,0x00,0x08,0x78,0x03,0x00,0x34,0xE4,0x01,0x00,0x35,0x54,0x01,0x00,0x08,0x06,
  0x02,0x00,0x2E,0x51,0x00,0x00,0x08,0x7E,0x01,0x00,0x08,0x07,0x01,0x00,0x08,0x7F,
  0x6E,0x00,0x34,0xCC,0x01,0x00,0x35,0x6C,0x75,0x00,0x34,0xB8,0x01,0x00,0x35,0x84,
  0x74,0x00,0x34,0xCC,0x02,0x00,0x35,0x6C,0x74,0x00,0x34,0xE4,0x01,0x00,0x35,0x54,
  0x75,0x00,0x34,0xFC,0x01,0x00,0x35,0x3C,0x75,0x00,0x34,0x14,0x00,0x00,0x2C,0x21,
  0x01,0x00,0x35,0x28,0x00,0x00,0x08,0x06,0x02,0x00,0x2E,0x4D,0x00,0x00,0x08,0x7E,
  0x72,0x00,0x08,0x04,0x01,0x00,0x34,0x28,0x01,0x00,0x35,0x10,0x74,0x00,0x34,0x40,
  0x01,0x00,0x35,0xF8,0x00,0x00,0x2D,0x20,0x73,0x00,0x08,0x00,0x02,0x00,0x34,0x58,
  0x01,0x00,0x35,0xE0,0x74,0x00,0x34,0x70,0x02,0x00,0x35,0xCC,0x74,0x00,0x34,0x58,
  0x02,0x00,0x35,0xE0,0x73,0x00,0x40,0x70,0x00,0x00,0x48,0x30,0x00,0x00,0x50,0x76,
  0x01,0x00,0x58,0x71,0x00,0x00,0x60,0x21,0x00,0x00,0x68,0x28,0x01,0x00,0x70,0x12,
  0x00,0x00,0x78,0x00,0x00,0x00,0x80,0x1F,0x00,0x00,0x88,0x1F,0x00,0x00,0x90,0x95,
  0x01,0x00,0x98,0x1F,0x00,0x00,0xA0,0x0E,0x00,0x00,0xA8,0x05,0x00,0x00,0xB0,0x0F,
  0x00,0x00,0xB8,0x0C,0x01,0x00,0xC0,0x07,0x00,0x00,0xC8,0x06,0x00,0x00,0xD0,0x06,
  0x00,0x00,0xD8,0x07,0x00,0x00,0xE0,0x28,0x00,0x00,0xE8,0x17,0x01,0x00,0xF0,0x47,
  0x00,0x00,0xF8,0x57,0x00,0x00,0x38,0x00,0x01,0x00,0x78,0x02,0x01,0x00,0x20,0xFA,
  0x00,0x00,0x28,0x2E,0x01,0x00,0x08,0x78,0x03,0x00,0x79,0x00,0x05,0x00,0x79,0x0A,
  0x00,0x00,0x21,0xBA,0x01,0x00,0x29,0x4E,0x00,0x00,0x08,0x79,0x04,0x00,0x7A,0x00,
  0x05,0x00,0x7A,0x0D,0x01,0x00,0x2A,0x48,0x00,0x00,0x08,0x7A,0x04,0x00,0x7B,0x00,
  0x04,0x00,0x7B,0x0D,0x00,0x00,0x23,0xFA,0x01,0x00,0x2B,0x42,0x00,0x00,0x08,0x7B,
  0x03,0x00,0x44,0x31,0x00,0x00,0x4C,0x73,0x00,0x00,0x54,0x25,0x00,0x00,0x5C,0x41,
  0x01,0x00,0x64,0x29,0x00,0x00,0x6C,0x1F,0x00,0x00,0x74,0x27,0x00,0x00,0x7C,0x00,
  0x00,0x00,0x84,0x5F,0x01,0x00,0x94,0x1F,0x00,0x00,0x9C,0x1C,0x00,0x00,0xA4,0x08,
  0x00,0x00,0xAC,0x04,0x01,0x00,0xB4,0x05,0x00,0x00,0xBC,0x0A,0x00,0x00,0xC4,0x01,
  0x00,0x00,0xD4,0x02,0x01,0x00,0xDC,0x02,0x00,0x00,0xE4,0x25,0x00,0x00,0xEC,0x15,
  0x00,0x00,0xF4,0x25,0x00,0x00,0xFC,0x06,0x02,0x00,0x7C,0x0A,0x00,0x00,0x24,0x7A,
  0x01,0x00,0x34,0x24,0x00,0x00,0x2C,0x4E,0x00,0x00,0x08,0x7C,0x01,0x00,0x08,0x05,
  0x02,0x00,0x45,0x43,0x00,0x00,0x4D,0x77,0x00,0x00,0x55,0x4F,0x00,0x00,0x5D,0x71,
  0x01,0x00,0x65,0x0A,0x00,0x00,0x75,0x1C,0x00,0x00,0x7D,0x00,0x01,0x00,0xA5,0x04,
  0x00,0x00,0xAD,0x04,0x00,0x00,0xB5,0x01,0x01,0x00,0xBD,0x0C,0x00,0x00,0xC5,0x01,
  0x00,0x00,0xCD,0x01,0x01,0x00,0xDD,0x02,0x00,0x00,0xE5,0x10,0x00,0x00,0xED,0x10,
  0x00,0x00,0xF5,0x18,0x00,0x00,0xFD,0x18,0x02,0x00,0x7D,0x0D,0x00,0x00,0x25,0xE8,
  0x01,0x00,0x35,0x20,0x00,0x00,0x2D,0x1E,0x00,0x00,0x08,0x7D,0x01,0x00,0x08,0x06,
  0x02,0x00,0x6E,0x1D,0x00,0x00,0x76,0x27,0x00,0x00,0x7E,0x1D,0x01,0x00,0x2E,0x5D,
  0x00,0x00,0x08,0x7E,0x88,0x02,0x08,0x06,0x02,0x00,0x2E,0x55,0x00,0x00,0x08,0x7E,
  0xC6,0x02,0x08,0x06,0x02,0x00,0x46,0x78,0x01,0x00,0x4E,0x34,0x00,0x00,0x56,0x78,
  0x00,0x00,0x5E,0x34,0x00,0x00,0x66,0x21,0x00,0x00,0x6E,0x18,0x01,0x00,0x76,0x04,
  0x00,0x00,0x7E,0x00,0x00,0x00,0x8E,0x1F,0x00,0x00,0x96,0x1F,0x01,0x00,0x9E,0x1F,
  0x00,0x00,0xB6,0x0A,0x00,0x00,0xBE,0x0A,0x01,0x00,0xE6,0x00,0x01,0x00,0xEE,0x00,
  0x00,0x00,0xF6,0x16,0x00,0x00,0xFE,0x16,0x02,0x00,0x76,0x11,0x00,0x00,0x7E,0x0D,
  0x00,0x00,0x26,0xFC,0x01,0x00,0x2E,0x1E,0x00,0x00,0x08,0x7E,0x01,0x00,0x08,0x07,
  0x01,0x00,0x47,0x22,0x01,0x00,0x4F,0xA7,0x00,0x00,0x57,0x94,0x00,0x00,0x5F,0xB2,
  0x00,0x00,0x67,0x29,0x00,0x00,0x6F,0x18,0x01,0x00,0x77,0x15,0x00,0x00,0x7F,0x00,
  0x00,0x00,0x87,0x1A,0x00,0x00,0x97,0x1A,0x01,0x00,0x9F,0x1A,0x00,0x00,0xA7,0x00,
  0x00,0x00,0xAF,0x12,0x00,0x00,0xB7,0x04,0x01,0x00,0xBF,0x12,0x00,0x00,0xC7,0x40,
  0x00,0x00,0xCF,0x83,0x00,0x00,0xD7,0xC0,0x00,0x00,0xDF,0x0A,0x00,0x00,0xE7,0x02,
  0x01,0x00,0xEF,0x36,0x00,0x00,0xF7,0x22,0x00,0x00,0xFF,0x18,0x02,0x00,0x7F,0x0A,
  0x00,0x00,0x27,0xFB,0x00,0x00,0x2F,0x3C,0x01,0x00,0x08,0x7F,0xA9,0x02,0x08,0x06,
  0x02,0x00,0x2E,0x22,0x00,0x00,0x08,0x7E,0x5D,0x01,0x08,0x00,0x62,0x01,0x08,0x78,
  0x03,0x00,0x08,0x06,0x02,0x00,0x2E,0x28,0x00,0x00,0x08,0x7E,0xBF,0x02,0x08,0x06,
  0x02,0x00,0x2E,0x2E,0x00,0x00,0x08,0x7E,0x5D,0x01,0x08,0x00,0x62,0x01,0x08,0x78,
  0x03,0x00,0x08,0x06,0x02,0x00,0x2E,0x1E,0x00,0x00,0x08,0x7E,0x01,0x00,0x08,0x07,
  0x01,0x00,0x08,0x7F,0xBE,0x02,0x08,0x06,0x01,0x00,0x2E,0x22,0x01,0x00,0x08,0x7E,
  0x5C,0x01,0x08,0x00,0x63,0x01,0x08,0x78,0x02,0x00,0x08,0x06,0x02,0x00,0x2E,0x28,
  0x00,0x00,0x08,0x7E,0xC0,0x02,0x08,0x06,0x01,0x00,0x2E,0x2E,0x01,0x00,0x08,0x7E,
  0x5C,0x01,0x08,0x00,0x63,0x01,0x08,0x78,0x03,0x00,0x08,0x06,0x01,0x00,0x2E,0x1E,
  0x00,0x00,0x08,0x7E,0x01,0x00,0x08,0x07,0x02,0x00,0x08,0x7F,0xBD,0x02,0x08,0x06,
  0x01,0x00,0x2E,0x22,0x01,0x00,0x08,0x7E,0x5C,0x01,0x08,0x00,0x63,0x01,0x08,0x78,
  0x03,0x00,0x08,0x06,0x01,0x00,0x2E,0x28,0x01,0x00,0x08,0x7E,0xBF,0x02,0x08,0x06,
  0x02,0x00,0x2E,0x2E,0x00,0x00,0x08,0x7E,0x5C,0x01,0x08,0x00,0x63,0x01,0x08,0x78,
  0x07,0x00,0x08,0x06,0x01,0x00,0x2E,0x1E,0x00,0x00,0x08,0x7E,0x01,0x00,0x08,0x07,
  0xBB,0x02,0x08,0x06,0x02,0x00,0x2E,0x22,0x00,0x00,0x08,0x7E,0x5D,0x01,0x08,0x00,
  0x76,0x00,0x08,0x01,0x01,0x00,0x08,0x02,0x00,0x00,0x08,0x03,0x01,0x00,0x08,0x04,
  0xEA,0x00,0x28,0x32,0x01,0x00,0x08,0x78,0x01,0x00,0x29,0x52,0x00,0x00,0x08,0x79,
  0x02,0x00,0x2A,0x4C,0x01,0x00,0x08,0x7A,0x02,0x00,0x2B,0x48,0x00,0x00,0x08,0x7B,
  0x02,0x00,0x2C,0x52,0x00,0x00,0x08,0x7C,0x00,0x00,0x08,0x05,0x02,0x00,0x2D,0x22,
  0x01,0x00,0x08,0x7D,0x00,0x00,0x08,0x06,0x01,0x00,0x08,0x7E,0xB7,0x02,0x08,0x06,
  0x02,0x00,0x2E,0x28,0x00,0x00,0x08,0x7E,0xC1,0x02,0x08,0x06,0x01,0x00,0x2E,0x2C,
  0x01,0x00,0x08,0x7E,0xBE,0x02,0x08,0x00,0x02,0x00,0x08,0x06,0x02,0x00,0x2E,0x32,
  0x01,0x00,0x08,0x7E,0xBE,0x02,0x08,0x78,0x03,0x00,0x08,0x06,0x02,0x00,0x2E,0x22,
  0x00,0x00,0x08,0x7E,0xBF,0x02,0x08,0x06,0x02,0x00,0x2E,0x28,0x00,0x00,0x08,0x7E,
  0x5D,0x01,0x08,0x00,0x63,0x01,0x08,0x78,0x02,0x00,0x08,0x06,0x02,0x00,0x2E,0x2C,
  0x00,0x00,0x08,0x7E,0x02,0x00,0x08,0x7F,0xBE,0x02,0x08,0x06,0x01,0x00,0x2E,0x32,
  0x01,0x00,0x08,0x7E,0x5C,0x01,0x08,0x00,0x63,0x01,0x08,0x78,0x03,0x00,0x08,0x06,
  0x01,0x00,0x2E,0x22,0x00,0x00,0x08,0x7E,0xC0,0x02,0x08,0x06,0x01,0x00,0x2E,0x28,
  0x01,0x00,0x08,0x7E,0x5C,0x01,0x08,0x00,0x63,0x01,0x08,0x78,0x02,0x00,0x08,0x06,
  0x02,0x00,0x2E,0x2C,0x00,0x00,0x08,0x7E,0x01,0x00,0x08,0x07,0x01,0x00,0x08,0x7F,
  0xBE,0x02,0x08,0x06,0x01,0x00,0x2E,0x32,0x00,0x00,0x08,0x7E,0x5D,0x01,0x08,0x00,
  0x63,0x01,0x08,0x78,0x03,0x00,0x08,0x06,0x01,0x00,0x2E,0x22,0x01,0x00,0x08,0x7E,
  0xBF,0x02,0x08,0x06,0x02,0x00,0x2E,0x28,0x00,0x00,0x08,0x7E,0x5D,0x01,0x08,0x00,
  0x62,0x01,0x08,0x78,0x00,0x00,0x08,0x01,0x01,0x00,0x08,0x02,0x01,0x00,0x08,0x03,
  0x01,0x00,0x08,0x04,0x01,0x00,0x08,0x06,0x01,0x00,0x2E,0x2C,0x01,0x00,0x08,0x7E,
  0x00,0x00,0x08,0x07,0xBE,0x02,0x08,0x06,0x02,0x00,0x2E,0x32,0x00,0x00,0x08,0x7E,
  0x5D,0x01,0x08,0x00,0x62,0x01,0x28,0x35,0x00,0x00,0x08,0x78,0x02,0x00,0x29,0x55,
  0x01,0x00,0x08,0x79,0x01,0x00,0x2A,0x4E,0x01,0x00,0x08,0x7A,0x01,0x00,0x2B,0x4A,
  0x01,0x00,0x08,0x7B,0x02,0x00,0x2C,0x55,0x00,0x00,0x08,0x7C,0x00,0x00,0x08,0x05,
  0x02,0x00,0x2D,0x25,0x00,0x00,0x08,0x7D,0x01,0x00,0x08,0x06,0x02,0x00,0x2E,0x25,
  0x00,0x00,0x08,0x7E,0xB6,0x02,0x08,0x06,0x02,0x00,0x2E,0x2A,0x00,0x00,0x08,0x7E,
  0xC1,0x02,0x08,0x06,0x01,0x00,0x2E,0x2E,0x01,0x00,0x08,0x7E,0xBE,0x02,0x08,0x00,
  0x02,0x00,0x08,0x06,0x02,0x00,0x2E,0x35,0x01,0x00,0x08,0x7E,0xBE,0x02,0x08,0x78,
  0x03,0x00,0x08,0x06,0x02,0x00,0x2E,0x25,0x00,0x00,0x08,0x7E,0xC0,0x02,0x08,0x06,
  0x01,0x00,0x2E,0x2A,0x00,0x00,0x08,0x7E,0x5D,0x01,0x08,0x00,0x62,0x01,0x08,0x78,
  0x03,0x00,0x08,0x06,0x02,0x00,0x2E,0x2E,0x00,0x00,0x08,0x7E,0x02,0x00,0x08,0x7F,
  0xBE,0x02,0x08,0x06,0x01,0x00,0x2E,0x35,0x01,0x00,0x08,0x7E,0x5C,0x01,0x08,0x00,
  0x63,0x01,0x08,0x78,0x02,0x00,0x08,0x06,0x02,0x00,0x2E,0x25,0x00,0x00,0x08,0x7E,
  0xC0,0x02,0x08,0x06,0x01,0x00,0x2E,0x2A,0x01,0x00,0x08,0x7E,0x5C,0x01,0x08,0x00,
  0x63,0x01,0x08,0x78,0x02,0x00,0x08,0x06,0x02,0x00,0x2E,0x2E,0x00,0x00,0x08,0x7E,
  0x00,0x00,0x08,0x07,0x02,0x00,0x08,0x7F,0xBE,0x02,0x08,0x06,0x01,0x00,0x2E,0x35,
  0x00,0x00,0x08,0x7E,0x5D,0x01,0x08,0x00,0x63,0x01,0x08,0x78,0x03,0x00,0x08,0x06,
  0x01,0x00,0x2E,0x25,0x01,0x00,0x08,0x7E,0xBF,0x02,0x08,0x06,0x02,0x00,0x2E,0x2A,
  0x00,0x00,0x08,0x7E,0x5D,0x01,0x08,0x00,0x62,0x01,0x08,0x78,0x00,0x00,0x08,0x01,
  0x01,0x00,0x08,0x02,0x01,0x00,0x08,0x03,0x01,0x00,0x08,0x04,0x01,0x00,0x08,0x06,
  0x01,0x00,0x2E,0x2E,0x01,0x00,0x08,0x7E,0x00,0x00,0x08,0x07,0xBE,0x02,0x08,0x06,
  0x02,0x00,0x2E,0x35,0x00,0x00,0x08,0x7E,0x5D,0x01,0x08,0x00,0x62,0x01,0x28,0x39,
  0x00,0x00,0x08,0x78,0x02,0x00,0x29,0x59,0x01,0x00,0x08,0x79,0x01,0x00,0x2A,0x52,
  0x01,0x00,0x08,0x7A,0x02,0x00,0x2B,0x4E,0x00,0x00,0x08,0x7B,0x01,0x00,0x2C,0x59,
  0x01,0x00,0x08,0x7C,0x00,0x00,0x08,0x05,0x02,0x00,0x2D,0x29,0x00,0x00,0x08,0x7D,
  0x00,0x00,0x08,0x06,0x03,0x00,0x2E,0x1E,0x00,0x00,0x08,0x7E,0xB6,0x02,0x08,0x06,
  0x02,0x00,0x2E,0x22,0x00,0x00,0x08,0x7E,0xC1,0x02,0x08,0x06,0x01,0x00,0x2E,0x29,
  0x01,0x00,0x08,0x7E,0xBE,0x02,0x08,0x00,0x03,0x00,0x08,0x06,0x01,0x00,0x2E,0x2E,
  0x01,0x00,0x08,0x7E,0xBE,0x02,0x08,0x78,0x03,0x00,0x08,0x06,0x02,0x00,0x2E,0x1E,
  0x00,0x00,0x08,0x7E,0x02,0x00,0x08,0x7F,0xBD,0x02,0x08,0x06,0x02,0x00,0x2E,0x22,
  0x00,0x00,0x08,0x7E,0x5D,0x01,0x08,0x00,0x62,0x01,0x08,0x78,0x03,0x00,0x08,0x06,
  0x02,0x00,0x2E,0x29,0x00,0x00,0x08,0x7E,0x00,0x00,0x08,0x07,0x02,0x00,0x08,0x7F,
  0xBB,0x02,0x08,0x01,0x01,0x00,0x08,0x02,0x01,0x00,0x08,0x03,0x01,0x00,0x08,0x04,
  0x01,0x00,0x08,0x06,0x01,0x00,0x2E,0x2E,0x00,0x00,0x08,0x7E,0x5C,0x01,0x08,0x00,
  0x63,0x01,0x28,0x38,0x00,0x00,0x08,0x78,0x02,0x00,0x29,0x58,0x00,0x00,0x08,0x79,
  0x02,0x00,0x2A,0x51,0x00,0x00,0x08,0x7A,0x02,0x00,0x2B,0x4D,0x01,0x00,0x08,0x7B,
  0x01,0x00,0x2C,0x58,0x01,0x00,0x08,0x7C,0x00,0x00,0x08,0x05,0x02,0x00,0x2D,0x28,
  0x00,0x00,0x08,0x7D,0x01,0x00,0x08,0x06,0x02,0x00,0x2E,0x28,0x00,0x00,0x08,0x7E,
  0x00,0x00,0x08,0x07,0xB6,0x02,0x08,0x06,0x01,0x00,0x2E,0x2D,0x01,0x00,0x08,0x7E,
  0xC4,0x02,0x08,0x06,0x02,0x00,0x2E,0x31,0x00,0x00,0x08,0x7E,0xBA,0x02,0x08,0x00,
  0x03,0x00,0x08,0x06,0x02,0x00,0x2E,0x38,0x00,0x00,0x08,0x7E,0xBF,0x02,0x08,0x78,
  0x03,0x00,0x08,0x06,0x01,0x00,0x2E,0x28,0x01,0x00,0x08,0x7E,0x01,0x00,0x08,0x7F,
  0x02,0x00,0x1B,0x00,0xBC,0x02,0x08,0x06,0x02,0x00,0x2E,0x2D,0x00,0x00,0x08,0x7E,
  0x5C,0x01,0x08,0x00,0x63,0x01,0x08,0x78,0x03,0x00,0x08,0x06,0x01,0x00,0x2E,0x31,
  0x01,0x00,0x08,0x7E,0x00,0x00,0x08,0x07,0x02,0x00,0x08,0x7F,0xBD,0x02,0x08,0x06,
  0x02,0x00,0x2E,0x38,0x00,0x00,0x08,0x7E,0x5C,0x01,0x08,0x00,0x63,0x01,0x08,0x78,
  0x03,0x00,0x08,0x06,0x02,0x00,0x2E,0x28,0x00,0x00,0x08,0x7E,0x00,0x00,0x08,0x07,
  0x02,0x00,0x08,0x7F,0xBB,0x02,0x08,0x01,0x00,0x00,0x08,0x02,0x01,0x00,0x08,0x03,
  0x01,0x00,0x08,0x04,0x01,0x00,0x08,0x06,0x02,0x00,0x2E,0x2D,0x00,0x00,0x08,0x7E,
  0x5C,0x01,0x08,0x00,0x62,0x01,0x28,0x2E,0x01,0x00,0x08,0x78,0x01,0x00,0x29,0x4E,
  0x01,0x00,0x08,0x79,0x02,0x00,0x2A,0x48,0x00,0x00,0x08,0x7A,0x01,0x00,0x2B,0x42,
  0x01,0x00,0x08,0x7B,0x02,0x00,0x2C,0x4E,0x00,0x00,0x08,0x7C,0x00,0x00,0x08,0x05,
  0x02,0x00,0x45,0x78,0x00,0x00,0x4D,0x34,0x00,0x00,0x55,0x78,0x00,0x00,0x5D,0x34,
  0x00,0x00,0x65,0x21,0x01,0x00,0x6D,0x18,0x00,0x00,0x75,0x04,0x00,0x00,0x7D,0x00,
  0x01,0x00,0x95,0x1F,0x00,0x00,0xA5,0x00,0x00,0x00,0xAD,0x00,0x00,0x00,0xB5,0x0A,
  0x01,0x00,0xBD,0x0A,0x00,0x00,0xC5,0x00,0x00,0x00,0xCD,0x00,0x00,0x00,0xD5,0x00,
  0x00,0x00,0xDD,0x00,0x01,0x00,0xE5,0x00,0x00,0x00,0xED,0x00,0x00,0x00,0xF5,0x16,
  0x00,0x00,0xFD,0x16,0x02,0x00,0x75,0x11,0x00,0x00,0x7D,0x0D,0x00,0x00,0x25,0xFC,
  0x01,0x00,0x2D,0x1E,0x00,0x00,0x08,0x7D,0x01,0x00,0x08,0x06,0x01,0x00,0x08,0x07,
  0x85,0x04,0x08,0x01,0x01,0x00,0x08,0x02,0x01,0x00,0x08,0x03,0x00,0x00,0x08,0x04,
  0xEB,0x00,0x29,0x58,0x00,0x00,0x08,0x79,0x02,0x00,0x2A,0x52,0x00,0x00,0x08,0x7A,
  0x02,0x00,0x2B,0x4E,0x00,0x00,0x08,0x7B,0x02,0x00,0x2C,0x58,0x00,0x00,0x08,0x7C,
  0x01,0x00,0x08,0x05,0x01,0x00,0x2D,0x28,0x01,0x00,0x08,0x7D,0x02,0x00,0x47,0x00,
  0x00,0x00,0x4F,0x70,0x00,0x00,0x57,0x0E,0x00,0x00,0x5F,0x00,0x00,0x00,0x67,0x07,
  0x01,0x00,0x6F,0x13,0x00,0x00,0x77,0x0E,0x00,0x00,0x7F,0x02,0x00,0x00,0x87,0x1F,
  0x01,0x00,0x97,0x1F,0x00,0x00,0x9F,0x1F,0x00,0x00,0xA7,0x01,0x00,0x00,0xAF,0x16,
  0x00,0x00,0xB7,0x0D,0x01,0x00,0xBF,0x14,0x00,0x00,0xC7,0xC0,0x00,0x00,0xCF,0x07,
  0x00,0x00,0xD7,0x4F,0x00,0x00,0xDF,0x54,0x00,0x00,0xE7,0xC5,0x00,0x00,0xEF,0x68,
  0x01,0x00,0xF7,0xFA,0x00,0x00,0xFF,0xF8,0x02,0x00,0x77,0x10,0x00,0x00,0x7F,0x04,
  0x00,0x00,0x27,0xF4,0x01,0x00,0x2F,0x6C,0x00,0x00,0x08,0x7F,0xAE,0x02,0x08,0x00,
  0xD8,0x01,0x08,0x01,0x01,0x00,0x08,0x02,0x01,0x00,0x08,0x03,0x00,0x00,0x08,0x04,
  0xEB,0x00,0x29,0x55,0x01,0x00,0x08,0x79,0x01,0x00,0x2A,0x51,0x01,0x00,0x08,0x7A,
  0x01,0x00,0x2B,0x4C,0x01,0x00,0x08,0x7B,0x01,0x00,0x2C,0x55,0x01,0x00,0x08,0x7C,
  0x00,0x00,0x08,0x05,0x02,0x00,0x2D,0x25,0x00,0x00,0x08,0x7D,0x01,0x00,0x08,0x07,
  0x02,0x00,0x08,0x7F,0x8C,0x04,0x08,0x01,0x01,0x00,0x08,0x02,0x01,0x00,0x08,0x03,
  0x00,0x00,0x08,0x04,0xEB,0x00,0x29,0x52,0x01,0x00,0x08,0x79,0x01,0x00,0x2A,0x4E,
  0x00,0x00,0x08,0x7A,0x02,0x00,0x2B,0x49,0x01,0x00,0x08,0x7B,0x02,0x00,0x2C,0x52,
  0x00,0x00,0x08,0x7C,0x00,0x00,0x08,0x05,0x02,0x00,0x2D,0x22,0x00,0x00,0x08,0x7D,
  0x01,0x00,0x08,0x07,0x02,0x00,0x08,0x7F,0x8C,0x04,0x08,0x01,0x01,0x00,0x08,0x02,
  0x01,0x00,0x08,0x03,0x01,0x00,0x08,0x04,0xEB,0x00,0x29,0x51,0x00,0x00,0x08,0x79,
  0x02,0x00,0x2A,0x4C,0x00,0x00,0x08,0x7A,0x02,0x00,0x2B,0x48,0x00,0x00,0x08,0x7B,
  0x01,0x00,0x2C,0x51,0x01,0x00,0x08,0x7C,0x00,0x00,0x08,0x05,0x02,0x00,0x2D,0x21,
  0x00,0x00,0x08,0x7D,0x02,0x00,0x08,0x07,0x01,0x00,0x08,0x7F,0x8C,0x04,0x08,0x01,
  0x01,0x00,0x08,0x02,0x01,0x00,0x08,0x03,0x01,0x00,0x08,0x04,0xEB,0x00,0x29,0x4E,
  0x00,0x00,0x08,0x79,0x02,0x00,0x2A,0x49,0x00,0x00,0x08,0x7A,0x02,0x00,0x2B,0x45,
  0x00,0x00,0x08,0x7B,0x02,0x00,0x2C,0x4E,0x00,0x00,0x08,0x7C,0x01,0x00,0x08,0x05,
  0x01,0x00,0x2D,0x1E,0x00,0x00,0x08,0x7D,0x02,0x00,0x08,0x07,0x01,0x00,0x08,0x7F,
  0x8D,0x04,0x08,0x01,0x00,0x00,0x08,0x02,0x01,0x00,0x08,0x03,0x01,0x00,0x08,0x04,
  0xEA,0x00,0x28,0x2C,0x00,0x00,0x08,0x78,0x02,0x00,0x29,0x4C,0x00,0x00,0x08,0x79,
  0x02,0x00,0x2A,0x48,0x00,0x00,0x08,0x7A,0x02,0x00,0x2B,0x42,0x01,0x00,0x08,0x7B,
  0x01,0x00,0x2C,0x4C,0x01,0x00,0x08,0x7C,0x00,0x00,0x08,0x05,0x02,0x00,0x2D,0x1C,
  0x00,0x00,0x08,0x7D,0x01,0x00,0x08,0x07,0x16,0x04,0x08,0x00,0x77,0x00,0x08,0x01,
  0x00,0x00,0x08,0x02,0x01,0x00,0x08,0x03,0x01,0x00,0x08,0x04,0xEA,0x00,0x28,0x2E,
  0x00,0x00,0x08,0x78,0x02,0x00,0x29,0x4E,0x01,0x00,0x08,0x79,0x01,0x00,0x08,0x7A,
  0x02,0x00,0x08,0x7B,0x02,0x00,0x2C,0x4E,0x00,0x00,0x08,0x7C,0x01,0x00,0x08,0x05,
  0x02,0x00,0x2D,0x1E,0x00,0x00,0x08,0x7D,0x82,0x05,0x08,0x7F,0xBA,0x02,0x08,0x00,
  0xD7,0x01,0x08,0x01,0x01,0x00,0x08,0x02,0x01,0x00,0x08,0x03,0x00,0x00,0x08,0x04,
  0xEB,0x00,0x29,0x58,0x00,0x00,0x08,0x79,0x02,0x00,0x2A,0x52,0x00,0x00,0x08,0x7A,
  0x02,0x00,0x2B,0x4E,0x00,0x00,0x08,0x7B,0x02,0x00,0x2C,0x58,0x01,0x00,0x08,0x7C,
  0x00,0x00,0x08,0x05,0x02,0x00,0x2D,0x28,0x00,0x00,0x08,0x7D,0x01,0x00,0x08,0x07,
  0x02,0x00,0x08,0x7F,0x8C,0x04,0x08,0x01,0x01,0x00,0x08,0x02,0x01,0x00,0x08,0x03,
  0x00,0x00,0x08,0x04,0xEB,0x00,0x29,0x55,0x00,0x00,0x08,0x79,0x02,0x00,0x2A,0x51,
  0x01,0x00,0x08,0x7A,0x01,0x00,0x2B,0x4C,0x01,0x00,0x08,0x7B,0x01,0x00,0x2C,0x55,
  0x01,0x00,0x08,0x7C,0x00,0x00,0x08,0x05,0x02,0x00,0x2D,0x25,0x00,0x00,0x08,0x7D,
  0x01,0x00,0x08,0x07,0x02,0x00,0x08,0x7F,0x8C,0x04,0x08,0x01,0x01,0x00,0x08,0x02,
  0x01,0x00,0x08,0x03,0x00,0x00,0x08,0x04,0xEB,0x00,0x29,0x52,0x01,0x00,0x08,0x79,
  0x01,0x00,0x2A,0x4E,0x01,0x00,0x08,0x7A,0x01,0x00,0x2B,0x49,0x01,0x00,0x08,0x7B,
  0x01,0x00,0x2C,0x52,0x01,0x00,0x08,0x7C,0x00,0x00,0x08,0x05,0x02,0x00,0x2D,0x22,
  0x00,0x00,0x08,0x7D,0x01,0x00,0x08,0x07,0x02,0x00,0x08,0x7F,0x8C,0x04,0x08,0x01,
  0x01,0x00,0x08,0x02,0x01,0x00,0x08,0x03,0x00,0x00,0x08,0x04,0xEB,0x00,0x29,0x51,
  0x01,0x00,0x08,0x79,0x01,0x00,0x2A,0x4C,0x01,0x00,0x08,0x7A,0x01,0x00,0x2B,0x48,
  0x01,0x00,0x08,0x7B,0x02,0x00,0x2C,0x51,0x00,0x00,0x08,0x7C,0x00,0x00,0x08,0x05,
  0x02,0x00,0x2D,0x21,0x00,0x00,0x08,0x7D,0x01,0x00,0x08,0x07,0x02,0x00,0x08,0x7F,
  0x8C,0x04,0x08,0x01,0x01,0x00,0x08,0x02,0x01,0x00,0x08,0x03,0x01,0x00,0x08,0x04,
  0xEA,0x00,0x29,0x4E,0x01,0x00,0x08,0x79,0x02,0x00,0x2A,0x49,0x00,0x00,0x08,0x7A,
  0x02,0x00,0x2B,0x45,0x00,0x00,0x08,0x7B,0x02,0x00,0x2C,0x4E,0x00,0x00,0x08,0x7C,
  0x01,0x00,0x08,0x05,0x01,0x00,0x2D,0x1E,0x00,0x00,0x08,0x7D,0x02,0x00,0x08,0x07,
  0x01,0x00,0x08,0x7F,0x8D,0x04,0x08,0x01,0x00,0x00,0x08,0x02,0x01,0x00,0x08,0x03,
  0x01,0x00,0x08,0x04,0xEA,0x00,0x28,0x2C,0x00,0x00,0x08,0x78,0x02,0x00,0x29,0x4C,
  0x00,0x00,0x08,0x79,0x02,0x00,0x2A,0x48,0x00,0x00,0x08,0x7A,0x02,0x00,0x2B,0x42,
  0x00,0x00,0x08,0x7B,0x02,0x00,0x2C,0x4C,0x01,0x00,0x08,0x7C,0x00,0x00,0x08,0x05,
  0x02,0x00,0x2D,0x1C,0x00,0x00,0x08,0x7D,0x01,0x00,0x08,0x07,0x16,0x04,0x08,0x00,
  0x77,0x00,0x08,0x01,0x00,0x00,0x08,0x02,0x01,0x00,0x08,0x03,0x01,0x00,0x08,0x04,
  0xEA,0x00,0x28,0x2E,0x01,0x00,0x08,0x78,0x02,0x00,0x29,0x4E,0x00,0x00,0x08,0x79,
  0x02,0x00,0x08,0x7A,0x02,0x00,0x08,0x7B,0x02,0x00,0x2C,0x4E,0x00,0x00,0x08,0x7C,
  0x00,0x00,0x08,0x05,0x02,0x00,0x2D,0x1E,0x00,0x00,0x08,0x7D,0x82,0x05,0x08,0x7F,
  0x1B,0x04,0x30,0xD4,0x00,0x00,0x28,0x2C,0x76,0x00,0x30,0x94,0x00,0x00,0x28,0x2A,
  0x00,0x00,0x08,0x01,0x01,0x00,0x08,0x02,0x01,0x00,0x08,0x03,0x00,0x00,0x08,0x04,
  0x73,0x00,0x30,0x54,0x01,0x00,0x28,0x29,0x76,0x00,0x30,0x14,0x00,0x00,0x28,0x28,
  0x02,0x00,0x29,0x58,0x00,0x00,0x08,0x79,0x02,0x00,0x2A,0x52,0x00,0x00,0x08,0x7A,
  0x02,0x00,0x2B,0x4E,0x01,0x00,0x08,0x7B,0x01,0x00,0x2C,0x58,0x00,0x00,0x08,0x7C,
  0x01,0x00,0x08,0x05,0x02,0x00,0x2D,0x28,0x00,0x00,0x08,0x7D,0x01,0x00,0x08,0x07,
  0x02,0x00,0x08,0x7F,0xC8,0x01,0x08,0x00,0xC3,0x02,0x08,0x01,0x01,0x00,0x08,0x02,
  0x00,0x00,0x08,0x03,0x01,0x00,0x08,0x04,0xEB,0x00,0x29,0x55,0x00,0x00,0x08,0x79,
  0x02,0x00,0x2A,0x51,0x01,0x00,0x08,0x7A,0x01,0x00,0x2B,0x4C,0x01,0x00,0x08,0x7B,
  0x01,0x00,0x2C,0x55,0x01,0x00,0x08,0x7C,0x00,0x00,0x08,0x05,0x02,0x00,0x2D,0x25,
  0x00,0x00,0x08,0x7D,0x01,0x00,0x08,0x07,0x02,0x00,0x08,0x7F,0x8C,0x04,0x08,0x01,
  0x01,0x00,0x08,0x02,0x01,0x00,0x08,0x03,0x00,0x00,0x08,0x04,0xEB,0x00,0x29,0x52,
  0x00,0x00,0x08,0x79,0x02,0x00,0x2A,0x4E,0x00,0x00,0x08,0x7A,0x02,0x00,0x2B,0x49,
  0x01,0x00,0x08,0x7B,0x01,0x00,0x2C,0x52,0x01,0x00,0x08,0x7C,0x00,0x00,0x08,0x05,
  0x02,0x00,0x2D,0x22,0x00,0x00,0x08,0x7D,0x01,0x00,0x08,0x07,0x02,0x00,0x08,0x7F,
  0x8C,0x04,0x08,0x01,0x01,0x00,0x08,0x02,0x01,0x00,0x08,0x03,0x00,0x00,0x08,0x04,
  0xEB,0x00,0x29,0x51,0x01,0x00,0x08,0x79,0x02,0x00,0x2A,0x4C,0x00,0x00,0x08,0x7A,
  0x01,0x00,0x2B,0x48,0x01,0x00,0x08,0x7B,0x01,0x00,0x2C,0x51,0x01,0x00,0x08,0x7C,
  0x00,0x00,0x08,0x05,0x02,0x00,0x2D,0x21,0x00,0x00,0x08,0x7D,0x01,0x00,0x08,0x07,
  0x02,0x00,0x08,0x7F,0x8D,0x04,0x08,0x01,0x00,0x00,0x08,0x02,0x01,0x00,0x08,0x03,
  0x01,0x00,0x08,0x04,0xEA,0x00,0x29,0x4E,0x00,0x00,0x08,0x79,0x03,0x00,0x2A,0x49,
  0x00,0x00,0x08,0x7A,0x02,0x00,0x2B,0x45,0x00,0x00,0x08,0x7B,0x02,0x00,0x2C,0x4E,
  0x00,0x00,0x08,0x7C,0x00,0x00,0x08,0x05,0x02,0x00,0x2D,0x1E,0x00,0x00,0x08,0x7D,
  0x01,0x00,0x08,0x07,0x02,0x00,0x08,0x7F,0x8C,0x04,0x08,0x01,0x01,0x00,0x08,0x02,
  0x01,0x00,0x08,0x03,0x01,0x00,0x08,0x04,0xEA,0x00,0x29,0x4C,0x01,0x00,0x08,0x79,
  0x02,0x00,0x2A,0x48,0x00,0x00,0x08,0x7A,0x02,0x00,0x2B,0x42,0x00,0x00,0x08,0x7B,
  0x02,0x00,0x2C,0x4C,0x00,0x00,0x08,0x7C,0x01,0x00,0x08,0x05,0x01,0x00,0x2D,0x1C,
  0x00,0x00,0x08,0x7D,0x02,0x00,0x08,0x07,0x01,0x00,0x08,0x7F,0x8D,0x04,0x08,0x01,
  0x00,0x00,0x08,0x02,0x01,0x00,0x08,0x03,0x01,0x00,0x08,0x04,0xEA,0x00,0x08,0x78,
  0x02,0x00,0x29,0x4E,0x00,0x00,0x08,0x79,0x02,0x00,0x08,0x7A,0x02,0x00,0x2B,0x41,
  0x00,0x00,0x08,0x7B,0x02,0x00,0x2C,0x4E,0x00,0x00,0x08,0x7C,0x00,0x00,0x08,0x05,
  0x02,0x00,0x75,0x0E,0x00,0x00,0x7D,0x0A,0x01,0x00,0x2D,0x28,0x00,0x00,0x08,0x7D,
  0x02,0x00,0x2E,0x2E,0x00,0x00,0x08,0x7E,0x01,0x00,0x08,0x07,0x3B,0x08,0x08,0x05,
  0x01,0x00,0x2D,0x31,0x01,0x00,0x08,0x7D,0x5D,0x01,0x08,0x00,0x62,0x01,0x08,0x78,
  0x02,0x00,0x08,0x05,0x02,0x00,0x2D,0x38,0x00,0x00,0x08,0x7D,0xC0,0x02,0x08,0x05,
  0x01,0x00,0x2D,0x3E,0x01,0x00,0x08,0x7D,0x5D,0x01,0x08,0x00,0x62,0x01,0x08,0x78,
  0x03,0x00,0x08,0x05,0x01,0x00,0x2D,0x28,0x01,0x00,0x08,0x7D,0xBD,0x02,0x08,0x01,
  0x01,0x00,0x08,0x02,0x01,0x00,0x08,0x03,0x00,0x00,0x08,0x04,0x01,0x00,0x08,0x05,
  0x02,0x00,0x2D,0x31,0x00,0x00,0x08,0x7D,0x5C,0x01,0x08,0x00,0x62,0x01,0x08,0x78,
  0x02,0x00,0x29,0x4D,0x01,0x00,0x08,0x79,0x02,0x00,0x08,0x7A,0x01,0x00,0x08,0x7B,
  0x02,0x00,0x2C,0x4D,0x00,0x00,0x08,0x7C,0x01,0x00,0x08,0x05,0x02,0x00,0x2D,0x38,
  0x00,0x00,0x08,0x7D,0x00,0x00,0x08,0x06,0x02,0x00,0x2E,0x2D,0x00,0x00,0x08,0x7E,
  0xB7,0x02,0x08,0x05,0x02,0x00,0x2D,0x3E,0x00,0x00,0x08,0x7D,0xC4,0x02,0x08,0x05,
  0x02,0x00,0x75,0x0C,0x00,0x00,0x7D,0x08,0x01,0x00,0x25,0x7C,0x01,0x00,0x2D,0x28,
  0x00,0x00,0x08,0x7D,0xBB,0x02,0x08,0x05,0x02,0x00,0x2D,0x31,0x00,0x00,0x08,0x7D,
  0x5D,0x01,0x08,0x00,0x63,0x01,0x08,0x78,0x02,0x00,0x08,0x05,0x02,0x00,0x2D,0x38,
  0x00,0x00,0x08,0x7D,0xBF,0x02,0x08,0x05,0x02,0x00,0x2D,0x3D,0x00,0x00,0x08,0x7D,
  0x5D,0x01,0x08,0x00,0x63,0x01,0x08,0x78,0x02,0x00,0x08,0x05,0x02,0x00,0x75,0x11,
  0x00,0x00,0x7D,0x0D,0x00,0x00,0x25,0xBC,0x01,0x00,0x2D,0x38,0x00,0x00,0x08,0x7D,
  0xBE,0x02,0x08,0x05,0x02,0x00,0x2D,0x41,0x00,0x00,0x08,0x7D,0x5D,0x01,0x08,0x00,
  0x63,0x01,0x08,0x78,0x02,0x00,0x08,0x05,0x02,0x00,0x2D,0x48,0x00,0x00,0x08,0x7D,
  0xBE,0x02,0x08,0x01,0x00,0x00,0x08,0x02,0x01,0x00,0x08,0x03,0x01,0x00,0x08,0x04,
  0x00,0x00,0x08,0x05,0x02,0x00,0x2D,0x4D,0x01,0x00,0x08,0x7D,0x5B,0x01,0x08,0x00,
  0x63,0x01,0x28,0x2E,0x01,0x00,0x08,0x78,0x04,0x00,0x79,0x00,0x04,0x00,0x79,0x0A,
  0x01,0x00,0x21,0xFA,0x00,0x00,0x29,0x4E,0x01,0x00,0x08,0x79,0x03,0x00,0x7A,0x00,
  0x05,0x00,0x7A,0x0D,0x01,0x00,0x08,0x7A,0x03,0x00,0x2B,0x42,0x00,0x00,0x08,0x7B,
  0x02,0x00,0x44,0x75,0x01,0x00,0x54,0x32,0x00,0x00,0x5C,0x31,0x00,0x00,0x64,0x14,
  0x00,0x00,0x6C,0x00,0x01,0x00,0x74,0x0A,0x00,0x00,0x7C,0x00,0x00,0x00,0x84,0x1F,
  0x00,0x00,0x8C,0x14,0x00,0x00,0x94,0x14,0x00,0x00,0x9C,0x14,0x01,0x00,0xA4,0x00,
  0x00,0x00,0xAC,0x00,0x00,0x00,0xB4,0x00,0x00,0x00,0xBC,0x00,0x00,0x00,0xC4,0x00,
  0x01,0x00,0xD4,0x00,0x00,0x00,0xDC,0x00,0x00,0x00,0xE4,0x07,0x01,0x00,0xEC,0x07,
  0x00,0x00,0xF4,0x07,0x00,0x00,0xFC,0x07,0x01,0x00,0x6C,0x0D,0x01,0x00,0x74,0x17,
  0x00,0x00,0x7C,0x0D,0x00,0x00,0x24,0xEE,0x01,0x00,0x34,0x14,0x00,0x00,0x2C,0x4E,
  0x00,0x00,0x08,0x7C,0x01,0x00,0x08,0x05,0x01,0x00,0x08,0x06,0x04,0x00,0x47,0x22,
  0x00,0x00,0x4F,0xA7,0x00,0x00,0x57,0x94,0x00,0x00,0x5F,0xB2,0x00,0x00,0x67,0x29,
  0x01,0x00,0x6F,0x18,0x00,0x00,0x77,0x15,0x00,0x00,0x7F,0x00,0x00,0x00,0x87,0x1A,
  0x01,0x00,0x97,0x1A,0x00,0x00,0x9F,0x1A,0x00,0x00,0xA7,0x00,0x01,0x00,0xAF,0x12,
  0x00,0x00,0xB7,0x04,0x00,0x00,0xBF,0x12,0x00,0x00,0xC7,0x40,0x00,0x00,0xCF,0x83,
  0x00,0x00,0xD7,0xC0,0x01,0x00,0xDF,0x0A,0x00,0x00,0xE7,0x02,0x00,0x00,0xEF,0x36,
  0x00,0x00,0xF7,0x22,0x00,0x00,0xFF,0x18,0x02,0x00,0x7F,0x0A,0x00,0x00,0x27,0xFB,
  0x01,0x00,0x2F,0x3C,0x00,0x00,0x08,0x7F,0xF5,0x03,0x08,0x00,0x62,0x01,0x08,0x78,
  0x23,0x04,0x08,0x00,0x62,0x01,0x08,0x78,0x04,0x00,0x45,0x75,0x00,0x00,0x4D,0x73,
  0x00,0x00,0x55,0x32,0x01,0x00,0x5D,0x31,0x00,0x00,0x65,0x14,0x00,0x00,0x6D,0x00,
  0x01,0x00,0x75,0x0A,0x00,0x00,0x7D,0x00,0x00,0x00,0x8D,0x14,0x00,0x00,0x95,0x14,
  0x00,0x00,0x9D,0x14,0x01,0x00,0xB5,0x00,0x00,0x00,0xBD,0x00,0x01,0x00,0xE5,0x07,
  0x00,0x00,0xED,0x07,0x01,0x00,0xF5,0x07,0x00,0x00,0xFD,0x07,0x01,0x00,0x6D,0x12,
  0x00,0x00,0x75,0x1C,0x01,0x00,0x7D,0x12,0x00,0x00,0x25,0xEE,0x01,0x00,0x35,0x28,
  0x00,0x00,0x2D,0x4E,0x00,0x00,0x08,0x7D,0x01,0x00,0x08,0x07,0x02,0x00,0x08,0x7F,
  0x2A,0x03,0x34,0x30,0x76,0x00,0x34,0x4C,0x74,0x00,0x08,0x00,0x02,0x00,0x34,0x68,
  0x76,0x00,0x34,0x84,0x76,0x00,0x34,0x68,0x74,0x00,0x08,0x78,0x02,0x00,0x34,0x4C,
  0x75,0x00,0x34,0x30,0x76,0x00,0x34,0x14,0x75,0x00,0x34,0xF8,0x01,0x00,0x2C,0x4D,
  0x75,0x00,0x34,0xDC,0x76,0x00,0x34,0xC0,0x76,0x00,0x34,0xA4,0x75,0x00,0x34,0xC0,
  0x76,0x00,0x34,0xDC,0x74,0x00,0x08,0x00,0x02,0x00,0x34,0xF8,0x76,0x00,0x34,0x14,
  0x00,0x00,0x2C,0x4E,0x75,0x00,0x34,0x30,0x75,0x00,0x08,0x78,0x02,0x00,0x34,0x4C,
  0x02,0x00,0x08,0x07,0x02,0x00,0x08,0x7F,0x71,0x00,0x34,0x68,0x76,0x00,0x34,0x84,
  0x76,0x00,0x34,0x68,0x76,0x00,0x34,0x4C,0x75,0x00,0x34,0x30,0x76,0x00,0x34,0x14,
  0x76,0x00,0x34,0xF8,0x00,0x00,0x2C,0x4D,0x01,0x00,0x35,0x44,0x74,0x00,0x34,0xDC,
  0x02,0x00,0x35,0x60,0x72,0x00,0x08,0x00,0x03,0x00,0x34,0xC0,0x01,0x00,0x35,0x7C,
  0x74,0x00,0x34,0xA4,0x01,0x00,0x35,0x98,0x75,0x00,0x34,0xC0,0x01,0x00,0x35,0x7C,
  0x74,0x00,0x08,0x78,0x02,0x00,0x34,0xDC,0x01,0x00,0x35,0x60,0x73,0x00,0x34,0xF8,
  0x01,0x00,0x35,0x44,0x75,0x00,0x34,0x14,0x00,0x00,0x2C,0x4E,0x01,0x00,0x35,0x28,
  0x75,0x00,0x34,0x30,0x01,0x00,0x35,0x0C,0x74,0x00,0x34,0x4C,0x02,0x00,0x35,0xF0,
  0x00,0x00,0x2D,0x4D,0x74,0x00,0x34,0x68,0x01,0x00,0x35,0xD4,0x75,0x00,0x34,0x84,
  0x01,0x00,0x35,0xB8,0x75,0x00,0x34,0x68,0x01,0x00,0x35,0xD4,0x75,0x00,0x34,0x4C,
  0x01,0x00,0x35,0xF0,0x72,0x00,0x08,0x00,0x03,0x00,0x34,0x30,0x01,0x00,0x35,0x0C,
  0x00,0x00,0x2D,0x4E,0x74,0x00,0x34,0x14,0x01,0x00,0x35,0x28,0x75,0x00,0x34,0xF8,
  0x00,0x00,0x2C,0x4D,0x01,0x00,0x35,0x44,0x74,0x00,0x08,0x78,0x05,0x00,0x34,0xDC,
  0x01,0x00,0x35,0x60,0x01,0x00,0x08,0x07,0x70,0x00,0x34,0xC0,0x00,0x00,0x35,0x7C,
  0x75,0x00,0x34,0xA4,0x01,0x00,0x35,0x98,0x75,0x00,0x34,0xC0,0x01,0x00,0x35,0x7C,
  0x75,0x00,0x34,0xDC,0x01,0x00,0x35,0x60,0x75,0x00,0x34,0xF8,0x00,0x00,0x35,0x44,
  0x75,0x00,0x34,0x14,0x01,0x00,0x2C,0x4E,0x00,0x00,0x35,0x28,0x75,0x00,0x34,0x30,
  0x01,0x00,0x35,0x0C,0x75,0x00,0x34,0x4C,0x01,0x00,0x35,0xF0,0x00,0x00,0x2D,0x4D,
  0x72,0x00,0x08,0x00,0x03,0x00,0x34,0x68,0x01,0x00,0x35,0xD4,0x73,0x00,0x08,0x01,
  0x00,0x00,0x08,0x02,0x01,0x00,0x08,0x03,0x01,0x00,0x08,0x04,0x01,0x00,0x34,0x84,
  0x01,0x00,0x35,0xB8,0x73,0x00,0x34,0x68,0x01,0x00,0x35,0xD4,0x74,0x00,0x28,0x2C,
  0x00,0x00,0x08,0x78,0x02,0x00,0x29,0x51,0x00,0x00,0x08,0x79,0x02,0x00,0x2A,0x3C,
  0x00,0x00,0x08,0x7A,0x02,0x00,0x2B,0x45,0x00,0x00,0x08,0x7B,0x02,0x00,0x34,0x14,
  0x00,0x00,0x2C,0x51,0x01,0x00,0x08,0x7C,0x01,0x00,0x35,0xF0,0x6D,0x00,0x35,0x0C,
  0x00,0x00,0x2D,0x4E,0x76,0x00,0x35,0x28,0x76,0x00,0x35,0x44,0x75,0x00,0x35,0x60,
  0x76,0x00,0x35,0x7C,0x76,0x00,0x35,0x98,0x75,0x00,0x35,0x7C,0x76,0x00,0x35,0x60,
  0x76,0x00,0x35,0x44,0x76,0x00,0x35,0x28,0x76,0x00,0x35,0x0C,0x76,0x00,0x35,0xF0,
  0x01,0x00,0x2D,0x4D,0x74,0x00,0x35,0xD4,0x76,0x00,0x35,0xB8,0x76,0x00,0x35,0xD4,
  0x76,0x00,0x35,0xF0,0x75,0x00,0x35,0x0C,0x00,0x00,0x2D,0x4E,0x73,0x00,0x08,0x00,
  0x03,0x00,0x35,0x28,0x76,0x00,0x35,0x44,0x76,0x00,0x35,0x60,0x75,0x00,0x35,0x7C,
  0x76,0x00,0x35,0x98,0x76,0x00,0x35,0x7C,0x74,0x00,0x08,0x78,0x02,0x00,0x08,0x05,
  0x02,0x00,0x35,0x28,0x00,0x00,0x2D,0x51,0x01,0x00,0x08,0x7D,0x35,0x03,0x34,0x30,
  0x75,0x00,0x34,0x4C,0x74,0x00,0x08,0x00,0x02,0x00,0x34,0x68,0x76,0x00,0x34,0x84,
  0x75,0x00,0x34,0x68,0x75,0x00,0x08,0x78,0x02,0x00,0x34,0x4C,0x04,0x00,0x08,0x7F,
  0x71,0x00,0x34,0x30,0x76,0x00,0x34,0x14,0x76,0x00,0x34,0xF8,0x00,0x00,0x2C,0x50,
  0x75,0x00,0x34,0xDC,0x76,0x00,0x34,0xC0,0x76,0x00,0x34,0xA4,0x75,0x00,0x34,0xC0,
  0x76,0x00,0x34,0xDC,0x74,0x00,0x08,0x00,0x02,0x00,0x34,0xF8,0x76,0x00,0x34,0x14,
  0x00,0x00,0x2C,0x51,0x76,0x00,0x34,0x30,0x74,0x00,0x08,0x78,0x03,0x00,0x34,0x4C,
  0x74,0x00,0x34,0x68,0x76,0x00,0x34,0x84,0x76,0x00,0x34,0x68,0x76,0x00,0x34,0x4C,
  0x75,0x00,0x34,0x30,0x76,0x00,0x34,0x14,0x76,0x00,0x34,0xF8,0x00,0x00,0x2C,0x50,
  0x01,0x00,0x35,0x44,0x74,0x00,0x34,0xDC,0x02,0x00,0x35,0x60,0x72,0x00,0x08,0x00,
  0x02,0x00,0x34,0xC0,0x02,0x00,0x35,0x7C,0x74,0x00,0x34,0xA4,0x01,0x00,0x35,0x98,
  0x75,0x00,0x34,0xC0,0x01,0x00,0x35,0x7C,0x73,0x00,0x08,0x78,0x03,0x00,0x34,0xDC,
  0x01,0x00,0x35,0x60,0x01,0x00,0x08,0x07,0x02,0x00,0x08,0x7F,0x70,0x00,0x34,0xF8,
  0x01,0x00,0x35,0x44,0x75,0x00,0x34,0x14,0x00,0x00,0x2C,0x51,0x01,0x00,0x35,0x28,
  0x75,0x00,0x34,0x30,0x01,0x00,0x35,0x0C,0x75,0x00,0x34,0x4C,0x01,0x00,0x35,0xF0,
  0x00,0x00,0x2D,0x50,0x74,0x00,0x34,0x68,0x01,0x00,0x35,0xD4,0x75,0x00,0x34,0x84,
  0x01,0x00,0x35,0xB8,0x75,0x00,0x34,0x68,0x01,0x00,0x35,0xD4,0x75,0x00,0x34,0x4C,
  0x01,0x00,0x35,0xF0,0x72,0x00,0x08,0x00,0x03,0x00,0x34,0x30,0x01,0x00,0x35,0x0C,
  0x00,0x00,0x2D,0x51,0x74,0x00,0x34,0x14,0x01,0x00,0x35,0x28,0x75,0x00,0x34,0xF8,
  0x00,0x00,0x2C,0x50,0x01,0x00,0x35,0x44,0x74,0x00,0x08,0x78,0x02,0x00,0x34,0xDC,
  0x01,0x00,0x35,0x60,0x73,0x00,0x34,0xC0,0x02,0x00,0x35,0x7C,0x74,0x00,0x34,0xA4,
  0x01,0x00,0x35,0x98,0x75,0x00,0x34,0xC0,0x01,0x00,0x35,0x7C,0x75,0x00,0x34,0xDC,
  0x01,0x00,0x35,0x60,0x74,0x00,0x34,0xF8,0x01,0x00,0x35,0x44,0x75,0x00,0x34,0x14,
  0x00,0x00,0x2C,0x51,0x01,0x00,0x35,0x28,0x75,0x00,0x34,0x30,0x01,0x00,0x35,0x0C,
  0x75,0x00,0x34,0x4C,0x01,0x00,0x35,0xF0,0x00,0x00,0x2D,0x50,0x72,0x00,0x08,0x00,
  0x03,0x00,0x34,0x68,0x01,0x00,0x35,0xD4,0x74,0x00,0x34,0x84,0x01,0x00,0x35,0xB8,
  0x75,0x00,0x34,0x68,0x01,0x00,0x35,0xD4,0x74,0x00,0x08,0x78,0x00,0x00,0x08,0x01,
  0x01,0x00,0x08,0x02,0x01,0x00,0x08,0x03,0x00,0x00,0x08,0x04,0x01,0x00,0x34,0x4C,
  0x01,0x00,0x35,0xF0,0x01,0x00,0x08,0x07,0x72,0x00,0x34,0x30,0x01,0x00,0x35,0x0C,
  0x00,0x00,0x2D,0x51,0x74,0x00,0x34,0x14,0x01,0x00,0x35,0x28,0x75,0x00,0x34,0xF8,
  0x00,0x00,0x2C,0x50,0x01,0x00,0x35,0x44,0x75,0x00,0x34,0xDC,0x01,0x00,0x35,0x60,
  0x74,0x00,0x34,0xC0,0x02,0x00,0x35,0x7C,0x74,0x00,0x34,0xA4,0x01,0x00,0x35,0x98,
  0x75,0x00,0x34,0xC0,0x01,0x00,0x35,0x7C,0x75,0x00,0x34,0xDC,0x01,0x00,0x35,0x60,
  0x72,0x00,0x08,0x00,0x03,0x00,0x34,0xF8,0x01,0x00,0x35,0x44,0x74,0x00,0x34,0x14,
  0x00,0x00,0x2C,0x51,0x01,0x00,0x35,0x28,0x75,0x00,0x34,0x30,0x01,0x00,0x35,0x0C,
  0x74,0x00,0x28,0x29,0x00,0x00,0x08,0x78,0x02,0x00,0x29,0x52,0x00,0x00,0x08,0x79,
  0x02,0x00,0x2A,0x3E,0x01,0x00,0x08,0x7A,0x02,0x00,0x2B,0x48,0x00,0x00,0x08,0x7B,
  0x02,0x00,0x34,0x14,0x00,0x00,0x2C,0x52,0x00,0x00,0x08,0x7C,0x01,0x00,0x35,0xF0,
  0x01,0x00,0x2D,0x50,0x6C,0x00,0x35,0xD4,0x76,0x00,0x35,0xB8,0x75,0x00,0x35,0xD4,
  0x76,0x00,0x35,0xF0,0x76,0x00,0x35,0x0C,0x00,0x00,0x2D,0x51,0x76,0x00,0x35,0x28,
  0x76,0x00,0x35,0x44,0x75,0x00,0x35,0x60,0x76,0x00,0x35,0x7C,0x76,0x00,0x35,0x98,
  0x76,0x00,0x35,0x7C,0x79,0x00,0x35,0x60,0x72,0x00,0x35,0x44,0x76,0x00,0x35,0x28,
  0x76,0x00,0x35,0x0C,0x76,0x00,0x35,0xF0,0x00,0x00,0x2D,0x50,0x75,0x00,0x35,0xD4,
  0x73,0x00,0x08,0x00,0x03,0x00,0x35,0xB8,0x76,0x00,0x35,0xD4,0x76,0x00,0x35,0xF0,
  0x75,0x00,0x35,0x0C,0x01,0x00,0x2D,0x51,0x75,0x00,0x35,0x28,0x76,0x00,0x35,0x44,
  0x74,0x00,0x08,0x78,0x02,0x00,0x08,0x05,0x02,0x00,0x35,0x28,0x00,0x00,0x2D,0x52,
  0x01,0x00,0x08,0x7D,0x34,0x03,0x34,0x30,0x76,0x00,0x34,0x4C,0x74,0x00,0x08,0x00,
  0x02,0x00,0x34,0x68,0x76,0x00,0x34,0x84,0x75,0x00,0x34,0x68,0x75,0x00,0x08,0x78,
  0x02,0x00,0x34,0x4C,0x04,0x00,0x08,0x7F,0x71,0x00,0x34,0x30,0x76,0x00,0x34,0x14,
  0x76,0x00,0x34,0xF8,0x00,0x00,0x2C,0x51,0x75,0x00,0x34,0xDC,0x76,0x00,0x34,0xC0,
  0x76,0x00,0x34,0xA4,0x76,0x00,0x34,0xC0,0x75,0x00,0x34,0xDC,0x74,0x00,0x08,0x00,
  0x02,0x00,0x34,0xF8,0x76,0x00,0x34,0x14,0x00,0x00,0x2C,0x52,0x76,0x00,0x34,0x30,
  0x74,0x00,0x08,0x78,0x02,0x00,0x34,0x4C,0x75,0x00,0x34,0x68,0x76,0x00,0x34,0x84,
  0x76,0x00,0x34,0x68,0x75,0x00,0x34,0x4C,0x76,0x00,0x34,0x30,0x76,0x00,0x34,0x14,
  0x76,0x00,0x34,0xF8,0x00,0x00,0x2C,0x51,0x01,0x00,0x35,0x44,0x74,0x00,0x34,0xDC,
  0x01,0x00,0x35,0x60,0x73,0x00,0x08,0x00,0x02,0x00,0x34,0xC0,0x02,0x00,0x35,0x7C,
  0x74,0x00,0x34,0xA4,0x01,0x00,0x35,0x98,0x75,0x00,0x34,0xC0,0x01,0x00,0x35,0x7C,
  0x73,0x00,0x08,0x78,0x03,0x00,0x34,0xDC,0x01,0x00,0x35,0x60,0x01,0x00,0x08,0x07,
  0x01,0x00,0x08,0x7F,0x71,0x00,0x34,0xF8,0x01,0x00,0x35,0x44,0x75,0x00,0x34,0x14,
  0x00,0x00,0x2C,0x52,0x01,0x00,0x35,0x28,0x75,0x00,0x34,0x30,0x01,0x00,0x35,0x0C,
  0x74,0x00,0x34,0x4C,0x02,0x00,0x35,0xF0,0x00,0x00,0x2D,0x51,0x74,0x00,0x34,0x68,
  0x01,0x00,0x35,0xD4,0x75,0x00,0x34,0x84,0x01,0x00,0x35,0xB8,0x75,0x00,0x34,0x68,
  0x01,0x00,0x35,0xD4,0x74,0x00,0x34,0x4C,0x02,0x00,0x35,0xF0,0x72,0x00,0x08,0x00,
  0x03,0x00,0x34,0x30,0x01,0x00,0x35,0x0C,0x00,0x00,0x2D,0x52,0x74,0x00,0x34,0x14,
  0x01,0x00,0x35,0x28,0x75,0x00,0x34,0xF8,0x00,0x00,0x2C,0x51,0x01,0x00,0x35,0x44,
  0x74,0x00,0x08,0x78,0x02,0x00,0x34,0xDC,0x01,0x00,0x35,0x60,0x01,0x00,0x08,0x07,
  0x01,0x00,0x08,0x7F,0x71,0x00,0x34,0xC0,0x01,0x00,0x35,0x7C,0x75,0x00,0x34,0xA4,
  0x01,0x00,0x35,0x98,0x75,0x00,0x34,0xC0,0x01,0x00,0x35,0x7C,0x75,0x00,0x34,0xDC,
  0x01,0x00,0x35,0x60,0x74,0x00,0x34,0xF8,0x01,0x00,0x35,0x44,0x75,0x00,0x34,0x14,
  0x00,0x00,0x2C,0x52,0x01,0x00,0x35,0x28,0x75,0x00,0x34,0x30,0x01,0x00,0x35,0x0C,
  0x75,0x00,0x34,0x4C,0x01,0x00,0x35,0xF0,0x00,0x00,0x2D,0x51,0x72,0x00,0x08,0x00,
  0x03,0x00,0x34,0x68,0x01,0x00,0x35,0xD4,0x74,0x00,0x34,0x84,0x01,0x00,0x35,0xB8,
  0x75,0x00,0x34,0x68,0x01,0x00,0x35,0xD4,0x74,0x00,0x28,0x39,0x00,0x00,0x08,0x78,
  0x02,0x00,0x34,0x4C,0x01,0x00,0x35,0xF0,0x01,0x00,0x08,0x07,0x02,0x00,0x08,0x7F,
  0x71,0x00,0x34,0x30,0x01,0x00,0x35,0x0C,0x00,0x00,0x2D,0x52,0x74,0x00,0x34,0x14,
  0x01,0x00,0x35,0x28,0x76,0x00,0x34,0xF8,0x00,0x00,0x2C,0x51,0x01,0x00,0x35,0x44,
  0x74,0x00,0x34,0xDC,0x01,0x00,0x35,0x60,0x74,0x00,0x34,0xC0,0x02,0x00,0x35,0x7C,
  0x74,0x00,0x34,0xA4,0x01,0x00,0x35,0x98,0x75,0x00,0x34,0xC0,0x01,0x00,0x35,0x7C,
  0x75,0x00,0x34,0xDC,0x01,0x00,0x35,0x60,0x72,0x00,0x08,0x00,0x03,0x00,0x34,0xF8,
  0x01,0x00,0x35,0x44,0x74,0x00,0x34,0x14,0x00,0x00,0x2C,0x52,0x01,0x00,0x35,0x28,
  0x75,0x00,0x34,0x30,0x01,0x00,0x35,0x0C,0x74,0x00,0x28,0x29,0x00,0x00,0x08,0x78,
  0x02,0x00,0x34,0x4C,0x01,0x00,0x35,0xF0,0x01,0x00,0x2D,0x51,0x73,0x00,0x34,0x68,
  0x01,0x00,0x35,0xD4,0x74,0x00,0x34,0x84,0x01,0x00,0x35,0xB8,0x75,0x00,0x34,0x68,
  0x01,0x00,0x35,0xD4,0x75,0x00,0x34,0x4C,0x01,0x00,0x35,0xF0,0x75,0x00,0x34,0x30,
  0x01,0x00,0x35,0x0C,0x00,0x00,0x2D,0x52,0x74,0x00,0x34,0x14,0x01,0x00,0x35,0x28,
  0x75,0x00,0x34,0xF8,0x00,0x00,0x2C,0x51,0x01,0x00,0x35,0x44,0x75,0x00,0x34,0xDC,
  0x01,0x00,0x35,0x60,0x72,0x00,0x08,0x00,0x03,0x00,0x34,0xC0,0x01,0x00,0x35,0x7C,
  0x74,0x00,0x34,0xA4,0x02,0x00,0x35,0x98,0x74,0x00,0x34,0xC0,0x01,0x00,0x35,0x7C,
  0x74,0x00,0x08,0x78,0x02,0x00,0x34,0xDC,0x01,0x00,0x35,0x60,0x02,0x00,0x08,0x07,
  0x01,0x00,0x08,0x7F,0x71,0x00,0x34,0xF8,0x01,0x00,0x35,0x44,0x74,0x00,0x34,0x14,
  0x00,0x00,0x2C,0x52,0x01,0x00,0x35,0x28,0x75,0x00,0x34,0x30,0x01,0x00,0x35,0x0C,
  0x75,0x00,0x34,0x4C,0x01,0x00,0x35,0xF0,0x00,0x00,0x2D,0x51,0x75,0x00,0x34,0x68,
  0x01,0x00,0x35,0xD4,0x74,0x00,0x34,0x84,0x02,0x00,0x35,0xB8,0x74,0x00,0x34,0x68,
  0x01,0x00,0x35,0xD4,0x75,0x00,0x34,0x4C,0x01,0x00,0x35,0xF0,0x72,0x00,0x08,0x00,
  0x03,0x00,0x34,0x30,0x01,0x00,0x35,0x0C,0x00,0x00,0x2D,0x52,0x74,0x00,0x34,0x14,
  0x02,0x00,0x35,0x28,0x74,0x00,0x34,0xF8,0x00,0x00,0x2C,0x51,0x01,0x00,0x35,0x44,
  0x74,0x00,0x08,0x78,0x02,0x00,0x34,0xDC,0x02,0x00,0x35,0x60,0x73,0x00,0x34,0xC0,
  0x01,0x00,0x35,0x7C,0x75,0x00,0x34,0xA4,0x01,0x00,0x35,0x98,0x74,0x00,0x34,0xC0,
  0x01,0x00,0x35,0x7C,0x75,0x00,0x34,0xDC,0x01,0x00,0x35,0x60,0x75,0x00,0x34,0xF8,
  0x01,0x00,0x35,0x44,0x75,0x00,0x34,0x14,0x00,0x00,0x2C,0x52,0x01,0x00,0x35,0x28,
  0x74,0x00,0x34,0x30,0x01,0x00,0x35,0x0C,0x75,0x00,0x34,0x4C,0x01,0x00,0x35,0xF0,
  0x00,0x00,0x2D,0x51,0x73,0x00,0x08,0x00,0x02,0x00,0x34,0x68,0x01,0x00,0x35,0xD4,
  0x75,0x00,0x34,0x84,0x01,0x00,0x35,0xB8,0x75,0x00,0x34,0x68,0x00,0x00,0x35,0xD4,
  0x74,0x00,0x08,0x78,0x03,0x00,0x34,0x4C,0x01,0x00,0x35,0xF0,0x01,0x00,0x08,0x07,
  0x01,0x00,0x08,0x7F,0x71,0x00,0x34,0x30,0x01,0x00,0x35,0x0C,0x00,0x00,0x2D,0x52,
  0x75,0x00,0x34,0x14,0x01,0x00,0x35,0x28,0x74,0x00,0x34,0xF8,0x00,0x00,0x2C,0x51,
  0x01,0x00,0x35,0x44,0x75,0x00,0x34,0xDC,0x01,0x00,0x35,0x60,0x75,0x00,0x34,0xC0,
  0x01,0x00,0x35,0x7C,0x75,0x00,0x34,0xA4,0x01,0x00,0x35,0x98,0x74,0x00,0x34,0xC0,
  0x02,0x00,0x35,0x7C,0x74,0x00,0x34,0xDC,0x01,0x00,0x35,0x60,0x73,0x00,0x08,0x00,
  0x02,0x00,0x34,0xF8,0x01,0x00,0x35,0x44,0x75,0x00,0x34,0x14,0x00,0x00,0x2C,0x52,
  0x01,0x00,0x35,0x28,0x74,0x00,0x34,0x30,0x02,0x00,0x35,0x0C,0x73,0x00,0x08,0x78,
  0x03,0x00,0x34,0x4C,0x01,0x00,0x35,0xF0,0x00,0x00,0x2D,0x51,0x73,0x00,0x34,0x68,
  0x01,0x00,0x35,0xD4,0x75,0x00,0x34,0x84,0x01,0x00,0x35,0xB8,0x75,0x00,0x34,0x68,
  0x01,0x00,0x35,0xD4,0x74,0x00,0x34,0x4C,0x01,0x00,0x35,0xF0,0x75,0x00,0x34,0x30,
  0x01,0x00,0x35,0x0C,0x00,0x00,0x2D,0x52,0x75,0x00,0x34,0x14,0x01,0x00,0x35,0x28,
  0x75,0x00,0x34,0xF8,0x00,0x00,0x2C,0x51,0x01,0x00,0x35,0x44,0x74,0x00,0x34,0xDC,
  0x01,0x00,0x35,0x60,0x73,0x00,0x08,0x00,0x02,0x00,0x34,0xC0,0x02,0x00,0x35,0x7C,
  0x74,0x00,0x34,0xA4,0x01,0x00,0x35,0x98,0x75,0x00,0x34,0xC0,0x01,0x00,0x35,0x7C,
  0x74,0x00,0x08,0x78,0x02,0x00,0x34,0xDC,0x01,0x00,0x35,0x60,0x01,0x00,0x08,0x07,
  0x01,0x00,0x08,0x7F,0x71,0x00,0x34,0xF8,0x01,0x00,0x35,0x44,0x75,0x00,0x34,0x14,
  0x00,0x00,0x2C,0x52,0x01,0x00,0x35,0x28,0x75,0x00,0x34,0x30,0x01,0x00,0x35,0x0C,
  0x74,0x00,0x34,0x4C,0x01,0x00,0x35,0xF0,0x01,0x00,0x2D,0x51,0x74,0x00,0x34,0x68,
  0x01,0x00,0x35,0xD4,0x75,0x00,0x34,0x84,0x01,0x00,0x35,0xB8,0x75,0x00,0x34,0x68,
  0x01,0x00,0x35,0xD4,0x74,0x00,0x34,0x4C,0x02,0x00,0x35,0xF0,0x72,0x00,0x08,0x00,
  0x03,0x00,0x34,0x30,0x01,0x00,0x35,0x0C,0x00,0x00,0x2D,0x52,0x74,0x00,0x34,0x14,
  0x01,0x00,0x35,0x28,0x75,0x00,0x34,0xF8,0x00,0x00,0x2C,0x51,0x01,0x00,0x35,0x44,
  0x74,0x00,0x08,0x78,0x02,0x00,0x34,0xDC,0x01,0x00,0x35,0x60,0x73,0x00,0x34,0xC0,
  0x01,0x00,0x35,0x7C,0x75,0x00,0x34,0xA4,0x01,0x00,0x35,0x98,0x75,0x00,0x34,0xC0,
  0x01,0x00,0x35,0x7C,0x75,0x00,0x34,0xDC,0x01,0x00,0x35,0x60,0x74,0x00,0x34,0xF8,
  0x01,0x00,0x35,0x44,0x75,0x00,0x34,0x14,0x00,0x00,0x2C,0x52,0x01,0x00,0x35,0x28,
  0x75,0x00,0x34,0x30,0x01,0x00,0x35,0x0C,0x75,0x00,0x34,0x4C,0x01,0x00,0x35,0xF0,
  0x00,0x00,0x2D,0x51,0x72,0x00,0x08,0x00,0x03,0x00,0x34,0x68,0x01,0x00,0x35,0xD4,
  0x74,0x00,0x34,0x84,0x01,0x00,0x35,0xB8,0x75,0x00,0x34,0x68,0x01,0x00,0x35,0xD4,
  0x74,0x00,0x08,0x78,0x00,0x00,0x08,0x01,0x01,0x00,0x08,0x02,0x01,0x00,0x08,0x03,
  0x00,0x00,0x08,0x04,0x01,0x00,0x34,0x4C,0x01,0x00,0x35,0xF0,0x01,0x00,0x08,0x07,
  0x02,0x00,0x08,0x7F,0x6F,0x00,0x34,0x30,0x01,0x00,0x35,0x0C,0x01,0x00,0x2D,0x52,
  0x74,0x00,0x34,0x14,0x01,0x00,0x35,0x28,0x75,0x00,0x34,0xF8,0x00,0x00,0x2C,0x51,
  0x01,0x00,0x35,0x44,0x75,0x00,0x34,0xDC,0x01,0x00,0x35,0x60,0x74,0x00,0x34,0xC0,
  0x02,0x00,0x35,0x7C,0x74,0x00,0x34,0xA4,0x01,0x00,0x35,0x98,0x75,0x00,0x34,0xC0,
  0x01,0x00,0x35,0x7C,0x75,0x00,0x34,0xDC,0x01,0x00,0x35,0x60,0x72,0x00,0x08,0x00,
  0x03,0x00,0x34,0xF8,0x01,0x00,0x35,0x44,0x74,0x00,0x34,0x14,0x00,0x00,0x2C,0x52,
  0x01,0x00,0x35,0x28,0x75,0x00,0x34,0x30,0x01,0x00,0x35,0x0C,0x74,0x00,0x08,0x78,
  0x02,0x00,0x34,0x4C,0x01,0x00,0x35,0xF0,0x00,0x00,0x2D,0x51,0x74,0x00,0x34,0x68,
  0x01,0x00,0x35,0xD4,0x75,0x00,0x34,0x84,0x01,0x00,0x35,0xB8,0x74,0x00,0x34,0x68,
  0x01,0x00,0x35,0xD4,0x75,0x00,0x34,0x4C,0x01,0x00,0x35,0xF0,0x75,0x00,0x34,0x30,
  0x01,0x00,0x35,0x0C,0x00,0x00,0x2D,0x52,0x74,0x00,0x34,0x14,0x01,0x00,0x35,0x28,
  0x75,0x00,0x34,0xF8,0x00,0x00,0x2C,0x51,0x01,0x00,0x35,0x44,0x75,0x00,0x34,0xDC,
  0x01,0x00,0x35,0x60,0x72,0x00,0x08,0x00,0x03,0x00,0x34,0xC0,0x01,0x00,0x35,0x7C,
  0x75,0x00,0x34,0xA4,0x01,0x00,0x35,0x98,0x74,0x00,0x34,0xC0,0x01,0x00,0x35,0x7C,
  0x74,0x00,0x28,0x28,0x00,0x00,0x08,0x78,0x02,0x00,0x29,0x51,0x00,0x00,0x08,0x79,
  0x02,0x00,0x2A,0x4C,0x01,0x00,0x08,0x7A,0x01,0x00,0x08,0x7B,0x02,0x00,0x34,0x14,
  0x00,0x00,0x2C,0x55,0x01,0x00,0x08,0x7C,0x00,0x00,0x35,0x60,0x03,0x00,0x76,0x04,
  0x00,0x00,0x7E,0x00,0x05,0x00,0x76,0x11,0x00,0x00,0x7E,0x0D,0x01,0x00,0x2E,0x21,
  0x00,0x00,0x08,0x7E,0x01,0x00,0x08,0x07,0x01,0x00,0x08,0x7F,0x63,0x00,0x35,0x44,
  0x76,0x00,0x35,0x28,0x76,0x00,0x35,0x0C,0x75,0x00,0x35,0xF0,0x01,0x00,0x2D,0x51,
  0x75,0x00,0x35,0xD4,0x76,0x00,0x35,0xB8,0x76,0x00,0x35,0xD4,0x76,0x00,0x35,0xF0,
  0x72,0x00,0x08,0x00,0x04,0x00,0x35,0x0C,0x00,0x00,0x2D,0x52,0x75,0x00,0x35,0x28,
  0x76,0x00,0x35,0x44,0x74,0x00,0x08,0x78,0x03,0x00,0x35,0x60,0x74,0x00,0x35,0x7C,
  0x76,0x00,0x35,0x98,0x76,0x00,0x35,0x7C,0x76,0x00,0x35,0x60,0x75,0x00,0x35,0x44,
  0x76,0x00,0x35,0x28,0x76,0x00,0x35,0x0C,0x76,0x00,0x35,0xF0,0x00,0x00,0x2D,0x51,
  0x73,0x00,0x08,0x00,0x03,0x00,0x35,0xD4,0x75,0x00,0x35,0xB8,0x76,0x00,0x35,0xD4,
  0x74,0x00,0x08,0x78,0x03,0x00,0x08,0x05,0x01,0x00,0x35,0x28,0x00,0x00,0x2D,0x55,
  0x01,0x00,0x08,0x7D,0x00,0x00,0x08,0x07,0x02,0x00,0x08,0x7F,0x32,0x03,0x34,0x30,
  0x76,0x00,0x34,0x4C,0x74,0x00,0x08,0x00,0x02,0x00,0x34,0x68,0x76,0x00,0x34,0x84,
  0x75,0x00,0x34,0x68,0x75,0x00,0x08,0x78,0x02,0x00,0x34,0x4C,0x75,0x00,0x34,0x30,
  0x76,0x00,0x34,0x14,0x76,0x00,0x34,0xF8,0x00,0x00,0x2C,0x54,0x75,0x00,0x34,0xDC,
  0x76,0x00,0x34,0xC0,0x76,0x00,0x34,0xA4,0x76,0x00,0x34,0xC0,0x75,0x00,0x34,0xDC,
  0x73,0x00,0x08,0x00,0x03,0x00,0x34,0xF8,0x76,0x00,0x34,0x14,0x00,0x00,0x2C,0x55,
  0x76,0x00,0x34,0x30,0x74,0x00,0x08,0x78,0x03,0x00,0x34,0x4C,0x01,0x00,0x08,0x07,
  0x02,0x00,0x08,0x7F,0x71,0x00,0x34,0x68,0x76,0x00,0x34,0x84,0x76,0x00,0x34,0x68,
  0x75,0x00,0x34,0x4C,0x76,0x00,0x34,0x30,0x76,0x00,0x34,0x14,0x76,0x00,0x34,0xF8,
  0x00,0x00,0x2C,0x54,0x01,0x00,0x35,0x44,0x74,0x00,0x34,0xDC,0x01,0x00,0x35,0x60,
  0x73,0x00,0x08,0x00,0x02,0x00,0x34,0xC0,0x01,0x00,0x35,0x7C,0x75,0x00,0x34,0xA4,
  0x01,0x00,0x35,0x98,0x75,0x00,0x34,0xC0,0x01,0x00,0x35,0x7C,0x74,0x00,0x08,0x78,
  0x02,0x00,0x34,0xDC,0x01,0x00,0x35,0x60,0x73,0x00,0x34,0xF8,0x01,0x00,0x35,0x44,
  0x75,0x00,0x34,0x14,0x00,0x00,0x2C,0x55,0x01,0x00,0x35,0x28,0x75,0x00,0x34,0x30,
  0x01,0x00,0x35,0x0C,0x74,0x00,0x34,0x4C,0x02,0x00,0x35,0xF0,0x00,0x00,0x2D,0x54,
  0x74,0x00,0x34,0x68,0x01,0x00,0x35,0xD4,0x75,0x00,0x34,0x84,0x01,0x00,0x35,0xB8,
  0x75,0x00,0x34,0x68,0x01,0x00,0x35,0xD4,0x75,0x00,0x34,0x4C,0x01,0x00,0x35,0xF0,
  0x72,0x00,0x08,0x00,0x03,0x00,0x34,0x30,0x01,0x00,0x35,0x0C,0x00,0x00,0x2D,0x55,
  0x74,0x00,0x34,0x14,0x01,0x00,0x35,0x28,0x75,0x00,0x34,0xF8,0x00,0x00,0x2C,0x54,
  0x01,0x00,0x35,0x44,0x73,0x00,0x28,0x38,0x01,0x00,0x08,0x78,0x02,0x00,0x34,0xDC,
  0x01,0x00,0x35,0x60,0x01,0x00,0x08,0x07,0x02,0x00,0x08,0x7F,0x70,0x00,0x34,0xC0,
  0x01,0x00,0x35,0x7C,0x75,0x00,0x34,0xA4,0x01,0x00,0x35,0x98,0x75,0x00,0x34,0xC0,
  0x01,0x00,0x35,0x7C,0x75,0x00,0x34,0xDC,0x01,0x00,0x35,0x60,0x74,0x00,0x34,0xF8,
  0x02,0x00,0x35,0x44,0x74,0x00,0x34,0x14,0x00,0x00,0x2C,0x55,0x01,0x00,0x35,0x28,
  0x75,0x00,0x34,0x30,0x01,0x00,0x35,0x0C,0x75,0x00,0x34,0x4C,0x00,0x00,0x35,0xF0,
  0x01,0x00,0x2D,0x54,0x72,0x00,0x08,0x00,0x03,0x00,0x34,0x68,0x01,0x00,0x35,0xD4,
  0x74,0x00,0x34,0x84,0x01,0x00,0x35,0xB8,0x75,0x00,0x34,0x68,0x01,0x00,0x35,0xD4,
  0x74,0x00,0x28,0x28,0x00,0x00,0x08,0x78,0x02,0x00,0x08,0x04,0x01,0x00,0x34,0x4C,
  0x01,0x00,0x35,0xF0,0x72,0x00,0x34,0x30,0x02,0x00,0x35,0x0C,0x00,0x00,0x2D,0x55,
  0x74,0x00,0x34,0x14,0x01,0x00,0x35,0x28,0x75,0x00,0x34,0xF8,0x00,0x00,0x2C,0x54,
  0x01,0x00,0x35,0x44,0x75,0x00,0x34,0xDC,0x01,0x00,0x35,0x60,0x75,0x00,0x34,0xC0,
  0x01,0x00,0x35,0x7C,0x74,0x00,0x34,0xA4,0x01,0x00,0x35,0x98,0x75,0x00,0x34,0xC0,
  0x01,0x00,0x35,0x7C,0x75,0x00,0x34,0xDC,0x01,0x00,0x35,0x60,0x72,0x00,0x08,0x00,
  0x03,0x00,0x34,0xF8,0x01,0x00,0x35,0x44,0x75,0x00,0x34,0x14,0x00,0x00,0x2C,0x55,
  0x00,0x00,0x35,0x28,0x75,0x00,0x34,0x30,0x01,0x00,0x35,0x0C,0x74,0x00,0x08,0x78,
  0x03,0x00,0x34,0x14,0x00,0x00,0x2C,0x51,0x01,0x00,0x08,0x7C,0x01,0x00,0x35,0xF0,
  0x00,0x00,0x2D,0x54,0x00,0x00,0x08,0x06,0x02,0x00,0x2E,0x1C,0x00,0x00,0x08,0x7E,
  0x00,0x00,0x08,0x07,0x02,0x00,0x08,0x7F,0x6E,0x00,0x35,0xD4,0x76,0x00,0x35,0xB8,
  0x76,0x00,0x35,0xD4,0x75,0x00,0x35,0xF0,0x76,0x00,0x35,0x0C,0x00,0x00,0x2D,0x55,
  0x76,0x00,0x35,0x28,0x76,0x00,0x35,0x44,0x76,0x00,0x35,0x60,0x72,0x00,0x08,0x00,
  0x04,0x00,0x35,0x7C,0x75,0x00,0x35,0x98,0x76,0x00,0x35,0x7C,0x74,0x00,0x08,0x78,
  0x03,0x00,0x35,0x60,0x74,0x00,0x35,0x44,0x76,0x00,0x35,0x28,0x76,0x00,0x35,0x0C,
  0x75,0x00,0x35,0xF0,0x01,0x00,0x2D,0x54,0x75,0x00,0x35,0xD4,0x76,0x00,0x35,0xB8,
  0x76,0x00,0x35,0xD4,0x76,0x00,0x35,0xF0,0x72,0x00,0x08,0x00,0x04,0x00,0x35,0x0C,
  0x00,0x00,0x2D,0x55,0x75,0x00,0x35,0x28,0x76,0x00,0x35,0x44,0x74,0x00,0x28,0x38,
  0x00,0x00,0x08,0x78,0x03,0x00,0x08,0x05,0x01,0x00,0x35,0x28,0x01,0x00,0x2D,0x51,
  0x00,0x00,0x08,0x7D,0x01,0x00,0x08,0x07,0x02,0x00,0x08,0x7F,0x31,0x03,0x34,0x30,
  0x76,0x00,0x34,0x4C,0x74,0x00,0x08,0x00,0x02,0x00,0x34,0x68,0x76,0x00,0x34,0x84,
  0x75,0x00,0x34,0x68,0x75,0x00,0x28,0x28,0x01,0x00,0x08,0x78,0x02,0x00,0x34,0x4C,
  0x74,0x00,0x34,0x30,0x76,0x00,0x34,0x14,0x76,0x00,0x34,0xF8,0x00,0x00,0x2C,0x50,
  0x75,0x00,0x34,0xDC,0x76,0x00,0x34,0xC0,0x75,0x00,0x08,0x04,0x01,0x00,0x34,0xA4,
  0x76,0x00,0x34,0xC0,0x75,0x00,0x34,0xDC,0x74,0x00,0x08,0x00,0x02,0x00,0x34,0xF8,
  0x76,0x00,0x34,0x14,0x00,0x00,0x2C,0x51,0x76,0x00,0x34,0x30,0x74,0x00,0x08,0x78,
  0x03,0x00,0x34,0x14,0x01,0x00,0x2C,0x4C,0x00,0x00,0x08,0x7C,0x01,0x00,0x08,0x06,
  0x02,0x00,0x2E,0x18,0x00,0x00,0x08,0x7E,0x00,0x00,0x08,0x07,0x02,0x00,0x08,0x7F,
  0x31,0x03,0x35,0x44,0x76,0x00,0x35,0x60,0x73,0x00,0x08,0x00,0x03,0x00,0x35,0x7C,
  0x75,0x00,0x35,0x98,0x76,0x00,0x35,0x7C,0x74,0x00,0x08,0x78,0x03,0x00,0x35,0x60,
  0x75,0x00,0x35,0x44,0x75,0x00,0x35,0x28,0x76,0x00,0x35,0x0C,0x76,0x00,0x35,0xF0,
  0x00,0x00,0x2D,0x50,0x76,0x00,0x35,0xD4,0x76,0x00,0x35,0xB8,0x75,0x00,0x35,0xD4,
  0x76,0x00,0x35,0xF0,0x73,0x00,0x08,0x00,0x03,0x00,0x35,0x0C,0x00,0x00,0x2D,0x51,
  0x76,0x00,0x35,0x28,0x75,0x00,0x35,0x44,0x74,0x00,0x08,0x78,0x01,0x00,0x08,0x01,
  0x01,0x00,0x08,0x02,0x00,0x00,0x08,0x03,0x02,0x00,0x08,0x05,0x01,0x00,0x35,0x28,
  0x01,0x00,0x2D,0x4C,0x00,0x00,0x08,0x7D,0x01,0x00,0x08,0x07,0x01,0x00,0x08,0x7F,
  0x32,0x03,0x34,0x30,0x76,0x00,0x34,0x4C,0x73,0x00,0x08,0x00,0x03,0x00,0x34,0x68,
  0x75,0x00,0x34,0x84,0x76,0x00,0x34,0x68,0x75,0x00,0x08,0x78,0x02,0x00,0x34,0x4C,
  0x74,0x00,0x34,0x30,0x76,0x00,0x34,0x14,0x76,0x00,0x34,0xF8,0x00,0x00,0x2C,0x4A,
  0x76,0x00,0x34,0xDC,0x76,0x00,0x34,0xC0,0x75,0x00,0x08,0x04,0x01,0x00,0x34,0xA4,
  0x75,0x00,0x34,0xC0,0x75,0x00,0x34,0xDC,0x74,0x00,0x08,0x00,0x03,0x00,0x34,0xF8,
  0x75,0x00,0x34,0x14,0x00,0x00,0x2C,0x4C,0x76,0x00,0x34,0x30,0x75,0x00,0x28,0x2E,
  0x00,0x00,0x08,0x78,0x02,0x00,0x29,0x4E,0x01,0x00,0x08,0x79,0x02,0x00,0x2A,0x48,
  0x00,0x00,0x08,0x7A,0x02,0x00,0x2B,0x42,0x00,0x00,0x08,0x7B,0x02,0x00,0x34,0x14,
  0x00,0x00,0x2C,0x4E,0x00,0x00,0x08,0x7C,0x02,0x00,0x08,0x06,0xFF,0xFF,0xFF,0xFF,
};
